2026-03-13 07:17:24,125 - Main - INFO - --- Iniciando Sistema de Generación de Audiencias ---
2026-03-13 07:17:24,125 - src.processor - INFO - Iniciando procesamiento de audiencias...
2026-03-13 07:17:24,125 - src.database - INFO - Intentando conectar a Teradata host: tdtvntg.claro.com.co...
2026-03-13 07:17:26,047 - src.database - INFO - Conexión a Teradata exitosa.
2026-03-13 07:17:26,055 - src.processor - INFO - Procesando: C_VEN_POS_EQUECSF_AP para fecha 2026-03-13 en carpeta 20260313
2026-03-13 07:17:34,293 - src.processor - INFO - Registros encontrados: 11366
2026-03-13 07:17:34,303 - src.processor - INFO - Archivo generado: C_VEN_POS_EQUECSF260313_AP.txt (11366 registros)
2026-03-13 07:17:34,304 - src.processor - INFO - Procesando: C_VEN_POS_EQUECSB_AP para fecha 2026-03-13 en carpeta 20260313
2026-03-13 07:17:42,436 - src.processor - INFO - Registros encontrados: 11367
2026-03-13 07:17:42,446 - src.processor - INFO - Archivo generado: C_VEN_POS_EQUECSB260313_AP.txt (11367 registros)
2026-03-13 07:17:42,447 - src.processor - INFO - Procesando: C_VEN_POS_EQUEADF_AP para fecha 2026-03-13 en carpeta 20260313
2026-03-13 07:17:50,658 - src.processor - INFO - Registros encontrados: 11364
2026-03-13 07:17:50,667 - src.processor - INFO - Archivo generado: C_VEN_POS_EQUEADF260313_AP.txt (11364 registros)
2026-03-13 07:17:50,668 - src.processor - INFO - Procesando: C_VEN_POS_EQUEADB_AP para fecha 2026-03-13 en carpeta 20260313
2026-03-13 07:17:58,856 - src.processor - INFO - Registros encontrados: 11365
2026-03-13 07:17:58,864 - src.processor - INFO - Archivo generado: C_VEN_POS_EQUEADB260313_AP.txt (11365 registros)
2026-03-13 07:17:58,866 - src.processor - INFO - Procesando: C_VEN_POS_EQUETDF_AP para fecha 2026-03-13 en carpeta 20260313
2026-03-13 07:18:06,968 - src.processor - INFO - Registros encontrados: 11368
2026-03-13 07:18:06,977 - src.processor - INFO - Archivo generado: C_VEN_POS_EQUETDF260313_AP.txt (11368 registros)
2026-03-13 07:18:06,979 - src.processor - INFO - Procesando: C_VEN_POS_EQUETDB_AP para fecha 2026-03-13 en carpeta 20260313
2026-03-13 07:18:15,159 - src.processor - INFO - Registros encontrados: 11363
2026-03-13 07:18:15,174 - src.processor - INFO - Archivo generado: C_VEN_POS_EQUETDB260313_AP.txt (11363 registros)
2026-03-13 07:18:15,212 - src.database - INFO - Conexión cerrada.
2026-03-13 07:18:15,213 - src.processor - INFO - Proceso finalizado.
2026-03-13 07:18:15,214 - Main - INFO - --- Ejecución completada exitosamente ---
2026-03-13 12:00:56,573 - Main - INFO - --- Iniciando Sistema de Generación de Audiencias ---
2026-03-13 12:00:56,574 - src.processor - INFO - Iniciando procesamiento de audiencias...
2026-03-13 12:00:56,578 - src.database - INFO - Intentando conectar a Teradata host: tdtvntg.claro.com.co...
2026-03-13 12:01:00,113 - src.database - INFO - Conexión a Teradata exitosa.
2026-03-13 12:01:00,114 - src.processor - INFO - Procesando: C_VEN_PRE_WINBT2A_RCS para fecha 2026-03-14 en carpeta 20260314
2026-03-13 12:01:26,744 - src.processor - INFO - Registros encontrados: 88000
2026-03-13 12:01:26,793 - src.processor - INFO - Archivo generado: C_VEN_PRE_WINBT2A260314_RCS.txt (88000 registros)
2026-03-13 12:01:26,794 - src.processor - INFO - Procesando: C_VEN_PRE_WINBT2B_RCS para fecha 2026-03-14 en carpeta 20260314
2026-03-13 12:01:44,582 - src.processor - INFO - Registros encontrados: 87604
2026-03-13 12:01:44,628 - src.processor - INFO - Archivo generado: C_VEN_PRE_WINBT2B260314_RCS.txt (87604 registros)
2026-03-13 12:01:44,629 - src.processor - INFO - Procesando: C_VEN_PRE_WINBT2A_SL para fecha 2026-03-14 en carpeta 20260314
2026-03-13 12:02:01,067 - src.processor - INFO - Registros encontrados: 256500
2026-03-13 12:02:01,199 - src.processor - INFO - Archivo generado: C_VEN_PRE_WINBT2A260314_SL.txt (256500 registros)
2026-03-13 12:02:01,200 - src.processor - INFO - Procesando: C_VEN_PRE_WINBT2B_SL para fecha 2026-03-14 en carpeta 20260314
2026-03-13 12:02:21,654 - src.processor - INFO - Registros encontrados: 256500
2026-03-13 12:02:21,788 - src.processor - INFO - Archivo generado: C_VEN_PRE_WINBT2B260314_SL.txt (256500 registros)
2026-03-13 12:02:21,790 - src.processor - INFO - Procesando: C_VEN_PRE_WINBT2D_SL para fecha 2026-03-14 en carpeta 20260314
2026-03-13 12:02:34,459 - src.processor - INFO - Registros encontrados: 427
2026-03-13 12:02:34,461 - src.processor - INFO - Archivo generado: C_VEN_PRE_WINBT2D260314_SL.txt (427 registros)
2026-03-13 12:02:34,463 - src.processor - INFO - Procesando: C_VEN_PRE_WINBT2C_SL para fecha 2026-03-14 en carpeta 20260314
2026-03-13 12:02:53,680 - src.processor - INFO - Registros encontrados: 256049
2026-03-13 12:02:53,842 - src.processor - INFO - Archivo generado: C_VEN_PRE_WINBT2C260314_SL.txt (256049 registros)
2026-03-13 12:02:53,877 - src.database - INFO - Conexión cerrada.
2026-03-13 12:02:53,878 - src.processor - INFO - Proceso finalizado.
2026-03-13 12:02:53,895 - Main - INFO - --- Ejecución completada exitosamente ---
2026-03-16 12:47:40,319 - Main - INFO - --- Iniciando Sistema de Generación de Audiencias ---
2026-03-16 12:47:40,319 - src.processor - INFO - Iniciando procesamiento de audiencias...
2026-03-16 12:47:40,323 - src.database - INFO - Intentando conectar a Teradata host: tdtvntg.claro.com.co...
2026-03-16 12:47:42,428 - src.database - INFO - Conexión a Teradata exitosa.
2026-03-16 12:47:42,433 - src.processor - INFO - Procesando: C_VEN_PRE_QUITO1A_SL para fecha 2026-03-16 en carpeta 20260316
2026-03-16 12:48:04,619 - src.processor - INFO - Registros encontrados: 716000
2026-03-16 12:48:04,983 - src.processor - INFO - Archivo generado: C_VEN_PRE_QUITO1A260316_SL.txt (716000 registros)
2026-03-16 12:48:04,983 - src.processor - INFO - Procesando: C_VEN_PRE_MIMPCON_SL para fecha 2026-03-16 en carpeta 20260316
2026-03-16 12:48:14,175 - src.processor - INFO - Registros encontrados: 52718
2026-03-16 12:48:14,202 - src.processor - INFO - Archivo generado: C_VEN_PRE_MIMPCON260316_SL.txt (52718 registros)
2026-03-16 12:48:14,202 - src.processor - INFO - Procesando: C_VEN_PRE_MIMPCON_EP para fecha 2026-03-16 en carpeta 20260316
2026-03-16 12:48:14,847 - src.processor - INFO - Registros encontrados: 0
2026-03-16 12:48:14,848 - src.processor - WARNING - Registros insuficientes (0) para C_VEN_PRE_MIMPCON_EP. Mínimo requerido: 50. Archivo NO generado.
2026-03-16 12:48:14,848 - src.processor - INFO - Procesando: C_VEN_PRE_QUITO1E_SL para fecha 2026-03-16 en carpeta 20260316
2026-03-16 12:48:36,707 - src.processor - INFO - Registros encontrados: 715500
2026-03-16 12:48:37,051 - src.processor - INFO - Archivo generado: C_VEN_PRE_QUITO1E260316_SL.txt (715500 registros)
2026-03-16 12:48:37,053 - src.processor - INFO - Procesando: C_VEN_PRE_MIGPPWP_SL para fecha 2026-03-16 en carpeta 20260316
2026-03-16 12:48:51,876 - src.processor - INFO - Registros encontrados: 348792
2026-03-16 12:48:52,063 - src.processor - INFO - Archivo generado: C_VEN_PRE_MIGPPWP260316_SL.txt (348792 registros)
2026-03-16 12:48:52,064 - src.processor - INFO - Procesando: C_VEN_PRE_QUITO1A_RCS para fecha 2026-03-16 en carpeta 20260316
2026-03-16 12:49:03,213 - src.processor - INFO - Registros encontrados: 150000
2026-03-16 12:49:03,311 - src.processor - INFO - Archivo generado: C_VEN_PRE_QUITO1A260316_RCS.txt (150000 registros)
2026-03-16 12:49:03,313 - src.processor - INFO - Procesando: C_VEN_PRE_QUITO1C_SL para fecha 2026-03-16 en carpeta 20260316
2026-03-16 12:49:26,965 - src.processor - INFO - Registros encontrados: 714690
2026-03-16 12:49:27,326 - src.processor - INFO - Archivo generado: C_VEN_PRE_QUITO1C260316_SL.txt (714690 registros)
2026-03-16 12:49:27,386 - src.database - INFO - Conexión cerrada.
2026-03-16 12:49:27,386 - src.processor - INFO - Proceso finalizado.
2026-03-16 12:49:27,419 - Main - INFO - --- Ejecución completada exitosamente ---
2026-03-17 10:24:45,128 - Main - INFO - --- Iniciando Sistema de Generación de Audiencias ---
2026-03-17 10:24:45,128 - src.processor - INFO - Iniciando procesamiento de audiencias...
2026-03-17 10:24:45,137 - src.database - INFO - Intentando conectar a Teradata host: tdtvntg.claro.com.co...
2026-03-17 10:24:49,345 - src.database - INFO - Conexión a Teradata exitosa.
2026-03-17 10:24:49,362 - src.processor - INFO - Procesando: C_VEN_PRE_QUITO2D_SL para fecha 2026-03-17 en carpeta 20260317
2026-03-17 10:25:10,447 - src.processor - INFO - Registros encontrados: 207000
2026-03-17 10:25:10,568 - src.processor - INFO - Archivo generado: C_VEN_PRE_QUITO2D260317_SL.txt (207000 registros)
2026-03-17 10:25:10,569 - src.processor - INFO - Procesando: C_VEN_PRE_MIGEDUC_SL para fecha 2026-03-17 en carpeta 20260317
2026-03-17 10:25:22,041 - src.processor - INFO - Registros encontrados: 10847
2026-03-17 10:25:22,049 - src.processor - INFO - Archivo generado: C_VEN_PRE_MIGEDUC260317_SL.txt (10847 registros)
2026-03-17 10:25:22,050 - src.processor - INFO - Procesando: C_VEN_PRE_QUITO2D_RCS para fecha 2026-03-17 en carpeta 20260317
2026-03-17 10:25:35,427 - src.processor - INFO - Registros encontrados: 151500
2026-03-17 10:25:35,499 - src.processor - INFO - Archivo generado: C_VEN_PRE_QUITO2D260317_RCS.txt (151500 registros)
2026-03-17 10:25:35,501 - src.processor - INFO - Procesando: C_VEN_PRE_MIGPPWP_SL para fecha 2026-03-17 en carpeta 20260317
2026-03-17 10:25:54,672 - src.processor - INFO - Registros encontrados: 82000
2026-03-17 10:25:54,713 - src.processor - INFO - Archivo generado: C_VEN_PRE_MIGPPWP260317_SL.txt (82000 registros)
2026-03-17 10:25:54,715 - src.processor - INFO - Procesando: C_VEN_PRE_QUITO2H_SL para fecha 2026-03-17 en carpeta 20260317
2026-03-17 10:26:12,639 - src.processor - INFO - Registros encontrados: 207000
2026-03-17 10:26:12,745 - src.processor - INFO - Archivo generado: C_VEN_PRE_QUITO2H260317_SL.txt (207000 registros)
2026-03-17 10:26:12,746 - src.processor - INFO - Procesando: C_VEN_PRE_QUITO2B_SL para fecha 2026-03-17 en carpeta 20260317
2026-03-17 10:26:32,102 - src.processor - INFO - Registros encontrados: 207000
2026-03-17 10:26:32,201 - src.processor - INFO - Archivo generado: C_VEN_PRE_QUITO2B260317_SL.txt (207000 registros)
2026-03-17 10:26:32,203 - src.processor - INFO - Procesando: C_VEN_PRE_MIGPPWP_RCS para fecha 2026-03-17 en carpeta 20260317
2026-03-17 10:26:50,682 - src.processor - INFO - Registros encontrados: 15500
2026-03-17 10:26:50,693 - src.processor - INFO - Archivo generado: C_VEN_PRE_MIGPPWP260317_RCS.txt (15500 registros)
2026-03-17 10:26:50,738 - src.database - INFO - Conexión cerrada.
2026-03-17 10:26:50,738 - src.processor - INFO - Proceso finalizado.
2026-03-17 10:26:50,740 - Main - INFO - --- Ejecución completada exitosamente ---
2026-03-18 11:41:05,938 - Main - INFO - --- Iniciando Sistema de Generación de Audiencias ---
2026-03-18 11:41:05,938 - src.processor - INFO - Iniciando procesamiento de audiencias...
2026-03-18 11:41:05,954 - src.database - INFO - Intentando conectar a Teradata host: tdtvntg.claro.com.co...
2026-03-18 11:41:08,971 - src.database - INFO - Conexión a Teradata exitosa.
2026-03-18 11:41:08,976 - src.processor - INFO - Procesando: C_VEN_PRE_QUITO1A_SL para fecha 2026-03-18 en carpeta 20260318
2026-03-18 11:41:48,406 - src.processor - INFO - Registros encontrados: 390000
2026-03-18 11:41:48,803 - src.processor - INFO - Archivo generado: C_VEN_PRE_QUITO1A260318_SL.txt (390000 registros)
2026-03-18 11:41:48,803 - src.processor - INFO - Procesando: C_VEN_PRE_MIGPPWS_AP para fecha 2026-03-18 en carpeta 20260318
2026-03-18 11:42:07,156 - src.processor - INFO - Registros encontrados: 7609
2026-03-18 11:42:07,187 - src.processor - INFO - Archivo generado: C_VEN_PRE_MIGPPWS260318_AP.txt (7609 registros)
2026-03-18 11:42:07,202 - src.processor - INFO - Procesando: C_VEN_PRE_MIGINCE_SL para fecha 2026-03-18 en carpeta 20260318
2026-03-18 11:42:26,994 - src.processor - INFO - Registros encontrados: 113
2026-03-18 11:42:26,998 - src.processor - INFO - Archivo generado: C_VEN_PRE_MIGINCE260318_SL.txt (113 registros)
2026-03-18 11:42:27,001 - src.processor - INFO - Procesando: C_VEN_PRE_MIGINCE_EP para fecha 2026-03-18 en carpeta 20260318
2026-03-18 11:42:43,898 - src.processor - INFO - Registros encontrados: 0
2026-03-18 11:42:43,900 - src.processor - WARNING - Registros insuficientes (0) para C_VEN_PRE_MIGINCE_EP. Mínimo requerido: 50. Archivo NO generado.
2026-03-18 11:42:43,904 - src.processor - INFO - Procesando: C_VEN_PRE_QUITO1E_SL para fecha 2026-03-18 en carpeta 20260318
2026-03-18 11:43:22,297 - src.processor - INFO - Registros encontrados: 390000
2026-03-18 11:43:22,754 - src.processor - INFO - Archivo generado: C_VEN_PRE_QUITO1E260318_SL.txt (390000 registros)
2026-03-18 11:43:22,756 - src.processor - INFO - Procesando: C_VEN_PRE_MIGPPWP_SL para fecha 2026-03-18 en carpeta 20260318
2026-03-18 11:43:44,146 - src.processor - INFO - Registros encontrados: 279334
2026-03-18 11:43:44,464 - src.processor - INFO - Archivo generado: C_VEN_PRE_MIGPPWP260318_SL.txt (279334 registros)
2026-03-18 11:43:44,468 - src.processor - INFO - Procesando: C_VEN_PRE_QUITO1A_RCS para fecha 2026-03-18 en carpeta 20260318
2026-03-18 11:44:08,817 - src.processor - INFO - Registros encontrados: 270000
2026-03-18 11:44:09,134 - src.processor - INFO - Archivo generado: C_VEN_PRE_QUITO1A260318_RCS.txt (270000 registros)
2026-03-18 11:44:09,136 - src.processor - INFO - Procesando: C_VEN_PRE_QUITO1C_SL para fecha 2026-03-18 en carpeta 20260318
2026-03-18 11:44:32,113 - src.processor - INFO - Registros encontrados: 390000
2026-03-18 11:44:32,523 - src.processor - INFO - Archivo generado: C_VEN_PRE_QUITO1C260318_SL.txt (390000 registros)
2026-03-18 11:44:33,157 - src.database - INFO - Conexión cerrada.
2026-03-18 11:44:33,158 - src.processor - INFO - Proceso finalizado.
2026-03-18 11:44:33,200 - Main - INFO - --- Ejecución completada exitosamente ---
2026-03-18 12:24:50,537 - Main - INFO - --- Iniciando Sistema de Generación de Audiencias ---
2026-03-18 12:24:50,537 - src.processor - INFO - Iniciando procesamiento de audiencias...
2026-03-18 12:24:50,547 - src.database - INFO - Intentando conectar a Teradata host: tdtvntg.claro.com.co...
2026-03-18 12:24:54,145 - src.database - INFO - Conexión a Teradata exitosa.
2026-03-18 12:24:54,148 - src.processor - INFO - Procesando: C_VEN_PRE_MIGINCE_EP para fecha 2026-03-18 en carpeta 20260318
2026-03-18 12:25:07,802 - src.processor - INFO - Registros encontrados: 200000
2026-03-18 12:25:08,218 - src.processor - INFO - Archivo generado: C_VEN_PRE_MIGINCE260318_EP.txt (200000 registros)
2026-03-18 12:25:08,251 - src.database - INFO - Conexión cerrada.
2026-03-18 12:25:08,252 - src.processor - INFO - Proceso finalizado.
2026-03-18 12:25:08,294 - Main - INFO - --- Ejecución completada exitosamente ---
2026-03-19 10:34:07,100 - Main - INFO - --- Iniciando Sistema de Generación de Audiencias ---
2026-03-19 10:34:07,101 - src.processor - INFO - Iniciando procesamiento de audiencias...
2026-03-19 10:34:07,105 - src.database - INFO - Intentando conectar a Teradata host: tdtvntg.claro.com.co...
2026-03-19 10:34:09,268 - src.database - INFO - Conexión a Teradata exitosa.
2026-03-19 10:34:09,270 - src.processor - INFO - Procesando: C_VEN_PRE_QUITO2D_SL para fecha 2026-03-19 en carpeta 20260319
2026-03-19 10:34:29,085 - src.processor - INFO - Registros encontrados: 488000
2026-03-19 10:34:29,405 - src.processor - INFO - Archivo generado: C_VEN_PRE_QUITO2D260319_SL.txt (488000 registros)
2026-03-19 10:34:29,406 - src.processor - INFO - Procesando: C_VEN_PRE_MIGCIER_EP para fecha 2026-03-19 en carpeta 20260319
2026-03-19 10:34:30,295 - src.processor - INFO - Registros encontrados: 0
2026-03-19 10:34:30,296 - src.processor - WARNING - Registros insuficientes (0) para C_VEN_PRE_MIGCIER_EP. Mínimo requerido: 50. Archivo NO generado.
2026-03-19 10:34:30,297 - src.processor - INFO - Procesando: C_VEN_PRE_MIGCIER_SL para fecha 2026-03-19 en carpeta 20260319
2026-03-19 10:34:38,626 - src.processor - INFO - Registros encontrados: 12295
2026-03-19 10:34:38,634 - src.processor - INFO - Archivo generado: C_VEN_PRE_MIGCIER260319_SL.txt (12295 registros)
2026-03-19 10:34:38,635 - src.processor - INFO - Procesando: C_VEN_PRE_QUITO2D_RCS para fecha 2026-03-19 en carpeta 20260319
2026-03-19 10:34:55,943 - src.processor - INFO - Registros encontrados: 421674
2026-03-19 10:34:56,200 - src.processor - INFO - Archivo generado: C_VEN_PRE_QUITO2D260319_RCS.txt (421674 registros)
2026-03-19 10:34:56,202 - src.processor - INFO - Procesando: C_VEN_PRE_MIGPPWP_EP para fecha 2026-03-19 en carpeta 20260319
2026-03-19 10:34:56,777 - src.processor - INFO - Registros encontrados: 0
2026-03-19 10:34:56,777 - src.processor - WARNING - Registros insuficientes (0) para C_VEN_PRE_MIGPPWP_EP. Mínimo requerido: 50. Archivo NO generado.
2026-03-19 10:34:56,778 - src.processor - INFO - Procesando: C_VEN_PRE_MIGPPWP_SL para fecha 2026-03-19 en carpeta 20260319
2026-03-19 10:35:11,251 - src.processor - INFO - Registros encontrados: 139000
2026-03-19 10:35:11,343 - src.processor - INFO - Archivo generado: C_VEN_PRE_MIGPPWP260319_SL.txt (139000 registros)
2026-03-19 10:35:11,344 - src.processor - INFO - Procesando: C_VEN_PRE_QUITO2H_SL para fecha 2026-03-19 en carpeta 20260319
2026-03-19 10:35:30,981 - src.processor - INFO - Registros encontrados: 487000
2026-03-19 10:35:31,279 - src.processor - INFO - Archivo generado: C_VEN_PRE_QUITO2H260319_SL.txt (487000 registros)
2026-03-19 10:35:31,280 - src.processor - INFO - Procesando: C_VEN_PRE_QUITO2B_SL para fecha 2026-03-19 en carpeta 20260319
2026-03-19 10:35:52,728 - src.processor - INFO - Registros encontrados: 486426
2026-03-19 10:35:53,055 - src.processor - INFO - Archivo generado: C_VEN_PRE_QUITO2B260319_SL.txt (486426 registros)
2026-03-19 10:35:53,102 - src.database - INFO - Conexión cerrada.
2026-03-19 10:35:53,103 - src.processor - INFO - Proceso finalizado.
2026-03-19 10:35:53,138 - Main - INFO - --- Ejecución completada exitosamente ---
2026-03-19 10:46:36,717 - Main - INFO - --- Iniciando Sistema de Generación de Audiencias ---
2026-03-19 10:46:36,717 - src.processor - INFO - Iniciando procesamiento de audiencias...
2026-03-19 10:46:36,721 - src.database - INFO - Intentando conectar a Teradata host: tdtvntg.claro.com.co...
2026-03-19 10:46:38,138 - src.database - INFO - Conexión a Teradata exitosa.
2026-03-19 10:46:38,139 - src.processor - INFO - Procesando: C_VEN_PRE_MIGCIER_EP para fecha 2026-03-19 en carpeta 20260319
2026-03-19 10:46:43,236 - src.processor - INFO - Registros encontrados: 100000
2026-03-19 10:46:43,369 - src.processor - INFO - Archivo generado: C_VEN_PRE_MIGCIER260319_EP.txt (100000 registros)
2026-03-19 10:46:43,370 - src.processor - INFO - Procesando: C_VEN_PRE_MIGPPWP_EP para fecha 2026-03-19 en carpeta 20260319
2026-03-19 10:46:43,943 - src.processor - INFO - Registros encontrados: 124
2026-03-19 10:46:43,943 - src.processor - INFO - Archivo generado: C_VEN_PRE_MIGPPWP260319_EP.txt (124 registros)
2026-03-19 10:46:43,990 - src.database - INFO - Conexión cerrada.
2026-03-19 10:46:43,991 - src.processor - INFO - Proceso finalizado.
2026-03-19 10:46:43,991 - Main - INFO - --- Ejecución completada exitosamente ---
2026-03-20 10:30:17,690 - Main - INFO - --- Iniciando Sistema de Generación de Audiencias ---
2026-03-20 10:30:17,690 - src.processor - INFO - Iniciando procesamiento de audiencias...
2026-03-20 10:30:17,708 - src.database - INFO - Intentando conectar a Teradata host: tdtvntg.claro.com.co...
2026-03-20 10:30:19,899 - src.database - INFO - Conexión a Teradata exitosa.
2026-03-20 10:30:19,905 - src.processor - INFO - Procesando: C_VEN_PRE_WINBT1D_SL para fecha 2026-03-20 en carpeta 20260320
2026-03-20 10:30:48,180 - src.processor - INFO - Registros encontrados: 942000
2026-03-20 10:30:48,645 - src.processor - INFO - Archivo generado: C_VEN_PRE_WINBT1D260320_SL.txt (942000 registros)
2026-03-20 10:30:48,646 - src.processor - INFO - Procesando: C_VEN_PRE_WINBT1A_SL para fecha 2026-03-20 en carpeta 20260320
2026-03-20 10:31:16,465 - src.processor - INFO - Registros encontrados: 942000
2026-03-20 10:31:16,972 - src.processor - INFO - Archivo generado: C_VEN_PRE_WINBT1A260320_SL.txt (942000 registros)
2026-03-20 10:31:16,973 - src.processor - INFO - Procesando: C_VEN_PRE_MIMPCON_SL para fecha 2026-03-20 en carpeta 20260320
2026-03-20 10:31:25,600 - src.processor - INFO - Registros encontrados: 25744
2026-03-20 10:31:25,616 - src.processor - INFO - Archivo generado: C_VEN_PRE_MIMPCON260320_SL.txt (25744 registros)
2026-03-20 10:31:25,617 - src.processor - INFO - Procesando: C_VEN_PRE_WINBT1B_SL para fecha 2026-03-20 en carpeta 20260320
2026-03-20 10:31:52,165 - src.processor - INFO - Registros encontrados: 942000
2026-03-20 10:31:52,613 - src.processor - INFO - Archivo generado: C_VEN_PRE_WINBT1B260320_SL.txt (942000 registros)
2026-03-20 10:31:52,614 - src.processor - INFO - Procesando: C_VEN_PRE_MIMPCON_EP para fecha 2026-03-20 en carpeta 20260320
2026-03-20 10:31:55,155 - src.processor - INFO - Registros encontrados: 54083
2026-03-20 10:31:55,208 - src.processor - INFO - Archivo generado: C_VEN_PRE_MIMPCON260320_EP.txt (54083 registros)
2026-03-20 10:31:55,210 - src.processor - INFO - Procesando: C_VEN_PRE_WINBT1C_SL para fecha 2026-03-20 en carpeta 20260320
2026-03-20 10:32:22,596 - src.processor - INFO - Registros encontrados: 942000
2026-03-20 10:32:23,047 - src.processor - INFO - Archivo generado: C_VEN_PRE_WINBT1C260320_SL.txt (942000 registros)
2026-03-20 10:32:23,048 - src.processor - INFO - Procesando: C_VEN_PRE_MIGPPWP_SL para fecha 2026-03-20 en carpeta 20260320
2026-03-20 10:32:37,022 - src.processor - INFO - Registros encontrados: 279357
2026-03-20 10:32:37,179 - src.processor - INFO - Archivo generado: C_VEN_PRE_MIGPPWP260320_SL.txt (279357 registros)
2026-03-20 10:32:37,180 - src.processor - INFO - Procesando: C_VEN_PRE_QUITO1A_RCS para fecha 2026-03-20 en carpeta 20260320
2026-03-20 10:32:51,522 - src.processor - INFO - Registros encontrados: 320000
2026-03-20 10:32:51,687 - src.processor - INFO - Archivo generado: C_VEN_PRE_QUITO1A260320_RCS.txt (320000 registros)
2026-03-20 10:32:51,688 - src.processor - INFO - Procesando: C_VEN_PRE_WINBT1A_RCS para fecha 2026-03-20 en carpeta 20260320
2026-03-20 10:33:06,019 - src.processor - INFO - Registros encontrados: 269215
2026-03-20 10:33:06,181 - src.processor - INFO - Archivo generado: C_VEN_PRE_WINBT1A260320_RCS.txt (269215 registros)
2026-03-20 10:33:06,212 - src.database - INFO - Conexión cerrada.
2026-03-20 10:33:06,212 - src.processor - INFO - Proceso finalizado.
2026-03-20 10:33:06,244 - Main - INFO - --- Ejecución completada exitosamente ---
2026-03-20 10:33:51,662 - Main - INFO - --- Iniciando Sistema de Generación de Audiencias ---
2026-03-20 10:33:51,662 - src.processor - INFO - Iniciando procesamiento de audiencias...
2026-03-20 10:33:51,667 - src.database - INFO - Intentando conectar a Teradata host: tdtvntg.claro.com.co...
2026-03-20 10:33:53,113 - src.database - INFO - Conexión a Teradata exitosa.
2026-03-20 10:33:53,114 - src.processor - INFO - Procesando: C_VEN_PRE_WINBT2A_RCS para fecha 2026-03-21 en carpeta 20260321
2026-03-20 10:34:01,486 - src.processor - INFO - Registros encontrados: 2294
2026-03-20 10:34:01,490 - src.processor - INFO - Archivo generado: C_VEN_PRE_WINBT2A260321_RCS.txt (2294 registros)
2026-03-20 10:34:01,491 - src.processor - INFO - Procesando: C_VEN_PRE_WINBT2A_SL para fecha 2026-03-21 en carpeta 20260321
2026-03-20 10:34:17,426 - src.processor - INFO - Registros encontrados: 395000
2026-03-20 10:34:17,640 - src.processor - INFO - Archivo generado: C_VEN_PRE_WINBT2A260321_SL.txt (395000 registros)
2026-03-20 10:34:17,641 - src.processor - INFO - Procesando: C_VEN_PRE_MIGEDUC_SL para fecha 2026-03-21 en carpeta 20260321
2026-03-20 10:34:26,252 - src.processor - INFO - Registros encontrados: 25292
2026-03-20 10:34:26,268 - src.processor - INFO - Archivo generado: C_VEN_PRE_MIGEDUC260321_SL.txt (25292 registros)
2026-03-20 10:34:26,269 - src.processor - INFO - Procesando: C_VEN_PRE_WINBT2B_SL para fecha 2026-03-21 en carpeta 20260321
2026-03-20 10:34:43,185 - src.processor - INFO - Registros encontrados: 395000
2026-03-20 10:34:43,376 - src.processor - INFO - Archivo generado: C_VEN_PRE_WINBT2B260321_SL.txt (395000 registros)
2026-03-20 10:34:43,377 - src.processor - INFO - Procesando: C_VEN_PRE_WINBT2D_SL para fecha 2026-03-21 en carpeta 20260321
2026-03-20 10:35:00,423 - src.processor - INFO - Registros encontrados: 395000
2026-03-20 10:35:00,627 - src.processor - INFO - Archivo generado: C_VEN_PRE_WINBT2D260321_SL.txt (395000 registros)
2026-03-20 10:35:00,628 - src.processor - INFO - Procesando: C_VEN_PRE_QUITO2D_RCS para fecha 2026-03-21 en carpeta 20260321
2026-03-20 10:35:16,089 - src.processor - INFO - Registros encontrados: 268510
2026-03-20 10:35:16,225 - src.processor - INFO - Archivo generado: C_VEN_PRE_QUITO2D260321_RCS.txt (268510 registros)
2026-03-20 10:35:16,226 - src.processor - INFO - Procesando: C_VEN_PRE_MIGPPWP_SL para fecha 2026-03-21 en carpeta 20260321
2026-03-20 10:35:26,904 - src.processor - INFO - Registros encontrados: 138692
2026-03-20 10:35:26,975 - src.processor - INFO - Archivo generado: C_VEN_PRE_MIGPPWP260321_SL.txt (138692 registros)
2026-03-20 10:35:26,977 - src.processor - INFO - Procesando: C_VEN_PRE_WINBT2C_SL para fecha 2026-03-21 en carpeta 20260321
2026-03-20 10:35:42,564 - src.processor - INFO - Registros encontrados: 391617
2026-03-20 10:35:42,767 - src.processor - INFO - Archivo generado: C_VEN_PRE_WINBT2C260321_SL.txt (391617 registros)
2026-03-20 10:35:42,769 - src.processor - INFO - Procesando: C_VEN_PRE_MIGEDUC_EP para fecha 2026-03-21 en carpeta 20260321
2026-03-20 10:35:45,319 - src.processor - INFO - Registros encontrados: 54083
2026-03-20 10:35:45,387 - src.processor - INFO - Archivo generado: C_VEN_PRE_MIGEDUC260321_EP.txt (54083 registros)
2026-03-20 10:35:45,388 - src.processor - INFO - Procesando: C_VEN_PRE_MIGPPWP_RCS para fecha 2026-03-21 en carpeta 20260321
2026-03-20 10:35:54,123 - src.processor - INFO - Registros encontrados: 0
2026-03-20 10:35:54,123 - src.processor - WARNING - Registros insuficientes (0) para C_VEN_PRE_MIGPPWP_RCS. Mínimo requerido: 50. Archivo NO generado.
2026-03-20 10:35:54,806 - src.database - INFO - Conexión cerrada.
2026-03-20 10:35:54,807 - src.processor - INFO - Proceso finalizado.
2026-03-20 10:35:54,808 - Main - INFO - --- Ejecución completada exitosamente ---
2026-03-24 12:54:15,367 - Main - INFO - --- Iniciando Sistema de Generación de Audiencias ---
2026-03-24 12:54:15,367 - src.processor - INFO - Iniciando procesamiento de audiencias...
2026-03-24 12:54:15,386 - src.database - INFO - Intentando conectar a Teradata host: tdtvntg.claro.com.co...
2026-03-24 12:54:19,705 - src.database - INFO - Conexión a Teradata exitosa.
2026-03-24 12:54:19,714 - src.processor - INFO - Procesando: C_VEN_PRE_MIGEDUC_EP para fecha 2026-03-24 en carpeta 20260324
2026-03-24 12:54:23,412 - src.processor - INFO - Registros encontrados: 0
2026-03-24 12:54:23,412 - src.processor - WARNING - Registros insuficientes (0) para C_VEN_PRE_MIGEDUC_EP. Mínimo requerido: 50. Archivo NO generado.
2026-03-24 12:54:23,413 - src.processor - INFO - Procesando: C_VEN_PRE_AMAPR2A_RCS para fecha 2026-03-24 en carpeta 20260324
2026-03-24 12:54:41,158 - src.processor - INFO - Registros encontrados: 22338
2026-03-24 12:54:41,174 - src.processor - INFO - Archivo generado: C_VEN_PRE_AMAPR2A260324_RCS.txt (22338 registros)
2026-03-24 12:54:41,175 - src.processor - INFO - Procesando: C_VEN_PRE_AMAPR2B_RCS para fecha 2026-03-24 en carpeta 20260324
2026-03-24 12:55:04,370 - src.processor - INFO - Registros encontrados: 287802
2026-03-24 12:55:04,532 - src.processor - INFO - Archivo generado: C_VEN_PRE_AMAPR2B260324_RCS.txt (287802 registros)
2026-03-24 12:55:04,532 - src.processor - INFO - Procesando: C_VEN_PRE_MIGPPWP_RCS para fecha 2026-03-24 en carpeta 20260324
2026-03-24 12:55:22,804 - src.processor - INFO - Registros encontrados: 0
2026-03-24 12:55:22,805 - src.processor - WARNING - Registros insuficientes (0) para C_VEN_PRE_MIGPPWP_RCS. Mínimo requerido: 50. Archivo NO generado.
2026-03-24 12:55:22,807 - src.processor - INFO - Procesando: C_VEN_PRE_MIGEDUC_SL para fecha 2026-03-24 en carpeta 20260324
2026-03-24 12:55:40,536 - src.processor - INFO - Registros encontrados: 0
2026-03-24 12:55:40,536 - src.processor - WARNING - Registros insuficientes (0) para C_VEN_PRE_MIGEDUC_SL. Mínimo requerido: 50. Archivo NO generado.
2026-03-24 12:55:40,537 - src.processor - INFO - Procesando: C_VEN_PRE_AMAPR2C_SL para fecha 2026-03-24 en carpeta 20260324
2026-03-24 12:56:22,826 - src.processor - INFO - Registros encontrados: 1181500
2026-03-24 12:56:23,373 - src.processor - INFO - Archivo generado: C_VEN_PRE_AMAPR2C260324_SL.txt (1181500 registros)
2026-03-24 12:56:23,374 - src.processor - INFO - Procesando: C_VEN_PRE_AMAPR2A_SL para fecha 2026-03-24 en carpeta 20260324
2026-03-24 12:56:44,220 - src.processor - INFO - Registros encontrados: 162857
2026-03-24 12:56:44,298 - src.processor - INFO - Archivo generado: C_VEN_PRE_AMAPR2A260324_SL.txt (162857 registros)
2026-03-24 12:56:44,299 - src.processor - INFO - Procesando: C_VEN_PRE_AMAPR2B_SL para fecha 2026-03-24 en carpeta 20260324
2026-03-24 12:57:25,811 - src.processor - INFO - Registros encontrados: 1182000
2026-03-24 12:57:26,430 - src.processor - INFO - Archivo generado: C_VEN_PRE_AMAPR2B260324_SL.txt (1182000 registros)
2026-03-24 12:57:26,431 - src.processor - INFO - Procesando: C_VEN_PRE_AMAPR2D_SL para fecha 2026-03-24 en carpeta 20260324
2026-03-24 12:58:09,249 - src.processor - INFO - Registros encontrados: 1180437
2026-03-24 12:58:09,896 - src.processor - INFO - Archivo generado: C_VEN_PRE_AMAPR2D260324_SL.txt (1180437 registros)
2026-03-24 12:58:10,011 - src.database - INFO - Conexión cerrada.
2026-03-24 12:58:10,012 - src.processor - INFO - Proceso finalizado.
2026-03-24 12:58:10,080 - Main - INFO - --- Ejecución completada exitosamente ---
2026-03-24 15:28:51,632 - Main - INFO - --- Iniciando Sistema de Generación de Audiencias ---
2026-03-24 15:28:51,632 - src.processor - INFO - Iniciando procesamiento de audiencias...
2026-03-24 15:28:51,639 - src.database - INFO - Intentando conectar a Teradata host: tdtvntg.claro.com.co...
2026-03-24 15:28:53,462 - src.database - INFO - Conexión a Teradata exitosa.
2026-03-24 15:28:53,468 - src.processor - INFO - Procesando: C_VEN_EQU_EBNC4HO_RCS para fecha 2026-03-24 en carpeta 20260324
2026-03-24 15:29:02,874 - src.processor - INFO - Registros encontrados: 63050
2026-03-24 15:29:02,908 - src.processor - INFO - Archivo generado: C_VEN_EQU_EBNC4HO260324_RCS.txt (63050 registros)
2026-03-24 15:29:02,909 - src.processor - INFO - Procesando: C_VEN_EQU_EBNC6PO_RCS para fecha 2026-03-24 en carpeta 20260324
2026-03-24 15:29:12,249 - src.processor - INFO - Registros encontrados: 63050
2026-03-24 15:29:12,275 - src.processor - INFO - Archivo generado: C_VEN_EQU_EBNC6PO260324_RCS.txt (63050 registros)
2026-03-24 15:29:12,275 - src.processor - INFO - Procesando: C_VEN_EQU_EBNC5PO_SL para fecha 2026-03-24 en carpeta 20260324
2026-03-24 15:29:20,406 - src.processor - INFO - Registros encontrados: 3324
2026-03-24 15:29:20,411 - src.processor - INFO - Archivo generado: C_VEN_EQU_EBNC5PO260324_SL.txt (3324 registros)
2026-03-24 15:29:20,441 - src.database - INFO - Conexión cerrada.
2026-03-24 15:29:20,441 - src.processor - INFO - Proceso finalizado.
2026-03-24 15:29:20,442 - Main - INFO - --- Ejecución completada exitosamente ---
2026-03-25 09:46:46,476 - Main - INFO - --- Iniciando Sistema de Generación de Audiencias ---
2026-03-25 09:46:46,476 - src.processor - INFO - Iniciando procesamiento de audiencias...
2026-03-25 09:46:46,484 - src.database - INFO - Intentando conectar a Teradata host: tdtvntg.claro.com.co...
2026-03-25 09:46:48,682 - src.database - INFO - Conexión a Teradata exitosa.
2026-03-25 09:46:48,687 - src.processor - INFO - Procesando: C_VEN_EQU_EBNC4HO_RCS para fecha 2026-03-25 en carpeta 20260325
2026-03-25 09:47:06,137 - src.processor - INFO - Registros encontrados: 55346
2026-03-25 09:47:06,166 - src.processor - INFO - Archivo generado: C_VEN_EQU_EBNC4HO260325_RCS.txt (55346 registros)
2026-03-25 09:47:06,167 - src.processor - INFO - Procesando: C_VEN_EQU_EBNC6PO_RCS para fecha 2026-03-25 en carpeta 20260325
2026-03-25 09:47:32,386 - src.processor - INFO - Registros encontrados: 57391
2026-03-25 09:47:32,416 - src.processor - INFO - Archivo generado: C_VEN_EQU_EBNC6PO260325_RCS.txt (57391 registros)
2026-03-25 09:47:32,507 - src.database - INFO - Conexión cerrada.
2026-03-25 09:47:32,507 - src.processor - INFO - Proceso finalizado.
2026-03-25 09:47:32,511 - Main - INFO - --- Ejecución completada exitosamente ---
2026-03-25 11:34:16,809 - Main - INFO - --- Iniciando Sistema de Generación de Audiencias ---
2026-03-25 11:34:16,809 - src.processor - INFO - Iniciando procesamiento de audiencias...
2026-03-25 11:34:16,818 - src.database - INFO - Intentando conectar a Teradata host: tdtvntg.claro.com.co...
2026-03-25 11:34:18,780 - src.database - INFO - Conexión a Teradata exitosa.
2026-03-25 11:34:18,792 - src.processor - INFO - Procesando: C_VEN_PRE_AMAPR1A_RCS para fecha 2026-03-25 en carpeta 20260325
2026-03-25 11:34:31,995 - src.processor - INFO - Registros encontrados: 186278
2026-03-25 11:34:32,091 - src.processor - INFO - Archivo generado: C_VEN_PRE_AMAPR1A260325_RCS.txt (186278 registros)
2026-03-25 11:34:32,093 - src.processor - INFO - Procesando: C_VEN_PRE_AMAPR1B_RCS para fecha 2026-03-25 en carpeta 20260325
2026-03-25 11:35:03,394 - src.processor - INFO - Registros encontrados: 812309
2026-03-25 11:35:03,795 - src.processor - INFO - Archivo generado: C_VEN_PRE_AMAPR1B260325_RCS.txt (812309 registros)
2026-03-25 11:35:03,812 - src.processor - INFO - Procesando: C_VEN_PRE_AMAPR1B_SL para fecha 2026-03-25 en carpeta 20260325
2026-03-25 11:35:25,028 - src.processor - INFO - Registros encontrados: 620000
2026-03-25 11:35:25,340 - src.processor - INFO - Archivo generado: C_VEN_PRE_AMAPR1B260325_SL.txt (620000 registros)
2026-03-25 11:35:25,341 - src.processor - INFO - Procesando: C_VEN_PRE_AMAPR1A_SL para fecha 2026-03-25 en carpeta 20260325
2026-03-25 11:35:37,710 - src.processor - INFO - Registros encontrados: 186278
2026-03-25 11:35:37,836 - src.processor - INFO - Archivo generado: C_VEN_PRE_AMAPR1A260325_SL.txt (186278 registros)
2026-03-25 11:35:37,837 - src.processor - INFO - Procesando: C_VEN_PRE_AMAPR1C_SL para fecha 2026-03-25 en carpeta 20260325
2026-03-25 11:36:02,768 - src.processor - INFO - Registros encontrados: 620000
2026-03-25 11:36:03,116 - src.processor - INFO - Archivo generado: C_VEN_PRE_AMAPR1C260325_SL.txt (620000 registros)
2026-03-25 11:36:03,118 - src.processor - INFO - Procesando: C_VEN_PRE_AMAPR1D_SL para fecha 2026-03-25 en carpeta 20260325
2026-03-25 11:36:27,060 - src.processor - INFO - Registros encontrados: 620000
2026-03-25 11:36:27,367 - src.processor - INFO - Archivo generado: C_VEN_PRE_AMAPR1D260325_SL.txt (620000 registros)
2026-03-25 11:36:27,444 - src.database - INFO - Conexión cerrada.
2026-03-25 11:36:27,445 - src.processor - INFO - Proceso finalizado.
2026-03-25 11:36:27,473 - Main - INFO - --- Ejecución completada exitosamente ---
2026-03-26 09:24:57,060 - Main - INFO - --- Iniciando Sistema de Generación de Audiencias ---
2026-03-26 09:24:57,060 - src.processor - INFO - Iniciando procesamiento de audiencias...
2026-03-26 09:24:57,070 - src.database - INFO - Intentando conectar a Teradata host: tdtvntg.claro.com.co...
2026-03-26 09:24:58,951 - src.database - INFO - Conexión a Teradata exitosa.
2026-03-26 09:24:58,958 - src.processor - INFO - Procesando: C_VEN_PRE_MIGCIER_EP para fecha 2026-03-26 en carpeta 20260326
2026-03-26 09:25:00,586 - src.processor - INFO - Registros encontrados: 0
2026-03-26 09:25:00,587 - src.processor - WARNING - Registros insuficientes (0) para C_VEN_PRE_MIGCIER_EP. Mínimo requerido: 50. Archivo NO generado.
2026-03-26 09:25:00,587 - src.processor - INFO - Procesando: C_VEN_PRE_AMAPR2A_RCS para fecha 2026-03-26 en carpeta 20260326
2026-03-26 09:25:18,890 - src.processor - INFO - Registros encontrados: 15680
2026-03-26 09:25:18,905 - src.processor - INFO - Archivo generado: C_VEN_PRE_AMAPR2A260326_RCS.txt (15680 registros)
2026-03-26 09:25:18,906 - src.processor - INFO - Procesando: C_VEN_PRE_AMAPR2B_RCS para fecha 2026-03-26 en carpeta 20260326
2026-03-26 09:25:45,644 - src.processor - INFO - Registros encontrados: 310694
2026-03-26 09:25:45,839 - src.processor - INFO - Archivo generado: C_VEN_PRE_AMAPR2B260326_RCS.txt (310694 registros)
2026-03-26 09:25:45,840 - src.processor - INFO - Procesando: C_VEN_PRE_AMAPR2C_SL para fecha 2026-03-26 en carpeta 20260326
2026-03-26 09:26:09,946 - src.processor - INFO - Registros encontrados: 427000
2026-03-26 09:26:10,193 - src.processor - INFO - Archivo generado: C_VEN_PRE_AMAPR2C260326_SL.txt (427000 registros)
2026-03-26 09:26:10,194 - src.processor - INFO - Procesando: C_VEN_PRE_MIGCIER_SL para fecha 2026-03-26 en carpeta 20260326
2026-03-26 09:26:24,581 - src.processor - INFO - Registros encontrados: 0
2026-03-26 09:26:24,581 - src.processor - WARNING - Registros insuficientes (0) para C_VEN_PRE_MIGCIER_SL. Mínimo requerido: 50. Archivo NO generado.
2026-03-26 09:26:24,582 - src.processor - INFO - Procesando: C_VEN_PRE_AMAPR2A_SL para fecha 2026-03-26 en carpeta 20260326
2026-03-26 09:26:44,707 - src.processor - INFO - Registros encontrados: 0
2026-03-26 09:26:44,707 - src.processor - WARNING - Registros insuficientes (0) para C_VEN_PRE_AMAPR2A_SL. Mínimo requerido: 50. Archivo NO generado.
2026-03-26 09:26:44,708 - src.processor - INFO - Procesando: C_VEN_PRE_MIGPPWP_SL para fecha 2026-03-26 en carpeta 20260326
2026-03-26 09:27:01,289 - src.processor - INFO - Registros encontrados: 0
2026-03-26 09:27:01,289 - src.processor - WARNING - Registros insuficientes (0) para C_VEN_PRE_MIGPPWP_SL. Mínimo requerido: 50. Archivo NO generado.
2026-03-26 09:27:01,290 - src.processor - INFO - Procesando: C_VEN_PRE_AMAPR2B_SL para fecha 2026-03-26 en carpeta 20260326
2026-03-26 09:27:26,121 - src.processor - INFO - Registros encontrados: 428000
2026-03-26 09:27:26,430 - src.processor - INFO - Archivo generado: C_VEN_PRE_AMAPR2B260326_SL.txt (428000 registros)
2026-03-26 09:27:26,431 - src.processor - INFO - Procesando: C_VEN_PRE_AMAPR2D_SL para fecha 2026-03-26 en carpeta 20260326
2026-03-26 09:27:51,362 - src.processor - INFO - Registros encontrados: 427000
2026-03-26 09:27:51,585 - src.processor - INFO - Archivo generado: C_VEN_PRE_AMAPR2D260326_SL.txt (427000 registros)
2026-03-26 09:27:51,649 - src.database - INFO - Conexión cerrada.
2026-03-26 09:27:51,650 - src.processor - INFO - Proceso finalizado.
2026-03-26 09:27:51,672 - Main - INFO - --- Ejecución completada exitosamente ---
2026-03-26 11:24:47,356 - Main - INFO - --- Iniciando Sistema de Generación de Audiencias ---
2026-03-26 11:24:47,356 - src.processor - INFO - Iniciando procesamiento de audiencias...
2026-03-26 11:24:47,366 - src.database - INFO - Intentando conectar a Teradata host: tdtvntg.claro.com.co...
2026-03-26 11:24:49,483 - src.database - INFO - Conexión a Teradata exitosa.
2026-03-26 11:24:49,489 - src.processor - INFO - Procesando: C_VEN_PRE_MIGCIER_SL para fecha 2026-03-26 en carpeta 20260326
2026-03-26 11:25:14,357 - src.processor - INFO - Registros encontrados: 2271
2026-03-26 11:25:14,360 - src.processor - INFO - Archivo generado: C_VEN_PRE_MIGCIER260326_SL.txt (2271 registros)
2026-03-26 11:25:14,361 - src.processor - INFO - Procesando: C_VEN_PRE_AMAPR2A_SL para fecha 2026-03-26 en carpeta 20260326
2026-03-26 11:25:34,590 - src.processor - INFO - Registros encontrados: 0
2026-03-26 11:25:34,591 - src.processor - WARNING - Registros insuficientes (0) para C_VEN_PRE_AMAPR2A_SL. Mínimo requerido: 50. Archivo NO generado.
2026-03-26 11:25:34,592 - src.processor - INFO - Procesando: C_VEN_PRE_MIGPPWP_SL para fecha 2026-03-26 en carpeta 20260326
2026-03-26 11:25:48,984 - src.processor - INFO - Registros encontrados: 29432
2026-03-26 11:25:49,002 - src.processor - INFO - Archivo generado: C_VEN_PRE_MIGPPWP260326_SL.txt (29432 registros)
2026-03-26 11:25:49,038 - src.database - INFO - Conexión cerrada.
2026-03-26 11:25:49,038 - src.processor - INFO - Proceso finalizado.
2026-03-26 11:25:49,040 - Main - INFO - --- Ejecución completada exitosamente ---
2026-03-26 12:17:45,873 - Main - INFO - --- Iniciando Sistema de Generación de Audiencias ---
2026-03-26 12:17:45,873 - src.processor - INFO - Iniciando procesamiento de audiencias...
2026-03-26 12:17:45,876 - src.database - INFO - Intentando conectar a Teradata host: tdtvntg.claro.com.co...
2026-03-26 12:17:49,303 - src.database - INFO - Conexión a Teradata exitosa.
2026-03-26 12:17:49,304 - src.processor - INFO - Procesando: C_VEN_PRE_MIGCIER_EP para fecha 2026-03-26 en carpeta 20260326
2026-03-26 12:17:50,040 - src.processor - INFO - Registros encontrados: 0
2026-03-26 12:17:50,041 - src.processor - WARNING - Registros insuficientes (0) para C_VEN_PRE_MIGCIER_EP. Mínimo requerido: 50. Archivo NO generado.
2026-03-26 12:17:50,041 - src.processor - INFO - Procesando: C_VEN_PRE_AMAPR2A_SL para fecha 2026-03-26 en carpeta 20260326
2026-03-26 12:18:03,729 - src.processor - INFO - Registros encontrados: 0
2026-03-26 12:18:03,729 - src.processor - WARNING - Registros insuficientes (0) para C_VEN_PRE_AMAPR2A_SL. Mínimo requerido: 50. Archivo NO generado.
2026-03-26 12:18:03,730 - src.processor - INFO - Procesando: C_VEN_PRE_AMAPR1A_RCS para fecha 2026-03-26 en carpeta 20260326
2026-03-26 12:18:17,386 - src.processor - INFO - Registros encontrados: 17619
2026-03-26 12:18:17,397 - src.processor - INFO - Archivo generado: C_VEN_PRE_AMAPR1A260326_RCS.txt (17619 registros)
2026-03-26 12:18:17,398 - src.processor - INFO - Procesando: C_VEN_PRE_AMAPR1B_RCS para fecha 2026-03-26 en carpeta 20260326
2026-03-26 12:18:33,107 - src.processor - INFO - Registros encontrados: 99398
2026-03-26 12:18:33,157 - src.processor - INFO - Archivo generado: C_VEN_PRE_AMAPR1B260326_RCS.txt (99398 registros)
2026-03-26 12:18:33,158 - src.processor - INFO - Procesando: C_VEN_PRE_AMAPR1B_SL para fecha 2026-03-26 en carpeta 20260326
2026-03-26 12:19:04,963 - src.processor - INFO - Registros encontrados: 999888
2026-03-26 12:19:05,443 - src.processor - INFO - Archivo generado: C_VEN_PRE_AMAPR1B260326_SL.txt (999888 registros)
2026-03-26 12:19:05,443 - src.processor - INFO - Procesando: C_VEN_PRE_AMAPR1A_SL para fecha 2026-03-26 en carpeta 20260326
2026-03-26 12:19:19,196 - src.processor - INFO - Registros encontrados: 37651
2026-03-26 12:19:19,225 - src.processor - INFO - Archivo generado: C_VEN_PRE_AMAPR1A260326_SL.txt (37651 registros)
2026-03-26 12:19:19,278 - src.database - INFO - Conexión cerrada.
2026-03-26 12:19:19,279 - src.processor - INFO - Proceso finalizado.
2026-03-26 12:19:19,281 - Main - INFO - --- Ejecución completada exitosamente ---
2026-03-26 21:42:55,969 - Main - INFO - --- Iniciando Sistema de Generación de Audiencias ---
2026-03-26 21:42:55,970 - src.processor - INFO - Iniciando procesamiento de audiencias...
2026-03-26 21:42:55,973 - src.database - INFO - Intentando conectar a Teradata host: tdtvntg.claro.com.co...
2026-03-26 21:42:57,810 - src.database - INFO - Conexión a Teradata exitosa.
2026-03-26 21:42:57,817 - src.processor - INFO - Procesando: C_VEN_PRE_MIGPPWP_RCS para fecha 2026-03-27 en carpeta 20260327
2026-03-26 21:43:06,272 - src.processor - INFO - Registros encontrados: 12510
2026-03-26 21:43:06,279 - src.processor - INFO - Archivo generado: C_VEN_PRE_MIGPPWP260327_RCS.txt (12510 registros)
2026-03-26 21:43:06,280 - src.processor - INFO - Procesando: C_VEN_PRE_MIMPCON_SL para fecha 2026-03-27 en carpeta 20260327
2026-03-26 21:43:14,818 - src.processor - INFO - Registros encontrados: 13821
2026-03-26 21:43:14,827 - src.processor - INFO - Archivo generado: C_VEN_PRE_MIMPCON260327_SL.txt (13821 registros)
2026-03-26 21:43:14,861 - src.database - INFO - Conexión cerrada.
2026-03-26 21:43:14,861 - src.processor - INFO - Proceso finalizado.
2026-03-26 21:43:14,862 - Main - INFO - --- Ejecución completada exitosamente ---
2026-03-27 09:31:31,785 - Main - INFO - --- Iniciando Sistema de Generación de Audiencias ---
2026-03-27 09:31:31,786 - src.processor - INFO - Iniciando procesamiento de audiencias...
2026-03-27 09:31:31,795 - src.database - INFO - Intentando conectar a Teradata host: tdtvntg.claro.com.co...
2026-03-27 09:31:33,674 - src.database - INFO - Conexión a Teradata exitosa.
2026-03-27 09:31:33,685 - src.processor - INFO - Procesando: C_VEN_PRE_PLAUT1A_RCS para fecha 2026-03-27 en carpeta 20260327
2026-03-27 09:31:51,493 - src.processor - INFO - Registros encontrados: 154108
2026-03-27 09:31:51,584 - src.processor - INFO - Archivo generado: C_VEN_PRE_PLAUT1A260327_RCS.txt (154108 registros)
2026-03-27 09:31:51,585 - src.processor - INFO - Procesando: C_VEN_PRE_MIGPPWP_RCS para fecha 2026-03-27 en carpeta 20260327
2026-03-27 09:32:14,359 - src.processor - INFO - Registros encontrados: 12263
2026-03-27 09:57:24,809 - src.processor - INFO - Archivo generado: C_VEN_PRE_MIGPPWP260327_RCS.txt (12263 registros)
2026-03-27 09:57:24,809 - src.processor - INFO - Procesando: C_VEN_PRE_MIMPCON_SL para fecha 2026-03-27 en carpeta 20260327
2026-03-27 09:57:56,506 - src.processor - INFO - Registros encontrados: 9981
2026-03-27 09:58:14,999 - src.processor - INFO - Archivo omitido por el usuario: C_VEN_PRE_MIMPCON260327_SL.txt
2026-03-27 09:58:15,000 - src.processor - INFO - Procesando: C_VEN_PRE_PLAUT1C_SL para fecha 2026-03-27 en carpeta 20260327
2026-03-27 09:58:41,634 - src.processor - INFO - Registros encontrados: 155218
2026-03-27 09:58:41,709 - src.processor - INFO - Archivo generado: C_VEN_PRE_PLAUT1C260327_SL.txt (155218 registros)
2026-03-27 09:58:41,711 - src.processor - INFO - Procesando: C_VEN_PRE_AMAPR1A_SL para fecha 2026-03-27 en carpeta 20260327
2026-03-27 09:59:00,722 - src.processor - INFO - Registros encontrados: 155086
2026-03-27 09:59:00,798 - src.processor - INFO - Archivo generado: C_VEN_PRE_AMAPR1A260327_SL.txt (155086 registros)
2026-03-27 09:59:00,799 - src.processor - INFO - Procesando: C_VEN_PRE_AMAPR1B_SL para fecha 2026-03-27 en carpeta 20260327
2026-03-27 09:59:31,702 - src.processor - INFO - Registros encontrados: 800500
2026-03-27 09:59:32,092 - src.processor - INFO - Archivo generado: C_VEN_PRE_AMAPR1B260327_SL.txt (800500 registros)
2026-03-27 09:59:32,093 - src.processor - INFO - Procesando: C_VEN_PRE_AMAPR1B_RCS para fecha 2026-03-27 en carpeta 20260327
2026-03-27 09:59:51,987 - src.processor - INFO - Registros encontrados: 276498
2026-03-27 09:59:52,116 - src.processor - INFO - Archivo generado: C_VEN_PRE_AMAPR1B_RCS260327_SL.txt (276498 registros)
2026-03-27 09:59:52,167 - src.database - INFO - Conexión cerrada.
2026-03-27 09:59:52,167 - src.processor - INFO - Proceso finalizado.
2026-03-27 09:59:52,180 - Main - INFO - --- Ejecución completada exitosamente ---
2026-03-27 10:03:18,684 - Main - INFO - --- Iniciando Sistema de Generación de Audiencias ---
2026-03-27 10:03:18,684 - src.processor - INFO - Iniciando procesamiento de audiencias...
2026-03-27 10:03:18,688 - src.database - INFO - Intentando conectar a Teradata host: tdtvntg.claro.com.co...
2026-03-27 10:03:20,788 - src.database - INFO - Conexión a Teradata exitosa.
2026-03-27 10:03:20,789 - src.processor - INFO - Procesando: C_VEN_PRE_AMAPR2C_SL para fecha 2026-03-27 en carpeta 20260327
2026-03-27 10:03:46,716 - src.processor - INFO - Registros encontrados: 0
2026-03-27 10:03:46,716 - src.processor - WARNING - Registros insuficientes (0) para C_VEN_PRE_AMAPR2C_SL. Mínimo requerido: 50. Archivo NO generado.
2026-03-27 10:03:46,717 - src.processor - INFO - Procesando: C_VEN_PRE_AMAPR2B_SL para fecha 2026-03-27 en carpeta 20260327
2026-03-27 10:04:09,928 - src.processor - INFO - Registros encontrados: 0
2026-03-27 10:04:09,928 - src.processor - WARNING - Registros insuficientes (0) para C_VEN_PRE_AMAPR2B_SL. Mínimo requerido: 50. Archivo NO generado.
2026-03-27 10:04:10,267 - src.database - INFO - Conexión cerrada.
2026-03-27 10:04:10,268 - src.processor - INFO - Proceso finalizado.
2026-03-27 10:04:10,268 - Main - INFO - --- Ejecución completada exitosamente ---
2026-03-27 10:36:57,346 - Main - INFO - --- Iniciando Sistema de Generación de Audiencias ---
2026-03-27 10:36:57,347 - src.processor - INFO - Iniciando procesamiento de audiencias...
2026-03-27 10:36:57,350 - src.database - INFO - Intentando conectar a Teradata host: tdtvntg.claro.com.co...
2026-03-27 10:37:01,220 - src.database - INFO - Conexión a Teradata exitosa.
2026-03-27 10:37:01,221 - src.processor - INFO - Procesando: C_VEN_PRE_AMAPR2C_SL para fecha 2026-03-27 en carpeta 20260327
2026-03-27 10:37:34,509 - src.processor - INFO - Registros encontrados: 800500
2026-03-27 10:37:34,907 - src.processor - INFO - Archivo generado: C_VEN_PRE_AMAPR2C260327_SL.txt (800500 registros)
2026-03-27 10:37:34,909 - src.processor - INFO - Procesando: C_VEN_PRE_AMAPR2B_SL para fecha 2026-03-27 en carpeta 20260327
2026-03-27 10:38:14,583 - src.processor - INFO - Registros encontrados: 800500
2026-03-27 10:38:14,996 - src.processor - INFO - Archivo generado: C_VEN_PRE_AMAPR2B260327_SL.txt (800500 registros)
2026-03-27 10:38:15,852 - src.database - INFO - Conexión cerrada.
2026-03-27 10:38:15,852 - src.processor - INFO - Proceso finalizado.
2026-03-27 10:38:15,891 - Main - INFO - --- Ejecución completada exitosamente ---
2026-03-27 13:07:26,032 - Main - INFO - --- Iniciando Sistema de Generación de Audiencias ---
2026-03-27 13:07:26,032 - src.processor - INFO - Iniciando procesamiento de audiencias...
2026-03-27 13:07:26,038 - src.database - INFO - Intentando conectar a Teradata host: tdtvntg.claro.com.co...
2026-03-27 13:07:27,499 - src.database - INFO - Conexión a Teradata exitosa.
2026-03-27 13:07:27,505 - src.processor - INFO - Procesando: C_VEN_PRE_PLAUT2B_RCS para fecha 2026-03-28 en carpeta 20260328
2026-03-27 13:07:39,298 - src.processor - INFO - Registros encontrados: 155000
2026-03-27 13:07:39,384 - src.processor - INFO - Archivo generado: C_VEN_PRE_PLAUT2B260328_RCS.txt (155000 registros)
2026-03-27 13:07:39,386 - src.processor - INFO - Procesando: C_VEN_PRE_MIGPPWP_RCS para fecha 2026-03-28 en carpeta 20260328
2026-03-27 13:07:48,421 - src.processor - INFO - Registros encontrados: 17446
2026-03-27 13:07:48,430 - src.processor - INFO - Archivo generado: C_VEN_PRE_MIGPPWP260328_RCS.txt (17446 registros)
2026-03-27 13:07:48,432 - src.processor - INFO - Procesando: C_VEN_PRE_MIGEDUC_SL para fecha 2026-03-28 en carpeta 20260328
2026-03-27 13:07:57,127 - src.processor - INFO - Registros encontrados: 13156
2026-03-27 13:07:57,135 - src.processor - INFO - Archivo generado: C_VEN_PRE_MIGEDUC260328_SL.txt (13156 registros)
2026-03-27 13:07:57,136 - src.processor - INFO - Procesando: C_VEN_PRE_PLAUT2D_SL para fecha 2026-03-28 en carpeta 20260328
2026-03-27 13:08:23,727 - src.processor - INFO - Registros encontrados: 909000
2026-03-27 13:08:24,196 - src.processor - INFO - Archivo generado: C_VEN_PRE_PLAUT2D260328_SL.txt (909000 registros)
2026-03-27 13:08:24,197 - src.processor - INFO - Procesando: C_VEN_PRE_AMAPR2B_RCS para fecha 2026-03-28 en carpeta 20260328
2026-03-27 13:08:35,959 - src.processor - INFO - Registros encontrados: 154641
2026-03-27 13:08:36,043 - src.processor - INFO - Archivo generado: C_VEN_PRE_AMAPR2B260328_RCS.txt (154641 registros)
2026-03-27 13:08:36,044 - src.processor - INFO - Procesando: C_VEN_PRE_AMAPR2B_SL para fecha 2026-03-28 en carpeta 20260328
2026-03-27 13:08:44,625 - src.processor - INFO - Registros encontrados: 0
2026-03-27 13:08:44,626 - src.processor - WARNING - Registros insuficientes (0) para C_VEN_PRE_AMAPR2B_SL. Mínimo requerido: 50. Archivo NO generado.
2026-03-27 13:08:44,627 - src.processor - INFO - Procesando: C_VEN_PRE_AMAPR2A_SL para fecha 2026-03-28 en carpeta 20260328
2026-03-27 13:08:56,504 - src.processor - INFO - Registros encontrados: 155086
2026-03-27 13:08:56,581 - src.processor - INFO - Archivo generado: C_VEN_PRE_AMAPR2A260328_SL.txt (155086 registros)
2026-03-27 13:08:56,602 - src.database - INFO - Conexión cerrada.
2026-03-27 13:08:56,603 - src.processor - INFO - Proceso finalizado.
2026-03-27 13:08:56,610 - Main - INFO - --- Ejecución completada exitosamente ---
2026-03-27 13:29:53,375 - Main - INFO - --- Iniciando Sistema de Generación de Audiencias ---
2026-03-27 13:29:53,375 - src.processor - INFO - Iniciando procesamiento de audiencias...
2026-03-27 13:29:53,379 - src.database - INFO - Intentando conectar a Teradata host: tdtvntg.claro.com.co...
2026-03-27 13:29:54,733 - src.database - INFO - Conexión a Teradata exitosa.
2026-03-27 13:29:54,734 - src.processor - INFO - Procesando: C_VEN_PRE_PLAUT2B_RCS para fecha 2026-03-28 en carpeta 20260328
2026-03-27 13:30:06,573 - src.processor - INFO - Registros encontrados: 155000
2026-03-27 13:30:51,816 - src.processor - INFO - Archivo omitido por el usuario: C_VEN_PRE_PLAUT2B260328_RCS.txt
2026-03-27 13:30:51,816 - src.processor - INFO - Procesando: C_VEN_PRE_MIGPPWP_RCS para fecha 2026-03-28 en carpeta 20260328
2026-03-27 13:31:02,740 - src.processor - INFO - Registros encontrados: 17446
2026-03-27 13:31:22,381 - src.processor - INFO - Archivo omitido por el usuario: C_VEN_PRE_MIGPPWP260328_RCS.txt
2026-03-27 13:31:22,381 - src.processor - INFO - Procesando: C_VEN_PRE_MIGEDUC_SL para fecha 2026-03-28 en carpeta 20260328
2026-03-27 13:31:36,173 - src.processor - INFO - Registros encontrados: 13156
2026-03-27 13:32:40,573 - src.processor - INFO - Archivo omitido por el usuario: C_VEN_PRE_MIGEDUC260328_SL.txt
2026-03-27 13:32:40,574 - src.processor - INFO - Procesando: C_VEN_PRE_PLAUT2D_SL para fecha 2026-03-28 en carpeta 20260328
2026-03-27 13:33:06,752 - src.processor - INFO - Registros encontrados: 909000
2026-03-27 13:33:14,892 - src.processor - INFO - Archivo omitido por el usuario: C_VEN_PRE_PLAUT2D260328_SL.txt
2026-03-27 13:33:14,893 - src.processor - INFO - Procesando: C_VEN_PRE_AMAPR2B_RCS para fecha 2026-03-28 en carpeta 20260328
2026-03-27 13:33:31,624 - src.processor - INFO - Registros encontrados: 154641
2026-03-27 13:33:33,549 - src.processor - INFO - Archivo omitido por el usuario: C_VEN_PRE_AMAPR2B260328_RCS.txt
2026-03-27 13:33:33,550 - src.processor - INFO - Procesando: C_VEN_PRE_AMAPR2B_SL para fecha 2026-03-28 en carpeta 20260328
2026-03-27 13:34:05,577 - src.processor - INFO - Registros encontrados: 909000
2026-03-27 13:34:06,002 - src.processor - INFO - Archivo generado: C_VEN_PRE_AMAPR2B260328_SL.txt (909000 registros)
2026-03-27 13:34:06,003 - src.processor - INFO - Procesando: C_VEN_PRE_AMAPR2A_SL para fecha 2026-03-28 en carpeta 20260328
2026-03-27 13:34:17,490 - src.processor - INFO - Registros encontrados: 155086
2026-03-27 13:34:23,596 - src.processor - INFO - Archivo omitido por el usuario: C_VEN_PRE_AMAPR2A260328_SL.txt
2026-03-27 13:34:23,596 - src.processor - INFO - Procesando: C_VEN_PRE_AMAPR2C_SL para fecha 2026-03-28 en carpeta 20260328
2026-03-27 13:34:50,654 - src.processor - INFO - Registros encontrados: 909000
2026-03-27 13:34:51,095 - src.processor - INFO - Archivo generado: C_VEN_PRE_AMAPR2C260328_SL.txt (909000 registros)
2026-03-27 13:34:51,161 - src.database - INFO - Conexión cerrada.
2026-03-27 13:34:51,161 - src.processor - INFO - Proceso finalizado.
2026-03-27 13:34:51,203 - Main - INFO - --- Ejecución completada exitosamente ---
2026-03-27 15:44:37,678 - Main - INFO - --- Iniciando Sistema de Generación de Audiencias ---
2026-03-27 15:44:37,678 - src.processor - INFO - Iniciando procesamiento de audiencias...
2026-03-27 15:44:37,678 - src.database - INFO - Intentando conectar a Teradata host: tdtvntg.claro.com.co...
2026-03-27 15:44:41,262 - src.database - INFO - Conexión a Teradata exitosa.
2026-03-27 15:44:41,265 - src.processor - INFO - Procesando: C_VEN_CON_OF89KFE_EP para fecha 2026-03-27 en carpeta 20260327
2026-03-27 15:44:57,651 - src.processor - INFO - Registros encontrados: 399375
2026-03-27 15:44:58,038 - src.processor - INFO - Archivo generado: C_VEN_CON_OF89KFE260327_EP.txt (399375 registros)
2026-03-27 15:44:58,039 - src.processor - INFO - Procesando: C_VEN_HOG_VMH46KM_EP para fecha 2026-03-27 en carpeta 20260327
2026-03-27 15:44:59,903 - src.processor - INFO - Registros encontrados: 35098
2026-03-27 15:44:59,952 - src.processor - INFO - Archivo generado: C_VEN_HOG_VMH46KM260327_EP.txt (35098 registros)
2026-03-27 15:44:59,984 - src.database - INFO - Conexión cerrada.
2026-03-27 15:44:59,984 - src.processor - INFO - Proceso finalizado.
2026-03-27 15:44:59,989 - Main - INFO - --- Ejecución completada exitosamente ---
2026-03-27 16:11:46,424 - Main - INFO - --- Iniciando Sistema de Generación de Audiencias ---
2026-03-27 16:11:46,424 - src.processor - INFO - Iniciando procesamiento de audiencias...
2026-03-27 16:11:46,440 - src.database - INFO - Intentando conectar a Teradata host: tdtvntg.claro.com.co...
2026-03-27 16:11:47,938 - src.database - INFO - Conexión a Teradata exitosa.
2026-03-27 16:11:47,940 - src.processor - INFO - Procesando: C_REN_HOG_OTTWLIG_IP para fecha 2026-03-28 en carpeta 20260328
2026-03-27 16:11:59,897 - src.processor - INFO - Registros encontrados: 89223
2026-03-27 16:11:59,957 - src.processor - INFO - Archivo generado: C_REN_HOG_OTTWLIG260328_IP.txt (89223 registros)
2026-03-27 16:11:59,958 - src.processor - INFO - Procesando: C_REN_HOG_CNPWLIG_RCS para fecha 2026-03-28 en carpeta 20260328
2026-03-27 16:12:11,427 - src.processor - INFO - Registros encontrados: 103336
2026-03-27 16:12:11,477 - src.processor - INFO - Archivo generado: C_REN_HOG_CNPWLIG260328_RCS.txt (103336 registros)
2026-03-27 16:12:11,478 - src.processor - INFO - Procesando: C_REN_POS_OTTACZA_RCS para fecha 2026-03-28 en carpeta 20260328
2026-03-27 16:12:20,573 - src.processor - INFO - Registros encontrados: 29856
2026-03-27 16:12:20,590 - src.processor - INFO - Archivo generado: C_REN_POS_OTTACZA260328_RCS.txt (29856 registros)
2026-03-27 16:12:20,591 - src.processor - INFO - Procesando: C_REN_HOG_OTTHOGM_RCS para fecha 2026-03-28 en carpeta 20260328
2026-03-27 16:12:29,584 - src.processor - INFO - Registros encontrados: 26400
2026-03-27 16:12:29,599 - src.processor - INFO - Archivo generado: C_REN_HOG_OTTHOGM260328_RCS.txt (26400 registros)
2026-03-27 16:12:29,600 - src.processor - INFO - Procesando: C_REN_POS_OTTNONS_RCS para fecha 2026-03-28 en carpeta 20260328
2026-03-27 16:12:38,792 - src.processor - INFO - Registros encontrados: 5522
2026-03-27 16:12:38,797 - src.processor - INFO - Archivo generado: C_REN_POS_OTTNONS260328_RCS.txt (5522 registros)
2026-03-27 16:12:38,798 - src.processor - INFO - Procesando: C_INN_PRE_PAY3GRA_SL para fecha 2026-03-28 en carpeta 20260328
2026-03-27 16:13:08,013 - src.processor - INFO - Registros encontrados: 900273
2026-03-27 16:13:08,429 - src.processor - INFO - Archivo generado: C_INN_PRE_PAY3GRA260328_SL.txt (900273 registros)
2026-03-27 16:13:08,431 - src.processor - INFO - Procesando: C_INN_PRE_PAYRTRG_SL para fecha 2026-03-28 en carpeta 20260328
2026-03-27 16:13:16,932 - src.processor - INFO - Registros encontrados: 4458
2026-03-27 16:13:16,936 - src.processor - INFO - Archivo generado: C_INN_PRE_PAYRTRG260328_SL.txt (4458 registros)
2026-03-27 16:13:16,937 - src.processor - INFO - Procesando: C_REN_HOG_CNPOMUG_SL para fecha 2026-03-28 en carpeta 20260328
2026-03-27 16:13:25,335 - src.processor - INFO - Registros encontrados: 5372
2026-03-27 16:13:25,342 - src.processor - INFO - Archivo generado: C_REN_HOG_CNPOMUG260328_SL.txt (5372 registros)
2026-03-27 16:13:25,343 - src.processor - INFO - Procesando: C_REN_POS_OTTAZN1_SL para fecha 2026-03-28 en carpeta 20260328
2026-03-27 16:13:36,207 - src.processor - INFO - Registros encontrados: 125945
2026-03-27 16:13:36,277 - src.processor - INFO - Archivo generado: C_REN_POS_OTTAZN1260328_SL.txt (125945 registros)
2026-03-27 16:13:36,278 - src.processor - INFO - Procesando: C_REN_HOG_OTTHOGB_SL para fecha 2026-03-28 en carpeta 20260328
2026-03-27 16:13:44,720 - src.processor - INFO - Registros encontrados: 302
2026-03-27 16:13:44,722 - src.processor - INFO - Archivo generado: C_REN_HOG_OTTHOGB260328_SL.txt (302 registros)
2026-03-27 16:13:44,723 - src.processor - INFO - Procesando: C_REN_POS_OTTNONS_SL para fecha 2026-03-28 en carpeta 20260328
2026-03-27 16:13:55,377 - src.processor - INFO - Registros encontrados: 113521
2026-03-27 16:13:55,436 - src.processor - INFO - Archivo generado: C_REN_POS_OTTNONS260328_SL.txt (113521 registros)
2026-03-27 16:13:55,492 - src.database - INFO - Conexión cerrada.
2026-03-27 16:13:55,493 - src.processor - INFO - Proceso finalizado.
2026-03-27 16:13:55,498 - Main - INFO - --- Ejecución completada exitosamente ---
2026-03-27 16:48:26,639 - Main - INFO - --- Iniciando Sistema de Generación de Audiencias ---
2026-03-27 16:48:26,639 - src.processor - INFO - Iniciando procesamiento de audiencias...
2026-03-27 16:48:26,653 - src.database - INFO - Intentando conectar a Teradata host: tdtvntg.claro.com.co...
2026-03-27 16:48:28,449 - src.database - INFO - Conexión a Teradata exitosa.
2026-03-27 16:48:28,451 - src.processor - INFO - Procesando: C_CLU_HOG_CUPRAPP_IP para fecha 2026-03-28 en carpeta 20260328
2026-03-27 16:48:45,405 - src.processor - INFO - Registros encontrados: 16358
2026-03-27 16:48:45,416 - src.processor - INFO - Archivo generado: C_CLU_HOG_CUPRAPP260328_IP.txt (16358 registros)
2026-03-27 16:48:45,417 - src.processor - INFO - Procesando: C_USO_POS_DUNKINM_S0 para fecha 2026-03-28 en carpeta 20260328
2026-03-27 16:48:59,231 - src.processor - INFO - Registros encontrados: 1286
2026-03-27 16:48:59,233 - src.processor - INFO - Archivo generado: C_USO_POS_DUNKINM260328_S0.txt (1286 registros)
2026-03-27 16:48:59,234 - src.processor - INFO - Procesando: C_CLU_HOG_CUPONCH_S0 para fecha 2026-03-28 en carpeta 20260328
2026-03-27 16:49:13,192 - src.processor - INFO - Registros encontrados: 10616
2026-03-27 16:49:13,199 - src.processor - INFO - Archivo generado: C_CLU_HOG_CUPONCH260328_S0.txt (10616 registros)
2026-03-27 16:49:13,201 - src.processor - INFO - Procesando: C_CLU_POS_CUPONCH_S0 para fecha 2026-03-28 en carpeta 20260328
2026-03-27 16:49:26,902 - src.processor - INFO - Registros encontrados: 1398
2026-03-27 16:49:26,905 - src.processor - INFO - Archivo generado: C_CLU_POS_CUPONCH260328_S0.txt (1398 registros)
2026-03-27 16:49:26,906 - src.processor - INFO - Procesando: C_AUT_POS_BITDEFM_SL para fecha 2026-03-28 en carpeta 20260328
2026-03-27 16:49:38,660 - src.processor - INFO - Registros encontrados: 4
2026-03-27 16:49:38,660 - src.processor - WARNING - Registros insuficientes (4) para C_AUT_POS_BITDEFM_SL. Mínimo requerido: 50. Archivo NO generado.
2026-03-27 16:49:38,661 - src.processor - INFO - Procesando: C_CLU_HOG_CUPONDU_SL para fecha 2026-03-28 en carpeta 20260328
2026-03-27 16:49:55,521 - src.processor - INFO - Registros encontrados: 1797
2026-03-27 16:49:55,523 - src.processor - INFO - Archivo generado: C_CLU_HOG_CUPONDU260328_SL.txt (1797 registros)
2026-03-27 16:49:55,525 - src.processor - INFO - Procesando: C_CLU_POS_CUPONDU_SL para fecha 2026-03-28 en carpeta 20260328
2026-03-27 16:50:15,517 - src.processor - INFO - Registros encontrados: 6
2026-03-27 16:50:15,517 - src.processor - WARNING - Registros insuficientes (6) para C_CLU_POS_CUPONDU_SL. Mínimo requerido: 50. Archivo NO generado.
2026-03-27 16:50:15,518 - src.processor - INFO - Procesando: C_VEN_EQU_CFISAPO_RCS para fecha 2026-03-28 en carpeta 20260328
2026-03-27 16:50:31,662 - src.processor - INFO - Registros encontrados: 3980
2026-03-27 16:50:31,666 - src.processor - INFO - Archivo generado: C_VEN_EQU_CFISAPO260328_RCS.txt (3980 registros)
2026-03-27 16:50:31,667 - src.processor - INFO - Procesando: C_VEN_EQU_CFIOPPO_RCS para fecha 2026-03-28 en carpeta 20260328
2026-03-27 16:50:43,947 - src.processor - INFO - Registros encontrados: 10547
2026-03-27 16:50:43,953 - src.processor - INFO - Archivo generado: C_VEN_EQU_CFIOPPO260328_RCS.txt (10547 registros)
2026-03-27 16:50:43,955 - src.processor - INFO - Procesando: C_VEN_EQU_CFIXIPO_S0 para fecha 2026-03-28 en carpeta 20260328
2026-03-27 16:50:56,346 - src.processor - INFO - Registros encontrados: 46424
2026-03-27 16:50:56,379 - src.processor - INFO - Archivo generado: C_VEN_EQU_CFIXIPO260328_S0.txt (46424 registros)
2026-03-27 16:50:56,380 - src.processor - INFO - Procesando: C_VEN_EQU_CFISAHO_SL para fecha 2026-03-28 en carpeta 20260328
2026-03-27 16:51:07,863 - src.processor - INFO - Registros encontrados: 14154
2026-03-27 16:51:07,871 - src.processor - INFO - Archivo generado: C_VEN_EQU_CFISAHO260328_SL.txt (14154 registros)
2026-03-27 16:51:07,873 - src.processor - INFO - Procesando: C_VEN_EQU_CFIHOPO_SL para fecha 2026-03-28 en carpeta 20260328
2026-03-27 16:51:19,234 - src.processor - INFO - Registros encontrados: 964
2026-03-27 16:51:19,236 - src.processor - INFO - Archivo generado: C_VEN_EQU_CFIHOPO260328_SL.txt (964 registros)
2026-03-27 16:51:19,237 - src.processor - INFO - Procesando: C_INN_HOG_AFICMDC_SL para fecha 2026-03-28 en carpeta 20260328
2026-03-27 16:51:33,632 - src.processor - INFO - Registros encontrados: 484
2026-03-27 16:51:33,641 - src.processor - INFO - Archivo generado: C_INN_HOG_AFICMDC260328_SL.txt (484 registros)
2026-03-27 16:51:33,641 - src.processor - INFO - Procesando: C_VEN_EQU_CPTPOBP_SL para fecha 2026-03-28 en carpeta 20260328
2026-03-27 16:51:44,443 - src.processor - INFO - Registros encontrados: 0
2026-03-27 16:51:44,443 - src.processor - WARNING - Registros insuficientes (0) para C_VEN_EQU_CPTPOBP_SL. Mínimo requerido: 50. Archivo NO generado.
2026-03-27 16:51:44,443 - src.processor - INFO - Procesando: C_VAS_POS_MUS3MPM_SL para fecha 2026-03-28 en carpeta 20260328
2026-03-27 16:51:58,513 - src.processor - INFO - Registros encontrados: 27745
2026-03-27 16:51:58,528 - src.processor - INFO - Archivo generado: C_VAS_POS_MUS3MPM260328_SL.txt (27745 registros)
2026-03-27 16:51:58,570 - src.database - INFO - Conexión cerrada.
2026-03-27 16:51:58,570 - src.processor - INFO - Proceso finalizado.
2026-03-27 16:51:58,572 - Main - INFO - --- Ejecución completada exitosamente ---
2026-03-27 16:52:40,892 - Main - INFO - --- Iniciando Sistema de Generación de Audiencias ---
2026-03-27 16:52:40,892 - src.processor - INFO - Iniciando procesamiento de audiencias...
2026-03-27 16:52:40,896 - src.database - INFO - Intentando conectar a Teradata host: tdtvntg.claro.com.co...
2026-03-27 16:52:42,277 - src.database - INFO - Conexión a Teradata exitosa.
2026-03-27 16:52:42,279 - src.processor - INFO - Procesando: C_INN_PRE_PAY3GRA_SL para fecha 2026-03-28 en carpeta 20260328
2026-03-27 16:53:10,340 - src.processor - INFO - Registros encontrados: 900273
2026-03-27 16:53:18,910 - src.processor - INFO - Archivo omitido por el usuario: C_INN_PRE_PAY3GRA260328_SL.txt
2026-03-27 16:53:18,912 - src.processor - INFO - Procesando: C_INN_PRE_PAYRTRG_SL para fecha 2026-03-28 en carpeta 20260328
2026-03-27 16:53:30,200 - src.processor - INFO - Registros encontrados: 4458
2026-03-27 16:53:33,429 - src.processor - INFO - Archivo omitido por el usuario: C_INN_PRE_PAYRTRG260328_SL.txt
2026-03-27 16:53:33,430 - src.processor - INFO - Procesando: C_REN_HOG_CNPOMUG_SL para fecha 2026-03-28 en carpeta 20260328
2026-03-27 16:53:46,832 - src.processor - INFO - Registros encontrados: 5372
2026-03-27 16:53:57,527 - src.processor - INFO - Archivo omitido por el usuario: C_REN_HOG_CNPOMUG260328_SL.txt
2026-03-27 16:53:57,528 - src.processor - INFO - Procesando: C_REN_POS_OTTAZN1_SL para fecha 2026-03-28 en carpeta 20260328
2026-03-27 16:54:14,785 - src.processor - INFO - Registros encontrados: 125945
2026-03-27 16:54:21,550 - src.processor - INFO - Archivo omitido por el usuario: C_REN_POS_OTTAZN1260328_SL.txt
2026-03-27 16:54:21,552 - src.processor - INFO - Procesando: C_REN_HOG_OTTHOGB_SL para fecha 2026-03-28 en carpeta 20260328
2026-03-27 16:54:35,914 - src.processor - INFO - Registros encontrados: 302
2026-03-27 16:54:37,766 - src.processor - INFO - Archivo omitido por el usuario: C_REN_HOG_OTTHOGB260328_SL.txt
2026-03-27 16:54:37,768 - src.processor - INFO - Procesando: C_REN_POS_OTTNONS_SL para fecha 2026-03-28 en carpeta 20260328
2026-03-27 16:54:53,605 - src.processor - INFO - Registros encontrados: 113521
2026-03-27 16:54:55,750 - src.processor - INFO - Archivo omitido por el usuario: C_REN_POS_OTTNONS260328_SL.txt
2026-03-27 16:54:55,784 - src.database - INFO - Conexión cerrada.
2026-03-27 16:54:55,785 - src.processor - INFO - Proceso finalizado.
2026-03-27 16:54:55,791 - Main - INFO - --- Ejecución completada exitosamente ---
2026-03-27 16:57:45,546 - Main - INFO - --- Iniciando Sistema de Generación de Audiencias ---
2026-03-27 16:57:45,546 - src.processor - INFO - Iniciando procesamiento de audiencias...
2026-03-27 16:57:45,550 - src.database - INFO - Intentando conectar a Teradata host: tdtvntg.claro.com.co...
2026-03-27 16:57:46,904 - src.database - INFO - Conexión a Teradata exitosa.
2026-03-27 16:57:46,906 - src.processor - INFO - Procesando: N_VAS_HOG_VIDTEDP_AP para fecha 2026-03-28 en carpeta 20260328
2026-03-27 16:58:06,438 - src.processor - INFO - Registros encontrados: 401379
2026-03-27 16:58:06,632 - src.processor - INFO - Archivo generado: N_VAS_HOG_VIDTEDP260328_AP.txt (401379 registros)
2026-03-27 16:58:06,634 - src.processor - INFO - Procesando: N_VAS_POS_CDVM200_S0 para fecha 2026-03-28 en carpeta 20260328
2026-03-27 16:58:27,711 - src.processor - INFO - Registros encontrados: 602766
2026-03-27 16:58:28,008 - src.processor - INFO - Archivo generado: N_VAS_POS_CDVM200260328_S0.txt (602766 registros)
2026-03-27 16:58:28,009 - src.processor - INFO - Procesando: N_VAS_HOG_VIDTEDS_S0 para fecha 2026-03-28 en carpeta 20260328
2026-03-27 16:58:50,670 - src.processor - INFO - Registros encontrados: 468055
2026-03-27 16:58:50,883 - src.processor - INFO - Archivo generado: N_VAS_HOG_VIDTEDS260328_S0.txt (468055 registros)
2026-03-27 16:58:50,883 - src.processor - INFO - Procesando: N_VAS_HOG_VIDTEDV_SL para fecha 2026-03-28 en carpeta 20260328
2026-03-27 16:59:12,622 - src.processor - INFO - Registros encontrados: 676465
2026-03-27 16:59:12,945 - src.processor - INFO - Archivo generado: N_VAS_HOG_VIDTEDV260328_SL.txt (676465 registros)
2026-03-27 16:59:12,975 - src.database - INFO - Conexión cerrada.
2026-03-27 16:59:12,976 - src.processor - INFO - Proceso finalizado.
2026-03-27 16:59:13,008 - Main - INFO - --- Ejecución completada exitosamente ---
2026-03-27 17:06:31,288 - Main - INFO - --- Iniciando Sistema de Generación de Audiencias ---
2026-03-27 17:06:31,288 - src.processor - INFO - Iniciando procesamiento de audiencias...
2026-03-27 17:06:31,288 - src.database - INFO - Intentando conectar a Teradata host: tdtvntg.claro.com.co...
2026-03-27 17:06:32,764 - src.database - INFO - Conexión a Teradata exitosa.
2026-03-27 17:06:32,766 - src.processor - INFO - Procesando: N_VAS_POS_CDVM200_S0 para fecha 2026-03-28 en carpeta 20260328
2026-03-27 17:07:12,571 - src.processor - INFO - Registros encontrados: 1577221
2026-03-27 17:07:28,751 - src.processor - INFO - Archivo omitido por el usuario: N_VAS_POS_CDVM200260328_S0.txt
2026-03-27 17:07:28,752 - src.processor - INFO - Procesando: N_VAS_HOG_VIDTEDS_S0 para fecha 2026-03-28 en carpeta 20260328
2026-03-27 17:07:46,308 - src.processor - INFO - Registros encontrados: 468055
2026-03-27 17:07:54,223 - src.processor - INFO - Archivo omitido por el usuario: N_VAS_HOG_VIDTEDS260328_S0.txt
2026-03-27 17:07:54,262 - src.database - INFO - Conexión cerrada.
2026-03-27 17:07:54,263 - src.processor - INFO - Proceso finalizado.
2026-03-27 17:07:54,284 - Main - INFO - --- Ejecución completada exitosamente ---
2026-03-27 17:08:13,631 - Main - INFO - --- Iniciando Sistema de Generación de Audiencias ---
2026-03-27 17:08:13,631 - src.processor - INFO - Iniciando procesamiento de audiencias...
2026-03-27 17:08:13,631 - src.database - INFO - Intentando conectar a Teradata host: tdtvntg.claro.com.co...
2026-03-27 17:08:15,033 - src.database - INFO - Conexión a Teradata exitosa.
2026-03-27 17:08:15,035 - src.processor - INFO - Procesando: N_VAS_HOG_VIDTEDP_AP para fecha 2026-03-28 en carpeta 20260328
2026-03-27 17:08:31,013 - src.processor - INFO - Registros encontrados: 401379
2026-03-27 17:08:35,871 - src.processor - INFO - Archivo omitido por el usuario: N_VAS_HOG_VIDTEDP260328_AP.txt
2026-03-27 17:08:35,872 - src.processor - INFO - Procesando: N_VAS_HOG_VIDTEDV_SL para fecha 2026-03-28 en carpeta 20260328
2026-03-27 17:09:02,990 - src.processor - INFO - Registros encontrados: 976465
2026-03-27 17:09:05,328 - src.processor - INFO - Archivo omitido por el usuario: N_VAS_HOG_VIDTEDV260328_SL.txt
2026-03-27 17:09:05,418 - src.database - INFO - Conexión cerrada.
2026-03-27 17:09:05,419 - src.processor - INFO - Proceso finalizado.
2026-03-27 17:09:05,463 - Main - INFO - --- Ejecución completada exitosamente ---
2026-03-27 17:24:13,171 - Main - INFO - --- Iniciando Sistema de Generación de Audiencias ---
2026-03-27 17:24:13,171 - src.processor - INFO - Iniciando procesamiento de audiencias...
2026-03-27 17:24:13,176 - src.database - INFO - Intentando conectar a Teradata host: tdtvntg.claro.com.co...
2026-03-27 17:24:14,657 - src.database - INFO - Conexión a Teradata exitosa.
2026-03-27 17:24:14,659 - src.processor - INFO - Procesando: N_VAS_POS_CDVM200_S0 para fecha 2026-03-28 en carpeta 20260328
2026-03-27 17:24:35,057 - src.processor - INFO - Registros encontrados: 500000
2026-03-28 16:50:45,324 - Main - INFO - --- Iniciando Sistema de Generación de Audiencias ---
2026-03-28 16:50:45,324 - src.processor - INFO - Iniciando procesamiento de audiencias...
2026-03-28 16:50:45,329 - src.database - INFO - Intentando conectar a Teradata host: tdtvntg.claro.com.co...
2026-03-28 16:50:50,340 - src.database - INFO - Conexión a Teradata exitosa.
2026-03-28 16:50:50,343 - src.processor - INFO - Procesando: C_VEN_CON_OF89KFE_EP para fecha 2026-03-30 en carpeta 20260330
2026-03-28 16:51:02,963 - src.processor - INFO - Registros encontrados: 399297
2026-03-28 16:51:03,353 - src.processor - INFO - Archivo generado: C_VEN_CON_OF89KFE260330_EP.txt (399297 registros)
2026-03-28 16:51:03,354 - src.processor - INFO - Procesando: C_VEN_HOG_VMH46KM_EP para fecha 2026-03-30 en carpeta 20260330
2026-03-28 16:51:04,322 - src.processor - INFO - Registros encontrados: 10120
2026-03-28 16:51:04,334 - src.processor - INFO - Archivo generado: C_VEN_HOG_VMH46KM260330_EP.txt (10120 registros)
2026-03-28 16:51:04,334 - src.processor - INFO - Procesando: C_VEN_CON_OF89KFE_IP para fecha 2026-03-30 en carpeta 20260330
2026-03-28 16:51:20,931 - src.processor - INFO - Registros encontrados: 388971
2026-03-28 16:51:21,165 - src.processor - INFO - Archivo generado: C_VEN_CON_OF89KFE260330_IP.txt (388971 registros)
2026-03-28 16:51:21,166 - src.processor - INFO - Procesando: C_VEN_HOG_VMH46KM_IP para fecha 2026-03-30 en carpeta 20260330
2026-03-28 16:51:29,791 - src.processor - INFO - Registros encontrados: 5804
2026-03-28 16:51:29,796 - src.processor - INFO - Archivo generado: C_VEN_HOG_VMH46KM260330_IP.txt (5804 registros)
2026-03-28 16:51:29,797 - src.processor - INFO - Procesando: C_VEN_CON_OF89FEC_AP para fecha 2026-03-30 en carpeta 20260330
2026-03-28 16:51:45,593 - src.processor - INFO - Registros encontrados: 408956
2026-03-28 16:51:45,790 - src.processor - INFO - Archivo generado: C_VEN_CON_OF89FEC260330_AP.txt (408956 registros)
2026-03-28 16:51:45,792 - src.processor - INFO - Procesando: C_VEN_HOG_VMH46BP_AP para fecha 2026-03-30 en carpeta 20260330
2026-03-28 16:51:54,573 - src.processor - INFO - Registros encontrados: 2024
2026-03-28 16:51:54,576 - src.processor - INFO - Archivo generado: C_VEN_HOG_VMH46BP260330_AP.txt (2024 registros)
2026-03-28 16:51:54,577 - src.processor - INFO - Procesando: C_VEN_CON_OF89FES_AP para fecha 2026-03-30 en carpeta 20260330
2026-03-28 16:52:10,692 - src.processor - INFO - Registros encontrados: 388962
2026-03-28 16:52:10,932 - src.processor - INFO - Archivo generado: C_VEN_CON_OF89FES260330_AP.txt (388962 registros)
2026-03-28 16:52:10,933 - src.processor - INFO - Procesando: C_VEN_HOG_VMH46MS_AP para fecha 2026-03-30 en carpeta 20260330
2026-03-28 16:52:19,499 - src.processor - INFO - Registros encontrados: 5804
2026-03-28 16:52:19,504 - src.processor - INFO - Archivo generado: C_VEN_HOG_VMH46MS260330_AP.txt (5804 registros)
2026-03-28 16:52:19,505 - src.processor - INFO - Procesando: C_VEN_HOG_VMH46KA_RCS para fecha 2026-03-30 en carpeta 20260330
2026-03-28 16:52:28,122 - src.processor - INFO - Registros encontrados: 4801
2026-03-28 16:52:28,126 - src.processor - INFO - Archivo generado: C_VEN_HOG_VMH46KA260330_RCS.txt (4801 registros)
2026-03-28 16:52:28,128 - src.processor - INFO - Procesando: C_VEN_POS_VHEBMZO_RCS para fecha 2026-03-30 en carpeta 20260330
2026-03-28 16:52:43,964 - src.processor - INFO - Registros encontrados: 350637
2026-03-28 16:52:44,140 - src.processor - INFO - Archivo generado: C_VEN_POS_VHEBMZO260330_RCS.txt (350637 registros)
2026-03-28 16:52:44,141 - src.processor - INFO - Procesando: C_VEN_CON_OF89KFE_S0 para fecha 2026-03-30 en carpeta 20260330
2026-03-28 16:52:58,887 - src.processor - INFO - Registros encontrados: 351537
2026-03-28 16:52:59,054 - src.processor - INFO - Archivo generado: C_VEN_CON_OF89KFE260330_S0.txt (351537 registros)
2026-03-28 16:52:59,055 - src.processor - INFO - Procesando: C_VEN_HOG_VMH46KM_S0 para fecha 2026-03-30 en carpeta 20260330
2026-03-28 16:53:07,529 - src.processor - INFO - Registros encontrados: 4824
2026-03-28 16:53:07,532 - src.processor - INFO - Archivo generado: C_VEN_HOG_VMH46KM260330_S0.txt (4824 registros)
2026-03-28 16:53:07,534 - src.processor - INFO - Procesando: C_VEN_CON_OF41OFA_SL para fecha 2026-03-30 en carpeta 20260330
2026-03-28 16:53:18,115 - src.processor - INFO - Registros encontrados: 109988
2026-03-28 16:53:18,171 - src.processor - INFO - Archivo generado: C_VEN_CON_OF41OFA260330_SL.txt (109988 registros)
2026-03-28 16:53:18,172 - src.processor - INFO - Procesando: C_VEN_HOG_VMH46KC_SL para fecha 2026-03-30 en carpeta 20260330
2026-03-28 16:53:26,627 - src.processor - INFO - Registros encontrados: 4893
2026-03-28 16:53:26,631 - src.processor - INFO - Archivo generado: C_VEN_HOG_VMH46KC260330_SL.txt (4893 registros)
2026-03-28 16:53:26,632 - src.processor - INFO - Procesando: C_VEN_POS_VHEBMZO_SL para fecha 2026-03-30 en carpeta 20260330
2026-03-28 16:53:45,463 - src.processor - INFO - Registros encontrados: 140197
2026-03-28 16:53:45,536 - src.processor - INFO - Archivo generado: C_VEN_POS_VHEBMZO260330_SL.txt (140197 registros)
2026-03-28 16:53:45,588 - src.database - INFO - Conexión cerrada.
2026-03-28 16:53:45,589 - src.processor - INFO - Proceso finalizado.
2026-03-28 16:53:45,599 - Main - INFO - --- Ejecución completada exitosamente ---
2026-03-28 18:07:50,551 - Main - INFO - --- Iniciando Sistema de Generación de Audiencias ---
2026-03-28 18:07:50,552 - src.processor - INFO - Iniciando procesamiento de audiencias...
2026-03-28 18:07:50,556 - src.database - INFO - Intentando conectar a Teradata host: tdtvntg.claro.com.co...
2026-03-28 18:07:52,102 - src.database - INFO - Conexión a Teradata exitosa.
2026-03-28 18:07:52,104 - src.processor - INFO - Procesando: C_CLU_POS_CUELERO_IP para fecha 2026-03-30 en carpeta 20260330
2026-03-28 18:08:05,592 - src.processor - INFO - Registros encontrados: 30000
2026-03-28 18:08:05,612 - src.processor - INFO - Archivo generado: C_CLU_POS_CUELERO260330_IP.txt (30000 registros)
2026-03-28 18:08:05,613 - src.processor - INFO - Procesando: C_CLU_HOG_CUPONCH_S0 para fecha 2026-03-30 en carpeta 20260330
2026-03-28 18:08:17,836 - src.processor - INFO - Registros encontrados: 25990
2026-03-28 18:08:17,850 - src.processor - INFO - Archivo generado: C_CLU_HOG_CUPONCH260330_S0.txt (25990 registros)
2026-03-28 18:08:17,852 - src.processor - INFO - Procesando: C_CLU_POS_CUPONCH_S0 para fecha 2026-03-30 en carpeta 20260330
2026-03-28 18:08:29,545 - src.processor - INFO - Registros encontrados: 4352
2026-03-28 18:08:29,548 - src.processor - INFO - Archivo generado: C_CLU_POS_CUPONCH260330_S0.txt (4352 registros)
2026-03-28 18:08:29,550 - src.processor - INFO - Procesando: C_CLU_PRE_CUPONCH_S0 para fecha 2026-03-30 en carpeta 20260330
2026-03-28 18:08:44,231 - src.processor - INFO - Registros encontrados: 184865
2026-03-28 18:08:44,326 - src.processor - INFO - Archivo generado: C_CLU_PRE_CUPONCH260330_S0.txt (184865 registros)
2026-03-28 18:08:44,327 - src.processor - INFO - Procesando: C_CLU_HOG_CUPONOS_SL para fecha 2026-03-30 en carpeta 20260330
2026-03-28 18:08:56,137 - src.processor - INFO - Registros encontrados: 280
2026-03-28 18:08:56,139 - src.processor - INFO - Archivo generado: C_CLU_HOG_CUPONOS260330_SL.txt (280 registros)
2026-03-28 18:08:56,140 - src.processor - INFO - Procesando: C_CLU_POS_CUPONOS_SL para fecha 2026-03-30 en carpeta 20260330
2026-03-28 18:09:08,963 - src.processor - INFO - Registros encontrados: 12119
2026-03-28 18:09:08,970 - src.processor - INFO - Archivo generado: C_CLU_POS_CUPONOS260330_SL.txt (12119 registros)
2026-03-28 18:09:08,972 - src.processor - INFO - Procesando: C_USO_POS_GEFORCM_SL para fecha 2026-03-30 en carpeta 20260330
2026-03-28 18:09:22,363 - src.processor - INFO - Registros encontrados: 1379
2026-03-28 18:09:22,366 - src.processor - INFO - Archivo generado: C_USO_POS_GEFORCM260330_SL.txt (1379 registros)
2026-03-28 18:09:22,367 - src.processor - INFO - Procesando: C_USO_POS_SANGUCM_SL para fecha 2026-03-30 en carpeta 20260330
2026-03-28 18:09:36,166 - src.processor - INFO - Registros encontrados: 1901
2026-03-28 18:09:36,168 - src.processor - INFO - Archivo generado: C_USO_POS_SANGUCM260330_SL.txt (1901 registros)
2026-03-28 18:09:36,170 - src.processor - INFO - Procesando: C_USO_PRE_DUNKINM_SL para fecha 2026-03-30 en carpeta 20260330
2026-03-28 18:09:50,522 - src.processor - INFO - Registros encontrados: 27646
2026-03-28 18:09:50,537 - src.processor - INFO - Archivo generado: C_USO_PRE_DUNKINM260330_SL.txt (27646 registros)
2026-03-28 18:09:50,538 - src.processor - INFO - Procesando: C_VEN_CON_OF89KFE_EP para fecha 2026-03-30 en carpeta 20260330
2026-03-28 18:10:04,480 - src.processor - INFO - Registros encontrados: 399297
2026-03-28 18:21:38,938 - src.processor - INFO - Archivo omitido por el usuario: C_VEN_CON_OF89KFE260330_EP.txt
2026-03-28 18:21:38,939 - src.processor - INFO - Procesando: C_VEN_HOG_VMH46KM_EP para fecha 2026-03-30 en carpeta 20260330
2026-03-28 18:21:39,931 - src.processor - INFO - Registros encontrados: 10120
2026-03-28 18:21:41,679 - src.processor - INFO - Archivo omitido por el usuario: C_VEN_HOG_VMH46KM260330_EP.txt
2026-03-28 18:21:41,680 - src.processor - INFO - Procesando: C_VEN_CON_OF89KFE_IP para fecha 2026-03-30 en carpeta 20260330
2026-03-28 18:21:57,951 - src.processor - INFO - Registros encontrados: 388971
2026-03-28 18:28:33,563 - src.processor - INFO - Archivo omitido por el usuario: C_VEN_CON_OF89KFE260330_IP.txt
2026-03-28 18:28:33,564 - src.processor - INFO - Procesando: C_VEN_HOG_VMH46KM_IP para fecha 2026-03-30 en carpeta 20260330
2026-03-28 18:28:44,775 - src.processor - INFO - Registros encontrados: 5804
2026-03-28 18:28:48,737 - src.processor - INFO - Archivo omitido por el usuario: C_VEN_HOG_VMH46KM260330_IP.txt
2026-03-28 18:28:48,738 - src.processor - INFO - Procesando: C_VEN_CON_OF89FEC_AP para fecha 2026-03-30 en carpeta 20260330
2026-03-28 18:29:04,204 - src.processor - INFO - Registros encontrados: 408956
2026-03-28 18:29:49,662 - src.processor - INFO - Archivo omitido por el usuario: C_VEN_CON_OF89FEC260330_AP.txt
2026-03-28 18:29:49,663 - src.processor - INFO - Procesando: C_VEN_HOG_VMH46BP_AP para fecha 2026-03-30 en carpeta 20260330
2026-03-28 18:29:58,210 - src.processor - INFO - Registros encontrados: 2024
2026-03-28 18:30:05,214 - src.processor - INFO - Archivo omitido por el usuario: C_VEN_HOG_VMH46BP260330_AP.txt
2026-03-28 18:30:05,215 - src.processor - INFO - Procesando: C_VEN_CON_OF89FES_AP para fecha 2026-03-30 en carpeta 20260330
2026-03-28 18:30:21,170 - src.processor - INFO - Registros encontrados: 388962
2026-03-28 18:30:22,898 - src.processor - INFO - Archivo omitido por el usuario: C_VEN_CON_OF89FES260330_AP.txt
2026-03-28 18:30:22,899 - src.processor - INFO - Procesando: C_VEN_HOG_VMH46MS_AP para fecha 2026-03-30 en carpeta 20260330
2026-03-28 18:30:31,630 - src.processor - INFO - Registros encontrados: 5804
2026-03-28 18:30:33,345 - src.processor - INFO - Archivo omitido por el usuario: C_VEN_HOG_VMH46MS260330_AP.txt
2026-03-28 18:30:33,346 - src.processor - INFO - Procesando: C_VEN_HOG_VMH46KA_RCS para fecha 2026-03-30 en carpeta 20260330
2026-03-28 18:30:41,901 - src.processor - INFO - Registros encontrados: 4801
2026-03-28 18:31:13,927 - src.processor - INFO - Archivo omitido por el usuario: C_VEN_HOG_VMH46KA260330_RCS.txt
2026-03-28 18:31:13,929 - src.processor - INFO - Procesando: C_VEN_POS_VHEBMZO_RCS para fecha 2026-03-30 en carpeta 20260330
2026-03-28 18:31:28,017 - src.processor - INFO - Registros encontrados: 350637
2026-03-28 18:31:39,452 - src.processor - INFO - Archivo omitido por el usuario: C_VEN_POS_VHEBMZO260330_RCS.txt
2026-03-28 18:31:39,453 - src.processor - INFO - Procesando: C_VEN_CON_OF89KFE_S0 para fecha 2026-03-30 en carpeta 20260330
2026-03-28 18:31:53,793 - src.processor - INFO - Registros encontrados: 351537
2026-03-28 18:31:55,737 - src.processor - INFO - Archivo omitido por el usuario: C_VEN_CON_OF89KFE260330_S0.txt
2026-03-28 18:31:55,738 - src.processor - INFO - Procesando: C_VEN_HOG_VMH46KM_S0 para fecha 2026-03-30 en carpeta 20260330
2026-03-28 18:32:04,328 - src.processor - INFO - Registros encontrados: 4824
2026-03-28 18:32:06,834 - src.processor - INFO - Archivo omitido por el usuario: C_VEN_HOG_VMH46KM260330_S0.txt
2026-03-28 18:32:06,835 - src.processor - INFO - Procesando: C_VEN_CON_OF41OFA_SL para fecha 2026-03-30 en carpeta 20260330
2026-03-28 18:32:17,032 - src.processor - INFO - Registros encontrados: 109988
2026-03-28 18:32:18,782 - src.processor - INFO - Archivo omitido por el usuario: C_VEN_CON_OF41OFA260330_SL.txt
2026-03-28 18:32:18,784 - src.processor - INFO - Procesando: C_VEN_HOG_VMH46KC_SL para fecha 2026-03-30 en carpeta 20260330
2026-03-28 18:32:27,413 - src.processor - INFO - Registros encontrados: 4893
2026-03-28 18:32:35,709 - src.processor - INFO - Archivo omitido por el usuario: C_VEN_HOG_VMH46KC260330_SL.txt
2026-03-28 18:32:35,710 - src.processor - INFO - Procesando: C_VEN_POS_VHEBMZO_SL para fecha 2026-03-30 en carpeta 20260330
2026-03-28 18:32:47,553 - src.processor - INFO - Registros encontrados: 140197
2026-03-28 18:33:40,325 - src.processor - INFO - Archivo omitido por el usuario: C_VEN_POS_VHEBMZO260330_SL.txt
2026-03-28 18:33:40,326 - src.processor - INFO - Procesando: C_VEN_PRE_MIMPCON_EP para fecha 2026-03-30 en carpeta 20260330
2026-03-28 18:33:46,054 - src.processor - INFO - Registros encontrados: 100000
2026-03-28 18:33:46,155 - src.processor - INFO - Archivo generado: C_VEN_PRE_MIMPCON260330_EP.txt (100000 registros)
2026-03-28 18:33:46,156 - src.processor - INFO - Procesando: C_VEN_PRE_AMAPR1A_RCS para fecha 2026-03-30 en carpeta 20260330
2026-03-28 18:33:54,520 - src.processor - INFO - Registros encontrados: 0
2026-03-28 18:33:54,521 - src.processor - WARNING - Registros insuficientes (0) para C_VEN_PRE_AMAPR1A_RCS. Mínimo requerido: 50. Archivo NO generado.
2026-03-28 18:33:54,522 - src.processor - INFO - Procesando: C_VEN_PRE_AMAPR1B_RCS para fecha 2026-03-30 en carpeta 20260330
2026-03-28 18:34:03,015 - src.processor - INFO - Registros encontrados: 0
2026-03-28 18:34:03,016 - src.processor - WARNING - Registros insuficientes (0) para C_VEN_PRE_AMAPR1B_RCS. Mínimo requerido: 50. Archivo NO generado.
2026-03-28 18:34:03,017 - src.processor - INFO - Procesando: C_VEN_PRE_AMAPR1A_SL para fecha 2026-03-30 en carpeta 20260330
2026-03-28 18:34:11,447 - src.processor - INFO - Registros encontrados: 0
2026-03-28 18:34:11,448 - src.processor - WARNING - Registros insuficientes (0) para C_VEN_PRE_AMAPR1A_SL. Mínimo requerido: 50. Archivo NO generado.
2026-03-28 18:34:11,449 - src.processor - INFO - Procesando: C_VEN_PRE_AMAPR1B_SL para fecha 2026-03-30 en carpeta 20260330
2026-03-28 18:34:19,684 - src.processor - INFO - Registros encontrados: 0
2026-03-28 18:34:19,684 - src.processor - WARNING - Registros insuficientes (0) para C_VEN_PRE_AMAPR1B_SL. Mínimo requerido: 50. Archivo NO generado.
2026-03-28 18:34:19,685 - src.processor - INFO - Procesando: C_VEN_PRE_AMAPR1C_SL para fecha 2026-03-30 en carpeta 20260330
2026-03-28 18:34:28,004 - src.processor - INFO - Registros encontrados: 0
2026-03-28 18:34:28,004 - src.processor - WARNING - Registros insuficientes (0) para C_VEN_PRE_AMAPR1C_SL. Mínimo requerido: 50. Archivo NO generado.
2026-03-28 18:34:28,006 - src.processor - INFO - Procesando: C_VEN_PRE_AMAPR1D_SL para fecha 2026-03-30 en carpeta 20260330
2026-03-28 18:34:36,199 - src.processor - INFO - Registros encontrados: 0
2026-03-28 18:34:36,199 - src.processor - WARNING - Registros insuficientes (0) para C_VEN_PRE_AMAPR1D_SL. Mínimo requerido: 50. Archivo NO generado.
2026-03-28 18:34:36,200 - src.processor - INFO - Procesando: C_VEN_PRE_MIMPCON_SL para fecha 2026-03-30 en carpeta 20260330
2026-03-28 18:34:44,428 - src.processor - INFO - Registros encontrados: 0
2026-03-28 18:34:44,428 - src.processor - WARNING - Registros insuficientes (0) para C_VEN_PRE_MIMPCON_SL. Mínimo requerido: 50. Archivo NO generado.
2026-03-28 18:34:44,430 - src.processor - INFO - Procesando: C_VEN_EQU_CFINUHP_AP para fecha 2026-03-30 en carpeta 20260330
2026-03-28 18:34:53,728 - src.processor - INFO - Registros encontrados: 45470
2026-03-28 18:34:53,755 - src.processor - INFO - Archivo generado: C_VEN_EQU_CFINUHP260330_AP.txt (45470 registros)
2026-03-28 18:34:53,756 - src.processor - INFO - Procesando: C_VEN_EQU_CFISAPO_RCS para fecha 2026-03-30 en carpeta 20260330
2026-03-28 18:35:02,796 - src.processor - INFO - Registros encontrados: 38531
2026-03-28 18:35:02,815 - src.processor - INFO - Archivo generado: C_VEN_EQU_CFISAPO260330_RCS.txt (38531 registros)
2026-03-28 18:35:02,816 - src.processor - INFO - Procesando: C_INN_POS_AFIJOYD_S0 para fecha 2026-03-30 en carpeta 20260330
2026-03-28 18:35:11,241 - src.processor - INFO - Registros encontrados: 2862
2026-03-28 18:35:11,244 - src.processor - INFO - Archivo generado: C_INN_POS_AFIJOYD260330_S0.txt (2862 registros)
2026-03-28 18:35:11,245 - src.processor - INFO - Procesando: C_INN_POS_AFICMDC_SL para fecha 2026-03-30 en carpeta 20260330
2026-03-28 18:35:19,631 - src.processor - INFO - Registros encontrados: 0
2026-03-28 18:35:19,631 - src.processor - WARNING - Registros insuficientes (0) para C_INN_POS_AFICMDC_SL. Mínimo requerido: 50. Archivo NO generado.
2026-03-28 18:35:19,632 - src.processor - INFO - Procesando: C_INN_PRE_AFIJOYD_SL para fecha 2026-03-30 en carpeta 20260330
2026-03-28 18:35:29,835 - src.processor - INFO - Registros encontrados: 93562
2026-03-28 18:35:29,882 - src.processor - INFO - Archivo generado: C_INN_PRE_AFIJOYD260330_SL.txt (93562 registros)
2026-03-28 18:35:29,883 - src.processor - INFO - Procesando: C_VEN_EQU_CFINUHO_SL para fecha 2026-03-30 en carpeta 20260330
2026-03-28 18:35:38,264 - src.processor - INFO - Registros encontrados: 1013
2026-03-28 18:35:38,266 - src.processor - INFO - Archivo generado: C_VEN_EQU_CFINUHO260330_SL.txt (1013 registros)
2026-03-28 18:35:38,267 - src.processor - INFO - Procesando: C_VEN_EQU_CFISAPO_SL para fecha 2026-03-30 en carpeta 20260330
2026-03-28 18:35:49,912 - src.processor - INFO - Registros encontrados: 193230
2026-03-28 18:35:50,002 - src.processor - INFO - Archivo generado: C_VEN_EQU_CFISAPO260330_SL.txt (193230 registros)
2026-03-28 18:35:50,004 - src.processor - INFO - Procesando: C_VEN_EQU_CPTPOEP_SL para fecha 2026-03-30 en carpeta 20260330
2026-03-28 18:35:58,371 - src.processor - INFO - Registros encontrados: 77
2026-03-28 18:35:58,372 - src.processor - INFO - Archivo generado: C_VEN_EQU_CPTPOEP260330_SL.txt (77 registros)
2026-03-28 18:35:58,374 - src.processor - INFO - Procesando: C_REN_HOG_CNPOBMU_RCS para fecha 2026-03-30 en carpeta 20260330
2026-03-28 18:36:06,657 - src.processor - INFO - Registros encontrados: 1691
2026-03-28 18:36:06,660 - src.processor - INFO - Archivo generado: C_REN_HOG_CNPOBMU260330_RCS.txt (1691 registros)
2026-03-28 18:36:06,661 - src.processor - INFO - Procesando: C_REN_HOG_CNPWLIG_RCS para fecha 2026-03-30 en carpeta 20260330
2026-03-28 18:36:16,045 - src.processor - INFO - Registros encontrados: 69552
2026-03-28 18:36:16,081 - src.processor - INFO - Archivo generado: C_REN_HOG_CNPWLIG260330_RCS.txt (69552 registros)
2026-03-28 18:36:16,082 - src.processor - INFO - Procesando: C_REN_HOG_OTTWLIG_RCS para fecha 2026-03-30 en carpeta 20260330
2026-03-28 18:36:24,480 - src.processor - INFO - Registros encontrados: 0
2026-03-28 18:36:24,481 - src.processor - WARNING - Registros insuficientes (0) para C_REN_HOG_OTTWLIG_RCS. Mínimo requerido: 50. Archivo NO generado.
2026-03-28 18:36:24,483 - src.processor - INFO - Procesando: C_REN_POS_OTTHOGM_RCS para fecha 2026-03-30 en carpeta 20260330
2026-03-28 18:36:32,911 - src.processor - INFO - Registros encontrados: 52
2026-03-28 18:36:32,913 - src.processor - INFO - Archivo generado: C_REN_POS_OTTHOGM260330_RCS.txt (52 registros)
2026-03-28 18:36:32,914 - src.processor - INFO - Procesando: C_REN_HOG_CNPOMAR_SL para fecha 2026-03-30 en carpeta 20260330
2026-03-28 18:36:43,043 - src.processor - INFO - Registros encontrados: 90562
2026-03-28 18:36:43,089 - src.processor - INFO - Archivo generado: C_REN_HOG_CNPOMAR260330_SL.txt (90562 registros)
2026-03-28 18:36:43,091 - src.processor - INFO - Procesando: C_REN_HOG_CNPWLIA_SL para fecha 2026-03-30 en carpeta 20260330
2026-03-28 18:36:53,892 - src.processor - INFO - Registros encontrados: 135524
2026-03-28 18:36:53,958 - src.processor - INFO - Archivo generado: C_REN_HOG_CNPWLIA260330_SL.txt (135524 registros)
2026-03-28 18:36:53,959 - src.processor - INFO - Procesando: C_REN_HOG_OTTHROA_SL para fecha 2026-03-30 en carpeta 20260330
2026-03-28 18:37:02,444 - src.processor - INFO - Registros encontrados: 2147
2026-03-28 18:37:02,446 - src.processor - INFO - Archivo generado: C_REN_HOG_OTTHROA260330_SL.txt (2147 registros)
2026-03-28 18:37:02,447 - src.processor - INFO - Procesando: C_REN_POS_OTTHOGA_SL para fecha 2026-03-30 en carpeta 20260330
2026-03-28 18:37:10,798 - src.processor - INFO - Registros encontrados: 34
2026-03-28 18:37:10,798 - src.processor - WARNING - Registros insuficientes (34) para C_REN_POS_OTTHOGA_SL. Mínimo requerido: 50. Archivo NO generado.
2026-03-28 18:37:10,799 - src.processor - INFO - Procesando: C_REN_POS_OTTHROA_SL para fecha 2026-03-30 en carpeta 20260330
2026-03-28 18:37:19,424 - src.processor - INFO - Registros encontrados: 24475
2026-03-28 18:37:19,438 - src.processor - INFO - Archivo generado: C_REN_POS_OTTHROA260330_SL.txt (24475 registros)
2026-03-28 18:37:19,439 - src.processor - INFO - Procesando: C_REN_POS_TREPSLT_SL para fecha 2026-03-30 en carpeta 20260330
2026-03-28 18:37:29,951 - src.processor - INFO - Registros encontrados: 113767
2026-03-28 18:37:30,021 - src.processor - INFO - Archivo generado: C_REN_POS_TREPSLT260330_SL.txt (113767 registros)
2026-03-28 18:37:30,023 - src.processor - INFO - Procesando: C_VAS_HOG_VIDHIBI_SL para fecha 2026-03-30 en carpeta 20260330
2026-03-28 18:37:38,424 - src.processor - INFO - Registros encontrados: 0
2026-03-28 18:37:38,424 - src.processor - WARNING - Registros insuficientes (0) para C_VAS_HOG_VIDHIBI_SL. Mínimo requerido: 50. Archivo NO generado.
2026-03-28 18:37:38,425 - src.processor - INFO - Procesando: C_VEN_PRE_MIGPPWP_SL para fecha 2026-03-30 en carpeta 20260330
2026-03-28 18:37:46,948 - src.processor - INFO - Registros encontrados: 0
2026-03-28 18:37:46,956 - src.processor - WARNING - Registros insuficientes (0) para C_VEN_PRE_MIGPPWP_SL. Mínimo requerido: 50. Archivo NO generado.
2026-03-28 18:37:47,081 - src.database - INFO - Conexión cerrada.
2026-03-28 18:37:47,130 - src.processor - INFO - Proceso finalizado.
2026-03-28 18:37:47,155 - Main - INFO - --- Ejecución completada exitosamente ---
2026-03-28 18:48:11,382 - Main - INFO - --- Iniciando Sistema de Generación de Audiencias ---
2026-03-28 18:48:11,382 - src.processor - INFO - Iniciando procesamiento de audiencias...
2026-03-28 18:48:11,387 - src.database - INFO - Intentando conectar a Teradata host: tdtvntg.claro.com.co...
2026-03-28 18:48:14,983 - src.database - INFO - Conexión a Teradata exitosa.
2026-03-28 18:48:14,984 - src.processor - INFO - Procesando: N_AUT_HOG_USOMUNC_SL para fecha 2026-03-30 en carpeta 20260330
2026-03-28 18:48:25,198 - src.processor - INFO - Registros encontrados: 96057
2026-03-28 18:48:25,250 - src.processor - INFO - Archivo generado: N_AUT_HOG_USOMUNC260330_SL.txt (96057 registros)
2026-03-28 18:48:25,251 - src.processor - INFO - Procesando: N_AUT_HOG_USOUTMC_SL para fecha 2026-03-30 en carpeta 20260330
2026-03-28 18:48:34,365 - src.processor - INFO - Registros encontrados: 53674
2026-03-28 18:48:34,393 - src.processor - INFO - Archivo generado: N_AUT_HOG_USOUTMC260330_SL.txt (53674 registros)
2026-03-28 18:48:34,394 - src.processor - INFO - Procesando: N_AUT_POS_USOMUNC_SL para fecha 2026-03-30 en carpeta 20260330
2026-03-28 18:48:44,467 - src.processor - INFO - Registros encontrados: 83800
2026-03-28 18:48:44,513 - src.processor - INFO - Archivo generado: N_AUT_POS_USOMUNC260330_SL.txt (83800 registros)
2026-03-28 18:48:44,515 - src.processor - INFO - Procesando: N_AUT_POS_USOUTMC_SL para fecha 2026-03-30 en carpeta 20260330
2026-03-28 18:48:54,371 - src.processor - INFO - Registros encontrados: 77550
2026-03-28 18:48:54,409 - src.processor - INFO - Archivo generado: N_AUT_POS_USOUTMC260330_SL.txt (77550 registros)
2026-03-28 18:48:54,410 - src.processor - INFO - Procesando: N_AUT_PRE_USOUTMC_SL para fecha 2026-03-30 en carpeta 20260330
2026-03-28 18:49:05,095 - src.processor - INFO - Registros encontrados: 89486
2026-03-28 18:49:05,138 - src.processor - INFO - Archivo generado: N_AUT_PRE_USOUTMC260330_SL.txt (89486 registros)
2026-03-28 18:49:05,139 - src.processor - INFO - Procesando: N_VAS_HOG_VIDTEDP_AP para fecha 2026-03-30 en carpeta 20260330
2026-03-28 18:49:21,458 - src.processor - INFO - Registros encontrados: 468338
2026-03-28 18:49:21,674 - src.processor - INFO - Archivo generado: N_VAS_HOG_VIDTEDP260330_AP.txt (468338 registros)
2026-03-28 18:49:21,675 - src.processor - INFO - Procesando: N_VAS_HOG_VIDTEDS_S0 para fecha 2026-03-30 en carpeta 20260330
2026-03-28 18:49:39,616 - src.processor - INFO - Registros encontrados: 543971
2026-03-28 18:49:39,895 - src.processor - INFO - Archivo generado: N_VAS_HOG_VIDTEDS260330_S0.txt (543971 registros)
2026-03-28 18:49:39,897 - src.processor - INFO - Procesando: N_VAS_POS_CDVM200_S0 para fecha 2026-03-30 en carpeta 20260330
2026-03-28 18:49:59,317 - src.processor - INFO - Registros encontrados: 618741
2026-03-28 18:49:59,605 - src.processor - INFO - Archivo generado: N_VAS_POS_CDVM200260330_S0.txt (618741 registros)
2026-03-28 18:49:59,606 - src.processor - INFO - Procesando: N_VAS_POS_MUS10MS_S0 para fecha 2026-03-30 en carpeta 20260330
2026-03-28 18:50:09,638 - src.processor - INFO - Registros encontrados: 95682
2026-03-28 18:50:09,701 - src.processor - INFO - Archivo generado: N_VAS_POS_MUS10MS260330_S0.txt (95682 registros)
2026-03-28 18:50:09,703 - src.processor - INFO - Procesando: N_VAS_POS_MUSEMPS_S0 para fecha 2026-03-30 en carpeta 20260330
2026-03-28 18:50:30,460 - src.processor - INFO - Registros encontrados: 622140
2026-03-28 18:50:30,769 - src.processor - INFO - Archivo generado: N_VAS_POS_MUSEMPS260330_S0.txt (622140 registros)
2026-03-28 18:50:30,770 - src.processor - INFO - Procesando: N_VAS_HOG_VIDTEDV_SL para fecha 2026-03-30 en carpeta 20260330
2026-03-28 18:50:47,692 - src.processor - INFO - Registros encontrados: 451635
2026-03-28 18:50:48,061 - src.processor - INFO - Archivo generado: N_VAS_HOG_VIDTEDV260330_SL.txt (451635 registros)
2026-03-28 18:50:48,104 - src.database - INFO - Conexión cerrada.
2026-03-28 18:50:48,111 - src.processor - INFO - Proceso finalizado.
2026-03-28 18:50:48,151 - Main - INFO - --- Ejecución completada exitosamente ---
2026-03-29 11:55:12,822 - Main - INFO - --- Iniciando Sistema de Generación de Audiencias ---
2026-03-29 11:55:12,822 - src.processor - INFO - Iniciando procesamiento de audiencias...
2026-03-29 11:55:12,827 - src.database - INFO - Intentando conectar a Teradata host: tdtvntg.claro.com.co...
2026-03-29 11:55:16,555 - src.database - INFO - Conexión a Teradata exitosa.
2026-03-29 11:55:16,556 - src.processor - INFO - Procesando: C_VEN_PRE_MIMPCON_EP para fecha 2026-03-30 en carpeta 20260330
2026-03-29 11:55:17,133 - src.processor - INFO - Registros encontrados: 0
2026-03-29 11:55:17,134 - src.processor - WARNING - Registros insuficientes (0) para C_VEN_PRE_MIMPCON_EP. Mínimo requerido: 50. Archivo NO generado.
2026-03-29 11:55:17,135 - src.processor - INFO - Procesando: C_VEN_PRE_AMAPR1A_RCS para fecha 2026-03-30 en carpeta 20260330
2026-03-29 11:55:25,801 - src.processor - INFO - Registros encontrados: 14
2026-03-29 11:55:25,802 - src.processor - WARNING - Registros insuficientes (14) para C_VEN_PRE_AMAPR1A_RCS. Mínimo requerido: 50. Archivo NO generado.
2026-03-29 11:55:25,803 - src.processor - INFO - Procesando: C_VEN_PRE_AMAPR1B_RCS para fecha 2026-03-30 en carpeta 20260330
2026-03-29 11:55:34,158 - src.processor - INFO - Registros encontrados: 451
2026-03-29 11:55:34,159 - src.processor - INFO - Archivo generado: C_VEN_PRE_AMAPR1B260330_RCS.txt (451 registros)
2026-03-29 11:55:34,161 - src.processor - INFO - Procesando: C_VEN_PRE_AMAPR1A_SL para fecha 2026-03-30 en carpeta 20260330
2026-03-29 11:55:44,111 - src.processor - INFO - Registros encontrados: 86300
2026-03-29 11:55:44,152 - src.processor - INFO - Archivo generado: C_VEN_PRE_AMAPR1A260330_SL.txt (86300 registros)
2026-03-29 11:55:44,154 - src.processor - INFO - Procesando: C_VEN_PRE_AMAPR1B_SL para fecha 2026-03-30 en carpeta 20260330
2026-03-29 11:56:06,885 - src.processor - INFO - Registros encontrados: 764289
2026-03-29 11:56:07,276 - src.processor - INFO - Archivo generado: C_VEN_PRE_AMAPR1B260330_SL.txt (764289 registros)
2026-03-29 11:56:07,278 - src.processor - INFO - Procesando: C_VEN_PRE_AMAPR1C_SL para fecha 2026-03-30 en carpeta 20260330
2026-03-29 11:56:29,134 - src.processor - INFO - Registros encontrados: 764289
2026-03-29 11:56:29,488 - src.processor - INFO - Archivo generado: C_VEN_PRE_AMAPR1C260330_SL.txt (764289 registros)
2026-03-29 11:56:29,490 - src.processor - INFO - Procesando: C_VEN_PRE_AMAPR1D_SL para fecha 2026-03-30 en carpeta 20260330
2026-03-29 11:56:55,554 - src.processor - INFO - Registros encontrados: 764289
2026-03-29 11:56:55,934 - src.processor - INFO - Archivo generado: C_VEN_PRE_AMAPR1D260330_SL.txt (764289 registros)
2026-03-29 11:56:55,935 - src.processor - INFO - Procesando: C_VEN_PRE_MIMPCON_SL para fecha 2026-03-30 en carpeta 20260330
2026-03-29 11:57:04,337 - src.processor - INFO - Registros encontrados: 3717
2026-03-29 11:57:04,340 - src.processor - INFO - Archivo generado: C_VEN_PRE_MIMPCON260330_SL.txt (3717 registros)
2026-03-29 11:57:04,342 - src.processor - INFO - Procesando: C_VEN_PRE_MIGPPWP_SL para fecha 2026-03-30 en carpeta 20260330
2026-03-29 11:57:15,264 - src.processor - INFO - Registros encontrados: 133736
2026-03-29 11:57:15,328 - src.processor - INFO - Archivo generado: C_VEN_PRE_MIGPPWP260330_SL.txt (133736 registros)
2026-03-29 11:57:15,367 - src.database - INFO - Conexión cerrada.
2026-03-29 11:57:15,367 - src.processor - INFO - Proceso finalizado.
2026-03-29 11:57:15,374 - Main - INFO - --- Ejecución completada exitosamente ---
2026-03-30 08:17:41,109 - Main - INFO - --- Iniciando Sistema de Generación de Audiencias ---
2026-03-30 08:17:41,109 - src.processor - INFO - Iniciando procesamiento de audiencias...
2026-03-30 08:17:41,125 - src.database - INFO - Intentando conectar a Teradata host: tdtvntg.claro.com.co...
2026-03-30 08:17:43,221 - src.database - INFO - Conexión a Teradata exitosa.
2026-03-30 08:17:43,229 - src.processor - INFO - Procesando: C_VEN_POS_VHEBMZO_SL para fecha 2026-03-30 en carpeta 20260330
2026-03-30 08:18:08,564 - src.processor - INFO - Registros encontrados: 517104
2026-03-30 08:18:08,822 - src.processor - INFO - Archivo generado: C_VEN_POS_VHEBMZO260330_SL.txt (517104 registros)
2026-03-30 08:18:09,010 - src.database - INFO - Conexión cerrada.
2026-03-30 08:18:09,010 - src.processor - INFO - Proceso finalizado.
2026-03-30 08:18:09,038 - Main - INFO - --- Ejecución completada exitosamente ---
2026-03-30 08:42:34,409 - Main - INFO - --- Iniciando Sistema de Generación de Audiencias ---
2026-03-30 08:42:34,410 - src.processor - INFO - Iniciando procesamiento de audiencias...
2026-03-30 08:42:34,414 - src.database - INFO - Intentando conectar a Teradata host: tdtvntg.claro.com.co...
2026-03-30 08:42:36,162 - src.database - INFO - Conexión a Teradata exitosa.
2026-03-30 08:42:36,166 - src.processor - INFO - Procesando: C_VEN_EQU_EBNC4HO_RCS para fecha 2026-03-30 en carpeta 20260330
2026-03-30 08:43:14,555 - src.processor - INFO - Registros encontrados: 40000
2026-03-30 08:43:14,575 - src.processor - INFO - Archivo generado: C_VEN_EQU_EBNC4HO260330_RCS.txt (40000 registros)
2026-03-30 08:43:14,576 - src.processor - INFO - Procesando: C_VEN_EQU_EBNC6PO_RCS para fecha 2026-03-30 en carpeta 20260330
2026-03-30 08:43:53,333 - src.processor - INFO - Registros encontrados: 35429
2026-03-30 08:43:53,354 - src.processor - INFO - Archivo generado: C_VEN_EQU_EBNC6PO260330_RCS.txt (35429 registros)
2026-03-30 08:43:53,355 - src.processor - INFO - Procesando: C_VEN_EQU_EBNC1PO_SL para fecha 2026-03-30 en carpeta 20260330
2026-03-30 08:44:14,133 - src.processor - INFO - Registros encontrados: 40000
2026-03-30 08:44:14,159 - src.processor - INFO - Archivo generado: C_VEN_EQU_EBNC1PO260330_SL.txt (40000 registros)
2026-03-30 08:44:14,203 - src.database - INFO - Conexión cerrada.
2026-03-30 08:44:14,203 - src.processor - INFO - Proceso finalizado.
2026-03-30 08:44:14,206 - Main - INFO - --- Ejecución completada exitosamente ---
2026-03-30 11:14:29,795 - Main - INFO - --- Iniciando Sistema de Generación de Audiencias ---
2026-03-30 11:14:29,795 - src.processor - INFO - Iniciando procesamiento de audiencias...
2026-03-30 11:14:29,811 - src.database - INFO - Intentando conectar a Teradata host: tdtvntg.claro.com.co...
2026-03-30 11:14:31,242 - src.database - INFO - Conexión a Teradata exitosa.
2026-03-30 11:14:31,245 - src.processor - INFO - Procesando: C_VEN_PRE_AMAPR1B_RCS para fecha 2026-03-30 en carpeta 20260330
2026-03-30 11:14:54,934 - src.processor - INFO - Registros encontrados: 547801
2026-03-30 11:15:01,094 - src.processor - INFO - Archivo generado: C_VEN_PRE_AMAPR1B260330_RCS.txt (547801 registros)
2026-03-30 11:15:01,115 - src.database - INFO - Conexión cerrada.
2026-03-30 11:15:01,115 - src.processor - INFO - Proceso finalizado.
2026-03-30 11:15:01,138 - Main - INFO - --- Ejecución completada exitosamente ---
2026-03-30 11:42:54,147 - Main - INFO - --- Iniciando Sistema de Generación de Audiencias ---
2026-03-30 11:42:54,147 - src.processor - INFO - Iniciando procesamiento de audiencias...
2026-03-30 11:42:54,162 - src.database - INFO - Intentando conectar a Teradata host: tdtvntg.claro.com.co...
2026-03-30 11:42:55,793 - src.database - INFO - Conexión a Teradata exitosa.
2026-03-30 11:42:55,795 - src.processor - INFO - Procesando: C_VEN_PRE_CINTO1A_RCS para fecha 2026-03-30 en carpeta 20260330
2026-03-30 11:43:15,080 - src.processor - INFO - Registros encontrados: 0
2026-03-30 11:43:15,080 - src.processor - WARNING - Registros insuficientes (0) para C_VEN_PRE_CINTO1A_RCS. Mínimo requerido: 50. Archivo NO generado.
2026-03-30 11:43:15,082 - src.processor - INFO - Procesando: C_VEN_PRE_MGWBT2B_RCS para fecha 2026-03-30 en carpeta 20260330
2026-03-30 11:43:28,291 - src.processor - INFO - Registros encontrados: 0
2026-03-30 11:43:28,292 - src.processor - WARNING - Registros insuficientes (0) para C_VEN_PRE_MGWBT2B_RCS. Mínimo requerido: 50. Archivo NO generado.
2026-03-30 11:43:28,334 - src.database - INFO - Conexión cerrada.
2026-03-30 11:43:28,334 - src.processor - INFO - Proceso finalizado.
2026-03-30 11:43:28,335 - Main - INFO - --- Ejecución completada exitosamente ---
2026-03-30 11:44:30,908 - Main - INFO - --- Iniciando Sistema de Generación de Audiencias ---
2026-03-30 11:44:30,908 - src.processor - INFO - Iniciando procesamiento de audiencias...
2026-03-30 11:44:30,912 - src.database - INFO - Intentando conectar a Teradata host: tdtvntg.claro.com.co...
2026-03-30 11:44:34,536 - src.database - INFO - Conexión a Teradata exitosa.
2026-03-30 11:44:34,538 - src.processor - INFO - Procesando: C_VEN_PRE_CINTO1A_SL para fecha 2026-03-30 en carpeta 20260330
2026-03-30 11:44:53,588 - src.processor - INFO - Registros encontrados: 95762
2026-03-30 11:44:53,630 - src.processor - INFO - Archivo generado: C_VEN_PRE_CINTO1A260330_SL.txt (95762 registros)
2026-03-30 11:44:53,630 - src.processor - INFO - Procesando: C_VEN_PRE_MGWBT2B_SL para fecha 2026-03-30 en carpeta 20260330
2026-03-30 11:45:09,600 - src.processor - INFO - Registros encontrados: 28235
2026-03-30 11:45:09,614 - src.processor - INFO - Archivo generado: C_VEN_PRE_MGWBT2B260330_SL.txt (28235 registros)
2026-03-30 11:45:09,747 - src.database - INFO - Conexión cerrada.
2026-03-30 11:45:09,748 - src.processor - INFO - Proceso finalizado.
2026-03-30 11:45:09,749 - Main - INFO - --- Ejecución completada exitosamente ---
2026-03-30 12:01:29,694 - Main - INFO - --- Iniciando Sistema de Generación de Audiencias ---
2026-03-30 12:01:29,694 - src.processor - INFO - Iniciando procesamiento de audiencias...
2026-03-30 12:01:29,698 - src.database - INFO - Intentando conectar a Teradata host: tdtvntg.claro.com.co...
2026-03-30 12:01:31,365 - src.database - INFO - Conexión a Teradata exitosa.
2026-03-30 12:01:31,367 - src.processor - INFO - Procesando: C_VEN_POS_RENPCVB_EP para fecha 2026-03-30 en carpeta 20260330
2026-03-30 12:01:33,280 - src.processor - INFO - Registros encontrados: 921
2026-03-30 12:01:33,282 - src.processor - INFO - Archivo generado: C_VEN_POS_RENPCVB260330_EP.txt (921 registros)
2026-03-30 12:01:33,283 - src.processor - INFO - Procesando: C_VEN_POS_RENPCVA_EP para fecha 2026-03-30 en carpeta 20260330
2026-03-30 12:01:34,405 - src.processor - INFO - Registros encontrados: 884
2026-03-30 12:01:34,407 - src.processor - INFO - Archivo generado: C_VEN_POS_RENPCVA260330_EP.txt (884 registros)
2026-03-30 12:01:34,744 - src.database - INFO - Conexión cerrada.
2026-03-30 12:01:34,744 - src.processor - INFO - Proceso finalizado.
2026-03-30 12:01:34,745 - Main - INFO - --- Ejecución completada exitosamente ---
2026-03-30 13:33:19,328 - Main - INFO - --- Iniciando Sistema de Generación de Audiencias ---
2026-03-30 13:33:19,328 - src.processor - INFO - Iniciando procesamiento de audiencias...
2026-03-30 13:33:19,332 - src.database - INFO - Intentando conectar a Teradata host: tdtvntg.claro.com.co...
2026-03-30 13:33:20,847 - src.database - INFO - Conexión a Teradata exitosa.
2026-03-30 13:33:20,851 - src.processor - INFO - Procesando: C_VEN_PRE_HOGO9MC_SL para fecha 2026-03-30 en carpeta 20260330
2026-03-30 13:33:48,565 - src.processor - INFO - Registros encontrados: 993859
2026-03-30 13:33:49,044 - src.processor - INFO - Archivo generado: C_VEN_PRE_HOGO9MC260330_SL.txt (993859 registros)
2026-03-30 13:33:49,046 - src.processor - INFO - Procesando: C_VEN_PRE_HOGO9ME_SL para fecha 2026-03-30 en carpeta 20260330
2026-03-30 13:34:16,888 - src.processor - INFO - Registros encontrados: 997450
2026-03-30 13:34:17,369 - src.processor - INFO - Archivo generado: C_VEN_PRE_HOGO9ME260330_SL.txt (997450 registros)
2026-03-30 13:34:17,370 - src.processor - INFO - Procesando: C_VEN_PRE_HOGO9MD_SL para fecha 2026-03-30 en carpeta 20260330
2026-03-30 13:34:43,854 - src.processor - INFO - Registros encontrados: 927770
2026-03-30 13:34:44,282 - src.processor - INFO - Archivo generado: C_VEN_PRE_HOGO9MD260330_SL.txt (927770 registros)
2026-03-30 13:34:44,283 - src.processor - INFO - Procesando: C_VEN_PRE_HOGO9MB_SL para fecha 2026-03-30 en carpeta 20260330
2026-03-30 13:35:08,883 - src.processor - INFO - Registros encontrados: 794451
2026-03-30 13:35:09,250 - src.processor - INFO - Archivo generado: C_VEN_PRE_HOGO9MB260330_SL.txt (794451 registros)
2026-03-30 13:35:09,252 - src.processor - INFO - Procesando: C_VEN_PRE_HOGO9MA_SL para fecha 2026-03-30 en carpeta 20260330
2026-03-30 13:35:37,309 - src.processor - INFO - Registros encontrados: 997446
2026-03-30 13:35:37,861 - src.processor - INFO - Archivo generado: C_VEN_PRE_HOGO9MA260330_SL.txt (997446 registros)
2026-03-30 13:35:37,914 - src.database - INFO - Conexión cerrada.
2026-03-30 13:35:37,915 - src.processor - INFO - Proceso finalizado.
2026-03-30 13:35:37,972 - Main - INFO - --- Ejecución completada exitosamente ---
2026-03-30 16:11:38,447 - Main - INFO - --- Iniciando Sistema de Generación de Audiencias ---
2026-03-30 16:11:38,447 - src.processor - INFO - Iniciando procesamiento de audiencias...
2026-03-30 16:11:38,452 - src.database - INFO - Intentando conectar a Teradata host: tdtvntg.claro.com.co...
2026-03-30 16:11:39,902 - src.database - INFO - Conexión a Teradata exitosa.
2026-03-30 16:11:39,909 - src.processor - INFO - Procesando: C_VEN_PRE_HOGO9MC_SL para fecha 2026-03-31 en carpeta 20260331
2026-03-30 16:12:03,012 - src.processor - INFO - Registros encontrados: 827195
2026-03-30 16:12:03,397 - src.processor - INFO - Archivo generado: C_VEN_PRE_HOGO9MC260331_SL.txt (827195 registros)
2026-03-30 16:12:03,397 - src.processor - INFO - Procesando: C_VEN_PRE_HOGO9ME_SL para fecha 2026-03-31 en carpeta 20260331
2026-03-30 16:12:27,525 - src.processor - INFO - Registros encontrados: 857623
2026-03-30 16:12:27,910 - src.processor - INFO - Archivo generado: C_VEN_PRE_HOGO9ME260331_SL.txt (857623 registros)
2026-03-30 16:12:27,918 - src.processor - INFO - Procesando: C_VEN_PRE_HOGO9MD_SL para fecha 2026-03-31 en carpeta 20260331
2026-03-30 16:12:48,893 - src.processor - INFO - Registros encontrados: 706766
2026-03-30 16:12:49,221 - src.processor - INFO - Archivo generado: C_VEN_PRE_HOGO9MD260331_SL.txt (706766 registros)
2026-03-30 16:12:49,222 - src.processor - INFO - Procesando: C_VEN_PRE_HOGO9MB_SL para fecha 2026-03-31 en carpeta 20260331
2026-03-30 16:13:11,217 - src.processor - INFO - Registros encontrados: 779928
2026-03-30 16:13:11,585 - src.processor - INFO - Archivo generado: C_VEN_PRE_HOGO9MB260331_SL.txt (779928 registros)
2026-03-30 16:13:11,587 - src.processor - INFO - Procesando: C_VEN_PRE_HOGO9MA_SL para fecha 2026-03-31 en carpeta 20260331
2026-03-30 16:13:37,030 - src.processor - INFO - Registros encontrados: 880613
2026-03-30 16:13:37,438 - src.processor - INFO - Archivo generado: C_VEN_PRE_HOGO9MA260331_SL.txt (880613 registros)
2026-03-30 16:13:37,482 - src.database - INFO - Conexión cerrada.
2026-03-30 16:13:37,482 - src.processor - INFO - Proceso finalizado.
2026-03-30 16:13:37,524 - Main - INFO - --- Ejecución completada exitosamente ---
2026-03-30 17:13:20,762 - Main - INFO - --- Iniciando Sistema de Generación de Audiencias ---
2026-03-30 17:13:20,763 - src.processor - INFO - Iniciando procesamiento de audiencias...
2026-03-30 17:13:20,768 - src.database - INFO - Intentando conectar a Teradata host: tdtvntg.claro.com.co...
2026-03-30 17:13:22,389 - src.database - INFO - Conexión a Teradata exitosa.
2026-03-30 17:13:22,393 - src.processor - INFO - Procesando: C_VEN_PRE_AMAPR2A_RCS para fecha 2026-03-31 en carpeta 20260331
2026-03-30 17:13:39,545 - src.processor - INFO - Registros encontrados: 14
2026-03-30 17:13:39,545 - src.processor - WARNING - Registros insuficientes (14) para C_VEN_PRE_AMAPR2A_RCS. Mínimo requerido: 50. Archivo NO generado.
2026-03-30 17:13:39,546 - src.processor - INFO - Procesando: C_VEN_PRE_AMAPR2B_RCS para fecha 2026-03-31 en carpeta 20260331
2026-03-30 17:14:06,796 - src.processor - INFO - Registros encontrados: 958013
2026-03-30 17:14:07,256 - src.processor - INFO - Archivo generado: C_VEN_PRE_AMAPR2B260331_RCS.txt (958013 registros)
2026-03-30 17:14:07,257 - src.processor - INFO - Procesando: C_VEN_PRE_AMAPR2A_SL para fecha 2026-03-31 en carpeta 20260331
2026-03-30 17:14:20,586 - src.processor - INFO - Registros encontrados: 171937
2026-03-30 17:14:20,668 - src.processor - INFO - Archivo generado: C_VEN_PRE_AMAPR2A260331_SL.txt (171937 registros)
2026-03-30 17:14:20,669 - src.processor - INFO - Procesando: C_VEN_PRE_AMAPR2B_SL para fecha 2026-03-31 en carpeta 20260331
2026-03-30 17:14:54,668 - src.processor - INFO - Registros encontrados: 1225000
2026-03-30 17:14:55,234 - src.processor - INFO - Archivo generado: C_VEN_PRE_AMAPR2B260331_SL.txt (1225000 registros)
2026-03-30 17:14:55,234 - src.processor - INFO - Procesando: C_VEN_PRE_AMAPR2C_SL para fecha 2026-03-31 en carpeta 20260331
2026-03-30 17:15:29,153 - src.processor - INFO - Registros encontrados: 1225000
2026-03-30 17:15:29,720 - src.processor - INFO - Archivo generado: C_VEN_PRE_AMAPR2C260331_SL.txt (1225000 registros)
2026-03-30 17:15:29,722 - src.processor - INFO - Procesando: C_VEN_PRE_AMAPR2D_SL para fecha 2026-03-31 en carpeta 20260331
2026-03-30 17:16:03,150 - src.processor - INFO - Registros encontrados: 1219961
2026-03-30 17:16:03,741 - src.processor - INFO - Archivo generado: C_VEN_PRE_AMAPR2D260331_SL.txt (1219961 registros)
2026-03-30 17:16:03,741 - src.processor - INFO - Procesando: C_VEN_PRE_MIGEDUC_SL para fecha 2026-03-31 en carpeta 20260331
2026-03-30 17:16:14,342 - src.processor - INFO - Registros encontrados: 3858
2026-03-30 17:16:14,357 - src.processor - INFO - Archivo generado: C_VEN_PRE_MIGEDUC260331_SL.txt (3858 registros)
2026-03-30 17:16:14,357 - src.processor - INFO - Procesando: C_VEN_PRE_MIGPPWP_SL para fecha 2026-03-31 en carpeta 20260331
2026-03-30 17:16:27,948 - src.processor - INFO - Registros encontrados: 157466
2026-03-30 17:16:28,032 - src.processor - INFO - Archivo generado: C_VEN_PRE_MIGPPWP260331_SL.txt (157466 registros)
2026-03-30 17:16:28,055 - src.database - INFO - Conexión cerrada.
2026-03-30 17:16:28,055 - src.processor - INFO - Proceso finalizado.
2026-03-30 17:16:28,063 - Main - INFO - --- Ejecución completada exitosamente ---
2026-03-31 09:08:18,098 - Main - INFO - --- Iniciando Sistema de Generación de Audiencias ---
2026-03-31 09:08:18,101 - src.processor - INFO - Iniciando procesamiento de audiencias...
2026-03-31 09:08:18,118 - src.database - INFO - Intentando conectar a Teradata host: tdtvntg.claro.com.co...
2026-03-31 09:08:23,282 - src.database - INFO - Conexión a Teradata exitosa.
2026-03-31 09:08:23,294 - src.processor - INFO - Procesando: C_VEN_PRE_HOGO9MC_SL para fecha 2026-03-31 en carpeta 20260331
2026-03-31 09:09:10,478 - src.database - INFO - Conexión cerrada.
2026-03-31 09:09:10,486 - src.processor - INFO - Proceso finalizado.
2026-03-31 09:11:31,402 - Main - INFO - --- Iniciando Sistema de Generación de Audiencias ---
2026-03-31 09:11:31,402 - src.processor - INFO - Iniciando procesamiento de audiencias...
2026-03-31 09:11:31,422 - src.database - INFO - Intentando conectar a Teradata host: tdtvntg.claro.com.co...
2026-03-31 09:11:33,433 - src.database - INFO - Conexión a Teradata exitosa.
2026-03-31 09:11:33,446 - src.processor - INFO - Procesando: C_VEN_PRE_HOGO9MC_SL para fecha 2026-03-31 en carpeta 20260331
2026-03-31 09:11:59,144 - src.processor - INFO - Registros encontrados: 300000
2026-03-31 09:11:59,342 - src.processor - INFO - Archivo generado: C_VEN_PRE_HOGO9MC260331_SL.txt (300000 registros)
2026-03-31 09:11:59,343 - src.processor - INFO - Procesando: C_VEN_PRE_HOGO9ME_SL para fecha 2026-03-31 en carpeta 20260331
2026-03-31 09:12:21,035 - src.processor - INFO - Registros encontrados: 300000
2026-03-31 09:12:21,308 - src.processor - INFO - Archivo generado: C_VEN_PRE_HOGO9ME260331_SL.txt (300000 registros)
2026-03-31 09:12:21,309 - src.processor - INFO - Procesando: C_VEN_PRE_HOGO9MB_SL para fecha 2026-03-31 en carpeta 20260331
2026-03-31 09:13:10,643 - src.processor - INFO - Registros encontrados: 300000
2026-03-31 09:13:10,793 - src.processor - INFO - Archivo generado: C_VEN_PRE_HOGO9MB260331_SL.txt (300000 registros)
2026-03-31 09:13:11,422 - src.database - INFO - Conexión cerrada.
2026-03-31 09:13:11,422 - src.processor - INFO - Proceso finalizado.
2026-03-31 09:13:11,437 - Main - INFO - --- Ejecución completada exitosamente ---
2026-03-31 12:58:05,412 - Main - INFO - --- Iniciando Sistema de Generación de Audiencias ---
2026-03-31 12:58:05,413 - src.processor - INFO - Iniciando procesamiento de audiencias...
2026-03-31 12:58:05,419 - src.database - INFO - Intentando conectar a Teradata host: tdtvntg.claro.com.co...
2026-03-31 12:58:06,854 - src.database - INFO - Conexión a Teradata exitosa.
2026-03-31 12:58:06,856 - src.processor - INFO - Procesando: C_VEN_PRE_AMAPR1A_RCS para fecha 2026-04-01 en carpeta 20260401
2026-03-31 12:58:15,331 - src.processor - INFO - Registros encontrados: 14
2026-03-31 12:58:15,332 - src.processor - WARNING - Registros insuficientes (14) para C_VEN_PRE_AMAPR1A_RCS. Mínimo requerido: 50. Archivo NO generado.
2026-03-31 12:58:15,332 - src.processor - INFO - Procesando: C_VEN_PRE_AMAPR1B_RCS para fecha 2026-04-01 en carpeta 20260401
2026-03-31 12:58:33,576 - src.processor - INFO - Registros encontrados: 490500
2026-03-31 12:58:33,821 - src.processor - INFO - Archivo generado: C_VEN_PRE_AMAPR1B260401_RCS.txt (490500 registros)
2026-03-31 12:58:33,822 - src.processor - INFO - Procesando: C_VEN_PRE_AMAPR1A_SL para fecha 2026-04-01 en carpeta 20260401
2026-03-31 12:58:44,196 - src.processor - INFO - Registros encontrados: 92600
2026-03-31 12:58:44,254 - src.processor - INFO - Archivo generado: C_VEN_PRE_AMAPR1A260401_SL.txt (92600 registros)
2026-03-31 12:58:44,256 - src.processor - INFO - Procesando: C_VEN_PRE_AMAPR1B_SL para fecha 2026-04-01 en carpeta 20260401
2026-03-31 12:59:06,606 - src.processor - INFO - Registros encontrados: 663500
2026-03-31 12:59:06,932 - src.processor - INFO - Archivo generado: C_VEN_PRE_AMAPR1B260401_SL.txt (663500 registros)
2026-03-31 12:59:06,933 - src.processor - INFO - Procesando: C_VEN_PRE_AMAPR1C_SL para fecha 2026-04-01 en carpeta 20260401
2026-03-31 12:59:29,610 - src.processor - INFO - Registros encontrados: 663500
2026-03-31 12:59:30,065 - src.processor - INFO - Archivo generado: C_VEN_PRE_AMAPR1C260401_SL.txt (663500 registros)
2026-03-31 12:59:30,067 - src.processor - INFO - Procesando: C_VEN_PRE_AMAPR1D_SL para fecha 2026-04-01 en carpeta 20260401
2026-03-31 12:59:53,956 - src.processor - INFO - Registros encontrados: 663500
2026-03-31 12:59:54,488 - src.processor - INFO - Archivo generado: C_VEN_PRE_AMAPR1D260401_SL.txt (663500 registros)
2026-03-31 12:59:54,490 - src.processor - INFO - Procesando: C_VEN_PRE_MIGINCE_SL para fecha 2026-04-01 en carpeta 20260401
2026-03-31 13:00:04,610 - src.processor - INFO - Registros encontrados: 3858
2026-03-31 13:00:04,617 - src.processor - INFO - Archivo generado: C_VEN_PRE_MIGINCE260401_SL.txt (3858 registros)
2026-03-31 13:00:04,618 - src.processor - INFO - Procesando: C_VEN_PRE_MIGPPWP_SL para fecha 2026-04-01 en carpeta 20260401
2026-03-31 13:00:18,495 - src.processor - INFO - Registros encontrados: 67400
2026-03-31 13:02:35,829 - src.processor - INFO - Archivo omitido por el usuario: C_VEN_PRE_MIGPPWP260401_SL.txt
2026-03-31 13:02:35,851 - src.database - INFO - Conexión cerrada.
2026-03-31 13:02:35,851 - src.processor - INFO - Proceso finalizado.
2026-03-31 13:02:35,855 - Main - INFO - --- Ejecución completada exitosamente ---
2026-03-31 13:59:26,324 - Main - INFO - --- Iniciando Sistema de Generación de Audiencias ---
2026-03-31 13:59:26,324 - src.processor - INFO - Iniciando procesamiento de audiencias...
2026-03-31 13:59:26,334 - src.database - INFO - Intentando conectar a Teradata host: tdtvntg.claro.com.co...
2026-03-31 13:59:27,853 - src.database - INFO - Conexión a Teradata exitosa.
2026-03-31 13:59:27,859 - src.processor - INFO - Procesando: C_VEN_PRE_MIGINCE_EP para fecha 2026-04-01 en carpeta 20260401
2026-03-31 13:59:28,448 - src.processor - INFO - Registros encontrados: 147
2026-03-31 13:59:28,450 - src.processor - INFO - Archivo generado: C_VEN_PRE_MIGINCE260401_EP.txt (147 registros)
2026-03-31 13:59:28,480 - src.database - INFO - Conexión cerrada.
2026-03-31 13:59:28,480 - src.processor - INFO - Proceso finalizado.
2026-03-31 13:59:28,481 - Main - INFO - --- Ejecución completada exitosamente ---
2026-04-01 07:24:56,694 - Main - INFO - --- Iniciando Sistema de Generación de Audiencias ---
2026-04-01 07:24:56,694 - src.processor - INFO - Iniciando procesamiento de audiencias...
2026-04-01 07:24:56,703 - src.database - INFO - Intentando conectar a Teradata host: tdtvntg.claro.com.co...
2026-04-01 07:24:58,149 - src.database - INFO - Conexión a Teradata exitosa.
2026-04-01 07:24:58,154 - src.processor - INFO - Procesando: C_VEN_PRE_MIGEDUC_EP para fecha 2026-04-04 en carpeta 20260404
2026-04-01 07:24:59,484 - src.processor - INFO - Registros encontrados: 772
2026-04-01 07:24:59,487 - src.processor - INFO - Archivo generado: C_VEN_PRE_MIGEDUC260404_EP.txt (772 registros)
2026-04-01 07:24:59,523 - src.database - INFO - Conexión cerrada.
2026-04-01 07:24:59,524 - src.processor - INFO - Proceso finalizado.
2026-04-01 07:24:59,527 - Main - INFO - --- Ejecución completada exitosamente ---
2026-04-01 08:26:08,885 - Main - INFO - --- Iniciando Sistema de Generación de Audiencias ---
2026-04-01 08:26:08,886 - src.processor - INFO - Iniciando procesamiento de audiencias...
2026-04-01 08:26:08,889 - src.database - INFO - Intentando conectar a Teradata host: tdtvntg.claro.com.co...
2026-04-01 08:26:10,671 - src.database - INFO - Conexión a Teradata exitosa.
2026-04-01 08:26:10,672 - src.processor - INFO - Procesando: C_VEN_PRE_AMAPR1A_RCS para fecha 2026-04-04 en carpeta 20260404
2026-04-01 08:26:24,429 - src.processor - INFO - Registros encontrados: 0
2026-04-01 08:26:24,429 - src.processor - WARNING - Registros insuficientes (0) para C_VEN_PRE_AMAPR1A_RCS. Mínimo requerido: 50. Archivo NO generado.
2026-04-01 08:26:24,431 - src.processor - INFO - Procesando: C_VEN_PRE_AMAPR1B_RCS para fecha 2026-04-04 en carpeta 20260404
2026-04-01 08:26:47,913 - src.processor - INFO - Registros encontrados: 490308
2026-04-01 08:26:48,137 - src.processor - INFO - Archivo generado: C_VEN_PRE_AMAPR1B260404_RCS.txt (490308 registros)
2026-04-01 08:26:48,137 - src.processor - INFO - Procesando: C_VEN_PRE_AMAPR1A_SL para fecha 2026-04-04 en carpeta 20260404
2026-04-01 08:27:13,088 - src.processor - INFO - Registros encontrados: 83250
2026-04-01 08:27:13,145 - src.processor - INFO - Archivo generado: C_VEN_PRE_AMAPR1A260404_SL.txt (83250 registros)
2026-04-01 08:27:13,146 - src.processor - INFO - Procesando: C_VEN_PRE_AMAPR1B_SL para fecha 2026-04-04 en carpeta 20260404
2026-04-01 08:27:56,320 - src.processor - INFO - Registros encontrados: 999100
2026-04-01 08:27:56,760 - src.processor - INFO - Archivo generado: C_VEN_PRE_AMAPR1B260404_SL.txt (999100 registros)
2026-04-01 08:27:56,760 - src.processor - INFO - Procesando: C_VEN_PRE_AMAPR1C_SL para fecha 2026-04-04 en carpeta 20260404
2026-04-01 08:28:29,421 - src.processor - INFO - Registros encontrados: 999100
2026-04-01 08:28:29,917 - src.processor - INFO - Archivo generado: C_VEN_PRE_AMAPR1C260404_SL.txt (999100 registros)
2026-04-01 08:28:29,917 - src.processor - INFO - Procesando: C_VEN_PRE_AMAPR1D_SL para fecha 2026-04-04 en carpeta 20260404
2026-04-01 08:29:04,122 - src.processor - INFO - Registros encontrados: 998827
2026-04-01 08:29:04,598 - src.processor - INFO - Archivo generado: C_VEN_PRE_AMAPR1D260404_SL.txt (998827 registros)
2026-04-01 08:29:04,599 - src.processor - INFO - Procesando: C_VEN_PRE_MIGEDUC_SL para fecha 2026-04-04 en carpeta 20260404
2026-04-01 08:29:20,598 - src.processor - INFO - Registros encontrados: 0
2026-04-01 08:29:20,598 - src.processor - WARNING - Registros insuficientes (0) para C_VEN_PRE_MIGEDUC_SL. Mínimo requerido: 50. Archivo NO generado.
2026-04-01 08:29:20,599 - src.processor - INFO - Procesando: C_VEN_PRE_MIGPPWP_SL para fecha 2026-04-04 en carpeta 20260404
2026-04-01 08:29:37,349 - src.processor - INFO - Registros encontrados: 64519
2026-04-01 08:29:37,383 - src.processor - INFO - Archivo generado: C_VEN_PRE_MIGPPWP260404_SL.txt (64519 registros)
2026-04-01 08:29:37,416 - src.database - INFO - Conexión cerrada.
2026-04-01 08:29:37,416 - src.processor - INFO - Proceso finalizado.
2026-04-01 08:29:37,420 - Main - INFO - --- Ejecución completada exitosamente ---
2026-04-01 20:32:21,938 - Main - INFO - --- Iniciando Sistema de Generación de Audiencias ---
2026-04-01 20:32:21,939 - src.processor - INFO - Iniciando procesamiento de audiencias...
2026-04-01 20:32:21,943 - src.database - INFO - Intentando conectar a Teradata host: tdtvntg.claro.com.co...
2026-04-01 20:32:23,652 - src.database - INFO - Conexión a Teradata exitosa.
2026-04-01 20:32:23,656 - src.processor - INFO - Procesando: C_VEN_PRE_AMAPR1A_RCS para fecha 2026-04-06 en carpeta 20260406
2026-04-01 20:32:34,248 - src.processor - INFO - Registros encontrados: 63863
2026-04-01 20:32:34,279 - src.processor - INFO - Archivo generado: C_VEN_PRE_AMAPR1A260406_RCS.txt (63863 registros)
2026-04-01 20:32:34,281 - src.processor - INFO - Procesando: C_VEN_PRE_AMAPR1B_RCS para fecha 2026-04-06 en carpeta 20260406
2026-04-01 20:33:04,279 - src.processor - INFO - Registros encontrados: 888888
2026-04-01 20:33:04,685 - src.processor - INFO - Archivo generado: C_VEN_PRE_AMAPR1B260406_RCS.txt (888888 registros)
2026-04-01 20:33:04,685 - src.processor - INFO - Procesando: C_VEN_PRE_AMAPR1B_SL para fecha 2026-04-06 en carpeta 20260406
2026-04-01 20:33:22,782 - src.processor - INFO - Registros encontrados: 570000
2026-04-01 20:33:23,078 - src.processor - INFO - Archivo generado: C_VEN_PRE_AMAPR1B260406_SL.txt (570000 registros)
2026-04-01 20:33:23,080 - src.processor - INFO - Procesando: C_VEN_PRE_AMAPR1A_SL para fecha 2026-04-06 en carpeta 20260406
2026-04-01 20:33:31,894 - src.processor - INFO - Registros encontrados: 22433
2026-04-01 20:33:31,906 - src.processor - INFO - Archivo generado: C_VEN_PRE_AMAPR1A260406_SL.txt (22433 registros)
2026-04-01 20:33:31,907 - src.processor - INFO - Procesando: C_VEN_PRE_AMAPR1C_SL para fecha 2026-04-06 en carpeta 20260406
2026-04-01 20:33:50,177 - src.processor - INFO - Registros encontrados: 570000
2026-04-01 20:33:50,445 - src.processor - INFO - Archivo generado: C_VEN_PRE_AMAPR1C260406_SL.txt (570000 registros)
2026-04-01 20:33:50,445 - src.processor - INFO - Procesando: C_VEN_PRE_AMAPR1D_SL para fecha 2026-04-06 en carpeta 20260406
2026-04-01 20:34:08,509 - src.processor - INFO - Registros encontrados: 566849
2026-04-01 20:34:08,784 - src.processor - INFO - Archivo generado: C_VEN_PRE_AMAPR1D260406_SL.txt (566849 registros)
2026-04-01 20:34:08,813 - src.database - INFO - Conexión cerrada.
2026-04-01 20:34:08,814 - src.processor - INFO - Proceso finalizado.
2026-04-01 20:34:08,841 - Main - INFO - --- Ejecución completada exitosamente ---
2026-04-06 13:49:09,739 - Main - INFO - --- Iniciando Sistema de Generación de Audiencias ---
2026-04-06 13:49:09,739 - src.processor - INFO - Iniciando procesamiento de audiencias...
2026-04-06 13:49:09,759 - src.database - INFO - Intentando conectar a Teradata host: tdtvntg.claro.com.co...
2026-04-06 13:49:12,250 - src.database - INFO - Conexión a Teradata exitosa.
2026-04-06 13:49:12,261 - src.processor - INFO - Procesando: C_VEN_PRE_AMAPR2A_RCS para fecha 2026-04-07 en carpeta 20260407
2026-04-06 13:49:21,052 - src.processor - INFO - Registros encontrados: 20538
2026-04-06 13:49:21,069 - src.processor - INFO - Archivo generado: C_VEN_PRE_AMAPR2A260407_RCS.txt (20538 registros)
2026-04-06 13:49:21,071 - src.processor - INFO - Procesando: C_VEN_PRE_AMAPR2B_RCS para fecha 2026-04-07 en carpeta 20260407
2026-04-06 13:49:47,924 - src.processor - INFO - Registros encontrados: 797537
2026-04-06 13:49:48,419 - src.processor - INFO - Archivo generado: C_VEN_PRE_AMAPR2B260407_RCS.txt (797537 registros)
2026-04-06 13:49:48,419 - src.processor - INFO - Procesando: C_VEN_PRE_AMAPR2C_SL para fecha 2026-04-07 en carpeta 20260407
2026-04-06 13:50:09,806 - src.processor - INFO - Registros encontrados: 563500
2026-04-06 13:50:10,060 - src.processor - INFO - Archivo generado: C_VEN_PRE_AMAPR2C260407_SL.txt (563500 registros)
2026-04-06 13:50:10,060 - src.processor - INFO - Procesando: C_VEN_PRE_AMAPR2A_SL para fecha 2026-04-07 en carpeta 20260407
2026-04-06 13:50:19,534 - src.processor - INFO - Registros encontrados: 33050
2026-04-06 13:50:19,766 - src.processor - INFO - Archivo generado: C_VEN_PRE_AMAPR2A260407_SL.txt (33050 registros)
2026-04-06 13:50:19,768 - src.processor - INFO - Procesando: C_VEN_PRE_AMAPR2B_SL para fecha 2026-04-07 en carpeta 20260407
2026-04-06 13:50:44,398 - src.processor - INFO - Registros encontrados: 561505
2026-04-06 13:50:44,704 - src.processor - INFO - Archivo generado: C_VEN_PRE_AMAPR2B260407_SL.txt (561505 registros)
2026-04-06 13:50:44,704 - src.processor - INFO - Procesando: C_VEN_PRE_AMAPR2D_SL para fecha 2026-04-07 en carpeta 20260407
2026-04-06 13:51:07,188 - src.processor - INFO - Registros encontrados: 603000
2026-04-06 13:51:07,536 - src.processor - INFO - Archivo generado: C_VEN_PRE_AMAPR2D260407_SL.txt (603000 registros)
2026-04-06 13:51:07,651 - src.database - INFO - Conexión cerrada.
2026-04-06 13:51:07,652 - src.processor - INFO - Proceso finalizado.
2026-04-06 13:51:07,686 - Main - INFO - --- Ejecución completada exitosamente ---
