2026-05-08 08:36:42,120 - Main - INFO - --- Iniciando Sistema de Generación de Audiencias ---
2026-05-08 08:36:42,151 - Main - CRITICAL - Error inesperado en la ejecución principal: Faltan rutas en Config.json ['paths']: ['input_file', 'output_base', 'servicio_base']
2026-05-08 08:54:16,744 - Main - INFO - --- Iniciando Sistema de Generación de Audiencias ---
2026-05-08 08:54:16,773 - Main - CRITICAL - Error inesperado en la ejecución principal: Faltan rutas en Config.json ['paths']: ['input_file', 'output_base', 'servicio_base']
2026-05-08 11:52:52,038 - Main - INFO - --- Iniciando Sistema de Generación de Audiencias ---
2026-05-08 11:52:52,051 - Main - CRITICAL - Error inesperado en la ejecución principal: Faltan rutas en Config.json ['paths']: ['input_file', 'output_base', 'servicio_base']
2026-05-08 11:54:10,654 - Main - INFO - --- Iniciando Sistema de Generación de Audiencias ---
2026-05-08 11:54:10,656 - Main - CRITICAL - Error inesperado en la ejecución principal: Faltan rutas en Config.json ['paths']: ['input_file', 'output_base', 'servicio_base']
2026-05-08 12:17:39,884 - Main - INFO - --- Iniciando Sistema de Generación de Audiencias ---
2026-05-08 12:17:39,886 - src.processor - INFO - Iniciando procesamiento de audiencias...
2026-05-08 12:17:39,904 - src.database - INFO - Intentando conectar a Teradata host: tdtvntg.claro.com.co...
2026-05-08 12:17:42,942 - src.database - INFO - Conexión a Teradata exitosa.
2026-05-08 12:17:42,949 - src.processor - INFO - Procesando: C_VEN_HOG_VMBHM4O_SL para fecha 2026-05-08 en carpeta 20260508
2026-05-08 12:17:53,413 - src.processor - INFO - Registros encontrados: 135766
2026-05-08 12:19:43,522 - src.processor - INFO - Archivo generado: C_VEN_HOG_VMBHM4O260508_SL.txt (135766 registros)
2026-05-08 12:19:43,573 - src.database - INFO - Conexión cerrada.
2026-05-08 12:19:43,573 - src.processor - INFO - Proceso finalizado.
2026-05-08 12:19:43,579 - Main - INFO - --- Ejecución completada exitosamente ---
2026-05-08 13:42:33,502 - Main - INFO - --- Iniciando Sistema de Generación de Audiencias ---
2026-05-08 13:42:33,515 - src.processor - INFO - Iniciando procesamiento de audiencias...
2026-05-08 13:42:33,518 - src.database - INFO - Intentando conectar a Teradata host: tdtvntg.claro.com.co...
2026-05-08 13:42:35,404 - src.database - INFO - Conexión a Teradata exitosa.
2026-05-08 13:42:35,407 - src.processor - INFO - Procesando: C_INN_PRE_AFIJOYD_SL para fecha 2026-05-08 en carpeta 20260508
2026-05-08 13:42:57,572 - src.processor - INFO - Registros encontrados: 999999
2026-05-08 13:42:58,073 - src.processor - INFO - Archivo generado: C_INN_PRE_AFIJOYD260508_SL.txt (999999 registros)
2026-05-08 13:42:58,074 - src.processor - INFO - Procesando: C_VEN_EQU_CFISAPP_AP para fecha 2026-05-08 en carpeta 20260508
2026-05-08 13:43:01,406 - src.processor - INFO - Registros encontrados: 18102
2026-05-08 13:43:01,419 - src.processor - INFO - Archivo generado: C_VEN_EQU_CFISAPP260508_AP.txt (18102 registros)
2026-05-08 13:43:01,420 - src.processor - INFO - Procesando: C_REN_POS_GAMIGFM_RCS para fecha 2026-05-08 en carpeta 20260508
2026-05-08 13:43:04,797 - src.processor - INFO - Registros encontrados: 14145
2026-05-08 13:43:04,808 - src.processor - INFO - Archivo generado: C_REN_POS_GAMIGFM260508_RCS.txt (14145 registros)
2026-05-08 13:43:04,830 - src.database - INFO - Conexión cerrada.
2026-05-08 13:43:04,831 - src.processor - INFO - Proceso finalizado.
2026-05-08 13:43:04,831 - Main - INFO - --- Ejecución completada exitosamente ---
2026-05-08 13:50:08,230 - Main - INFO - --- Iniciando Sistema de Generación de Audiencias ---
2026-05-08 13:50:08,246 - src.processor - INFO - Iniciando procesamiento de audiencias...
2026-05-08 13:50:08,250 - src.database - INFO - Intentando conectar a Teradata host: tdtvntg.claro.com.co...
2026-05-08 13:50:10,088 - src.database - INFO - Conexión a Teradata exitosa.
2026-05-08 13:50:10,090 - src.processor - INFO - Procesando: C_REN_POS_OTTWPGN_RCS para fecha 2026-05-09 en carpeta 20260509
2026-05-08 13:50:17,140 - src.processor - INFO - Registros encontrados: 1134
2026-05-08 13:50:17,144 - src.processor - INFO - Archivo generado: C_REN_POS_OTTWPGN260509_RCS.txt (1134 registros)
2026-05-08 13:50:17,175 - src.database - INFO - Conexión cerrada.
2026-05-08 13:50:17,175 - src.processor - INFO - Proceso finalizado.
2026-05-08 13:50:17,175 - Main - INFO - --- Ejecución completada exitosamente ---
2026-05-08 18:06:03,560 - Main - INFO - --- Iniciando Sistema de Generación de Audiencias ---
2026-05-08 18:06:03,575 - src.processor - INFO - Iniciando procesamiento de audiencias...
2026-05-08 18:06:03,578 - src.database - INFO - Intentando conectar a Teradata host: tdtvntg.claro.com.co...
2026-05-08 18:06:05,013 - src.database - INFO - Conexión a Teradata exitosa.
2026-05-08 18:06:05,017 - src.processor - INFO - Procesando: C_VEN_PRE_MIGCTWC_RCS para fecha 2026-05-09 en carpeta 20260509
2026-05-08 18:06:08,795 - src.processor - INFO - Registros encontrados: 93854
2026-05-08 18:06:08,841 - src.processor - INFO - Archivo generado: C_VEN_PRE_MIGCTWC260509_RCS.txt (93854 registros)
2026-05-08 18:06:08,842 - src.processor - INFO - Procesando: C_VEN_PRE_MIGQAT1_RCS para fecha 2026-05-09 en carpeta 20260509
2026-05-08 18:06:15,601 - src.processor - INFO - Registros encontrados: 227997
2026-05-08 18:06:15,718 - src.processor - INFO - Archivo generado: C_VEN_PRE_MIGQAT1260509_RCS.txt (227997 registros)
2026-05-08 18:06:15,719 - src.processor - INFO - Procesando: C_VEN_PRE_MIGQATA_RCS para fecha 2026-05-09 en carpeta 20260509
2026-05-08 18:06:24,303 - src.processor - INFO - Registros encontrados: 334684
2026-05-08 18:06:24,464 - src.processor - INFO - Archivo generado: C_VEN_PRE_MIGQATA260509_RCS.txt (334684 registros)
2026-05-08 18:06:24,466 - src.processor - INFO - Procesando: C_VEN_PRE_MIGCTWC_SL para fecha 2026-05-09 en carpeta 20260509
2026-05-08 18:06:28,039 - src.processor - INFO - Registros encontrados: 32032
2026-05-08 18:06:28,060 - src.processor - INFO - Archivo generado: C_VEN_PRE_MIGCTWC260509_SL.txt (32032 registros)
2026-05-08 18:06:28,062 - src.processor - INFO - Procesando: C_VEN_PRE_MIGQAT1_SL para fecha 2026-05-09 en carpeta 20260509
2026-05-08 18:06:34,651 - src.processor - INFO - Registros encontrados: 211502
2026-05-08 18:06:34,758 - src.processor - INFO - Archivo generado: C_VEN_PRE_MIGQAT1260509_SL.txt (211502 registros)
2026-05-08 18:06:34,759 - src.processor - INFO - Procesando: C_VEN_PRE_MIGQATA_SL para fecha 2026-05-09 en carpeta 20260509
2026-05-08 18:06:38,665 - src.processor - INFO - Registros encontrados: 71049
2026-05-08 18:06:38,702 - src.processor - INFO - Archivo generado: C_VEN_PRE_MIGQATA260509_SL.txt (71049 registros)
2026-05-08 18:06:38,703 - src.processor - INFO - Procesando: C_VEN_PRE_MIGQATB_SL para fecha 2026-05-09 en carpeta 20260509
2026-05-08 18:06:45,629 - src.processor - INFO - Registros encontrados: 294640
2026-05-08 18:06:45,771 - src.processor - INFO - Archivo generado: C_VEN_PRE_MIGQATB260509_SL.txt (294640 registros)
2026-05-08 18:06:45,773 - src.processor - INFO - Procesando: C_VEN_PRE_MIGQATC_SL para fecha 2026-05-09 en carpeta 20260509
2026-05-08 18:06:48,723 - src.processor - INFO - Registros encontrados: 0
2026-05-08 18:06:48,723 - src.processor - WARNING - Registros insuficientes (0) para C_VEN_PRE_MIGQATC_SL. Mínimo requerido: 50. Archivo NO generado.
2026-05-08 18:06:48,746 - src.database - INFO - Conexión cerrada.
2026-05-08 18:06:48,746 - src.processor - INFO - Proceso finalizado.
2026-05-08 18:06:48,747 - Main - INFO - --- Ejecución completada exitosamente ---
2026-05-08 18:10:28,854 - Main - INFO - --- Iniciando Sistema de Generación de Audiencias ---
2026-05-08 18:10:28,856 - src.processor - INFO - Iniciando procesamiento de audiencias...
2026-05-08 18:10:28,859 - src.database - INFO - Intentando conectar a Teradata host: tdtvntg.claro.com.co...
2026-05-08 18:10:32,346 - src.database - INFO - Conexión a Teradata exitosa.
2026-05-08 18:10:32,347 - src.processor - INFO - Procesando: C_VEN_PRE_MIGQATC_SL para fecha 2026-05-09 en carpeta 20260509
2026-05-08 18:10:39,436 - src.processor - INFO - Registros encontrados: 316615
2026-05-08 18:10:39,580 - src.processor - INFO - Archivo generado: C_VEN_PRE_MIGQATC260509_SL.txt (316615 registros)
2026-05-08 18:10:39,632 - src.database - INFO - Conexión cerrada.
2026-05-08 18:10:39,632 - src.processor - INFO - Proceso finalizado.
2026-05-08 18:10:39,646 - Main - INFO - --- Ejecución completada exitosamente ---
2026-05-08 18:12:35,914 - Main - INFO - --- Iniciando Sistema de Generación de Audiencias ---
2026-05-08 18:12:35,928 - src.processor - INFO - Iniciando procesamiento de audiencias...
2026-05-08 18:12:35,932 - src.database - INFO - Intentando conectar a Teradata host: tdtvntg.claro.com.co...
2026-05-08 18:12:37,286 - src.database - INFO - Conexión a Teradata exitosa.
2026-05-08 18:12:37,288 - src.processor - INFO - Procesando: C_INN_POS_AFIJOYD_SL para fecha 2026-05-09 en carpeta 20260509
2026-05-08 18:12:40,306 - src.processor - INFO - Registros encontrados: 11295
2026-05-08 18:12:47,734 - src.processor - INFO - Archivo omitido por el usuario: C_INN_POS_AFIJOYD260509_SL.txt
2026-05-08 18:12:47,734 - src.processor - INFO - Procesando: C_INN_PRE_AFIJOYD_SL para fecha 2026-05-09 en carpeta 20260509
2026-05-08 18:12:50,687 - src.processor - INFO - Registros encontrados: 0
2026-05-08 18:12:50,687 - src.processor - WARNING - Registros insuficientes (0) para C_INN_PRE_AFIJOYD_SL. Mínimo requerido: 50. Archivo NO generado.
2026-05-08 18:12:50,688 - src.processor - INFO - Procesando: C_VEN_EQU_CFCEPOS_EP para fecha 2026-05-09 en carpeta 20260509
2026-05-08 18:12:55,120 - src.processor - INFO - Registros encontrados: 0
2026-05-08 18:12:55,120 - src.processor - WARNING - Registros insuficientes (0) para C_VEN_EQU_CFCEPOS_EP. Mínimo requerido: 50. Archivo NO generado.
2026-05-08 18:12:55,121 - src.processor - INFO - Procesando: C_VEN_EQU_CFIMOPP_AP para fecha 2026-05-09 en carpeta 20260509
2026-05-08 18:12:59,577 - src.processor - INFO - Registros encontrados: 80433
2026-05-08 18:13:05,435 - src.processor - INFO - Archivo omitido por el usuario: C_VEN_EQU_CFIMOPP260509_AP.txt
2026-05-08 18:13:05,436 - src.processor - INFO - Procesando: C_VEN_EQU_CFIXIHP_AP para fecha 2026-05-09 en carpeta 20260509
2026-05-08 18:13:08,870 - src.processor - INFO - Registros encontrados: 22221
2026-05-08 18:13:12,762 - src.processor - INFO - Archivo omitido por el usuario: C_VEN_EQU_CFIXIHP260509_AP.txt
2026-05-08 18:13:12,763 - src.processor - INFO - Procesando: C_VEN_EQU_CFIXIPS_AP para fecha 2026-05-09 en carpeta 20260509
2026-05-08 18:13:18,181 - src.processor - INFO - Registros encontrados: 88541
2026-05-08 18:13:21,381 - src.processor - INFO - Archivo omitido por el usuario: C_VEN_EQU_CFIXIPS260509_AP.txt
2026-05-08 18:13:21,381 - src.processor - INFO - Procesando: C_VEN_EQU_CFIXIPO_RCS para fecha 2026-05-09 en carpeta 20260509
2026-05-08 18:13:25,044 - src.processor - INFO - Registros encontrados: 52368
2026-05-08 18:13:34,592 - src.processor - INFO - Archivo omitido por el usuario: C_VEN_EQU_CFIXIPO260509_RCS.txt
2026-05-08 18:13:34,626 - src.database - INFO - Conexión cerrada.
2026-05-08 18:13:34,626 - src.processor - INFO - Proceso finalizado.
2026-05-08 18:13:34,628 - Main - INFO - --- Ejecución completada exitosamente ---
2026-05-08 20:47:45,426 - Main - INFO - --- Iniciando Sistema de Generación de Audiencias ---
2026-05-08 20:47:45,456 - src.processor - INFO - Iniciando procesamiento de audiencias...
2026-05-08 20:47:45,461 - src.database - INFO - Intentando conectar a Teradata host: tdtvntg.claro.com.co...
2026-05-08 20:47:51,352 - src.database - INFO - Conexión a Teradata exitosa.
2026-05-08 20:47:51,363 - src.processor - INFO - Procesando: C_REN_HOG_CNPHEMP_AP para fecha 2026-05-11 en carpeta 20260511
2026-05-08 20:48:09,593 - src.processor - INFO - Registros encontrados: 15549
2026-05-08 20:48:09,621 - src.processor - INFO - Archivo generado: C_REN_HOG_CNPHEMP260511_AP.txt (15549 registros)
2026-05-08 20:48:09,623 - src.processor - INFO - Procesando: C_REN_HOG_CNPHEMC_RCS para fecha 2026-05-11 en carpeta 20260511
2026-05-08 20:48:24,733 - src.processor - INFO - Registros encontrados: 828
2026-05-08 20:48:24,740 - src.processor - INFO - Archivo generado: C_REN_HOG_CNPHEMC260511_RCS.txt (828 registros)
2026-05-08 20:48:24,746 - src.processor - INFO - Procesando: C_REN_HOG_CNPOBMY_RCS para fecha 2026-05-11 en carpeta 20260511
2026-05-08 20:48:41,345 - src.processor - INFO - Registros encontrados: 9558
2026-05-08 20:48:41,358 - src.processor - INFO - Archivo generado: C_REN_HOG_CNPOBMY260511_RCS.txt (9558 registros)
2026-05-08 20:48:41,360 - src.processor - INFO - Procesando: C_REN_HOG_CNPSCSM_RCS para fecha 2026-05-11 en carpeta 20260511
2026-05-08 20:48:44,676 - src.processor - INFO - Registros encontrados: 2
2026-05-08 20:48:44,678 - src.processor - WARNING - Registros insuficientes (2) para C_REN_HOG_CNPSCSM_RCS. Mínimo requerido: 50. Archivo NO generado.
2026-05-08 20:48:44,679 - src.processor - INFO - Procesando: C_REN_HOG_CNPHEMB_SL para fecha 2026-05-11 en carpeta 20260511
2026-05-08 20:49:09,054 - src.processor - INFO - Registros encontrados: 184507
2026-05-08 20:49:09,345 - src.processor - INFO - Archivo generado: C_REN_HOG_CNPHEMB260511_SL.txt (184507 registros)
2026-05-08 20:49:09,347 - src.processor - INFO - Procesando: C_REN_HOG_CNPOMYA_SL para fecha 2026-05-11 en carpeta 20260511
2026-05-08 20:49:35,633 - src.processor - INFO - Registros encontrados: 200187
2026-05-08 20:49:35,882 - src.processor - INFO - Archivo generado: C_REN_HOG_CNPOMYA260511_SL.txt (200187 registros)
2026-05-08 20:49:35,883 - src.processor - INFO - Procesando: C_REN_HOG_CNPSMYA_SL para fecha 2026-05-11 en carpeta 20260511
2026-05-08 20:49:41,576 - src.processor - INFO - Registros encontrados: 7
2026-05-08 20:49:41,576 - src.processor - WARNING - Registros insuficientes (7) para C_REN_HOG_CNPSMYA_SL. Mínimo requerido: 50. Archivo NO generado.
2026-05-08 20:49:41,578 - src.processor - INFO - Procesando: C_REN_HOG_OTTWPPL_IP para fecha 2026-05-11 en carpeta 20260511
2026-05-08 20:50:00,501 - src.processor - INFO - Registros encontrados: 215680
2026-05-08 20:50:00,817 - src.processor - INFO - Archivo generado: C_REN_HOG_OTTWPPL260511_IP.txt (215680 registros)
2026-05-08 20:50:00,818 - src.processor - INFO - Procesando: C_REN_HOG_OTTWPPP_AP para fecha 2026-05-11 en carpeta 20260511
2026-05-08 20:50:12,649 - src.processor - INFO - Registros encontrados: 84977
2026-05-08 20:50:12,740 - src.processor - INFO - Archivo generado: C_REN_HOG_OTTWPPP260511_AP.txt (84977 registros)
2026-05-08 20:50:12,742 - src.processor - INFO - Procesando: C_REN_HOG_OTTNBES_AP para fecha 2026-05-11 en carpeta 20260511
2026-05-08 20:50:26,880 - src.processor - INFO - Registros encontrados: 80708
2026-05-08 20:50:27,005 - src.processor - INFO - Archivo generado: C_REN_HOG_OTTNBES260511_AP.txt (80708 registros)
2026-05-08 20:50:27,007 - src.processor - INFO - Procesando: C_REN_HOG_OTTHGHM_RCS para fecha 2026-05-11 en carpeta 20260511
2026-05-08 20:50:29,930 - src.processor - INFO - Registros encontrados: 1140
2026-05-08 20:50:29,934 - src.processor - INFO - Archivo generado: C_REN_HOG_OTTHGHM260511_RCS.txt (1140 registros)
2026-05-08 20:50:29,935 - src.processor - INFO - Procesando: C_REN_HOG_OTTWPPL_RCS para fecha 2026-05-11 en carpeta 20260511
2026-05-08 20:50:33,649 - src.processor - INFO - Registros encontrados: 35990
2026-05-08 20:50:33,692 - src.processor - INFO - Archivo generado: C_REN_HOG_OTTWPPL260511_RCS.txt (35990 registros)
2026-05-08 20:50:33,694 - src.processor - INFO - Procesando: C_REN_HOG_OTTHGOI_S0 para fecha 2026-05-11 en carpeta 20260511
2026-05-08 20:50:37,944 - src.processor - INFO - Registros encontrados: 42112
2026-05-08 20:50:38,016 - src.processor - INFO - Archivo generado: C_REN_HOG_OTTHGOI260511_S0.txt (42112 registros)
2026-05-08 20:50:38,029 - src.processor - INFO - Procesando: C_REN_HOG_OTTHGHA_SL para fecha 2026-05-11 en carpeta 20260511
2026-05-08 20:50:40,218 - src.processor - INFO - Registros encontrados: 3450
2026-05-08 20:50:40,224 - src.processor - INFO - Archivo generado: C_REN_HOG_OTTHGHA260511_SL.txt (3450 registros)
2026-05-08 20:50:40,226 - src.processor - INFO - Procesando: C_REN_HOG_OTTWPPA_SL para fecha 2026-05-11 en carpeta 20260511
2026-05-08 20:50:46,001 - src.processor - INFO - Registros encontrados: 86770
2026-05-08 20:50:46,094 - src.processor - INFO - Archivo generado: C_REN_HOG_OTTWPPA260511_SL.txt (86770 registros)
2026-05-08 20:50:46,095 - src.processor - INFO - Procesando: C_REN_HOG_OTTDANS_WPP para fecha 2026-05-11 en carpeta 20260511
2026-05-08 20:50:54,090 - src.processor - INFO - Registros encontrados: 9447
2026-05-08 20:50:54,103 - src.processor - INFO - Archivo generado: C_REN_HOG_OTTDANS260511_WPP.txt (9447 registros)
2026-05-08 20:50:54,105 - src.processor - INFO - Procesando: C_REN_POS_OTTHMEM_IP para fecha 2026-05-11 en carpeta 20260511
2026-05-08 20:51:32,767 - src.processor - INFO - Registros encontrados: 703437
2026-05-08 20:51:33,734 - src.processor - INFO - Archivo generado: C_REN_POS_OTTHMEM260511_IP.txt (703437 registros)
2026-05-08 20:51:33,735 - src.processor - INFO - Procesando: C_REN_POS_OTTNBER_IP para fecha 2026-05-11 en carpeta 20260511
2026-05-08 20:52:06,278 - src.processor - INFO - Registros encontrados: 707951
2026-05-08 20:52:07,411 - src.processor - INFO - Archivo generado: C_REN_POS_OTTNBER260511_IP.txt (707951 registros)
2026-05-08 20:52:07,413 - src.processor - INFO - Procesando: C_REN_POS_OTTNBEP_AP para fecha 2026-05-11 en carpeta 20260511
2026-05-08 20:52:26,859 - src.processor - INFO - Registros encontrados: 421847
2026-05-08 20:52:27,291 - src.processor - INFO - Archivo generado: C_REN_POS_OTTNBEP260511_AP.txt (421847 registros)
2026-05-08 20:52:27,293 - src.processor - INFO - Procesando: C_REN_POS_OTTNBES_AP para fecha 2026-05-11 en carpeta 20260511
2026-05-08 20:52:35,511 - src.processor - INFO - Registros encontrados: 116903
2026-05-08 20:52:35,678 - src.processor - INFO - Archivo generado: C_REN_POS_OTTNBES260511_AP.txt (116903 registros)
2026-05-08 20:52:35,680 - src.processor - INFO - Procesando: C_REN_POS_OTTWPPS_AP para fecha 2026-05-11 en carpeta 20260511
2026-05-08 20:52:56,179 - src.processor - INFO - Registros encontrados: 430297
2026-05-08 20:52:56,766 - src.processor - INFO - Archivo generado: C_REN_POS_OTTWPPS260511_AP.txt (430297 registros)
2026-05-08 20:52:56,768 - src.processor - INFO - Procesando: C_REN_POS_OTTDZOM_RCS para fecha 2026-05-11 en carpeta 20260511
2026-05-08 20:52:58,752 - src.processor - INFO - Registros encontrados: 1
2026-05-08 20:52:58,753 - src.processor - WARNING - Registros insuficientes (1) para C_REN_POS_OTTDZOM_RCS. Mínimo requerido: 50. Archivo NO generado.
2026-05-08 20:52:58,755 - src.processor - INFO - Procesando: C_REN_POS_OTTHMEM_RCS para fecha 2026-05-11 en carpeta 20260511
2026-05-08 20:53:00,720 - src.processor - INFO - Registros encontrados: 28
2026-05-08 20:53:00,721 - src.processor - WARNING - Registros insuficientes (28) para C_REN_POS_OTTHMEM_RCS. Mínimo requerido: 50. Archivo NO generado.
2026-05-08 20:53:00,722 - src.processor - INFO - Procesando: C_REN_POS_OTTNBER_RCS para fecha 2026-05-11 en carpeta 20260511
2026-05-08 20:53:02,623 - src.processor - INFO - Registros encontrados: 1
2026-05-08 20:53:02,623 - src.processor - WARNING - Registros insuficientes (1) para C_REN_POS_OTTNBER_RCS. Mínimo requerido: 50. Archivo NO generado.
2026-05-08 20:53:02,625 - src.processor - INFO - Procesando: C_REN_POS_OTTWPPL_RCS para fecha 2026-05-11 en carpeta 20260511
2026-05-08 20:53:12,250 - src.processor - INFO - Registros encontrados: 196869
2026-05-08 20:53:12,487 - src.processor - INFO - Archivo generado: C_REN_POS_OTTWPPL260511_RCS.txt (196869 registros)
2026-05-08 20:53:12,489 - src.processor - INFO - Procesando: C_REN_POS_OTTDIGN_S0 para fecha 2026-05-11 en carpeta 20260511
2026-05-08 20:53:14,695 - src.processor - INFO - Registros encontrados: 5110
2026-05-08 20:53:14,705 - src.processor - INFO - Archivo generado: C_REN_POS_OTTDIGN260511_S0.txt (5110 registros)
2026-05-08 20:53:14,710 - src.processor - INFO - Procesando: C_REN_POS_OTTHGOI_S0 para fecha 2026-05-11 en carpeta 20260511
2026-05-08 20:53:22,810 - src.processor - INFO - Registros encontrados: 158421
2026-05-08 20:53:23,002 - src.processor - INFO - Archivo generado: C_REN_POS_OTTHGOI260511_S0.txt (158421 registros)
2026-05-08 20:53:23,004 - src.processor - INFO - Procesando: C_REN_POS_OTTDZMA_SL para fecha 2026-05-11 en carpeta 20260511
2026-05-08 20:53:27,950 - src.processor - INFO - Registros encontrados: 59467
2026-05-08 20:53:28,029 - src.processor - INFO - Archivo generado: C_REN_POS_OTTDZMA260511_SL.txt (59467 registros)
2026-05-08 20:53:28,030 - src.processor - INFO - Procesando: C_REN_POS_OTTHMAA_SL para fecha 2026-05-11 en carpeta 20260511
2026-05-08 20:53:39,346 - src.processor - INFO - Registros encontrados: 213248
2026-05-08 20:53:39,585 - src.processor - INFO - Archivo generado: C_REN_POS_OTTHMAA260511_SL.txt (213248 registros)
2026-05-08 20:53:39,587 - src.processor - INFO - Procesando: C_REN_POS_OTTWPPA_SL para fecha 2026-05-11 en carpeta 20260511
2026-05-08 20:54:11,725 - src.processor - INFO - Registros encontrados: 779213
2026-05-08 20:54:12,613 - src.processor - INFO - Archivo generado: C_REN_POS_OTTWPPA260511_SL.txt (779213 registros)
2026-05-08 20:54:12,616 - src.processor - INFO - Procesando: C_REN_POS_OTTDANS_WPP para fecha 2026-05-11 en carpeta 20260511
2026-05-08 20:54:16,854 - src.processor - INFO - Registros encontrados: 44220
2026-05-08 20:54:16,906 - src.processor - INFO - Archivo generado: C_REN_POS_OTTDANS260511_WPP.txt (44220 registros)
2026-05-08 20:54:16,936 - src.database - INFO - Conexión cerrada.
2026-05-08 20:54:16,936 - src.processor - INFO - Proceso finalizado.
2026-05-08 20:54:16,940 - Main - INFO - --- Ejecución completada exitosamente ---
2026-05-11 10:40:10,826 - Main - INFO - --- Iniciando Sistema de Generación de Audiencias ---
2026-05-11 10:40:10,845 - src.processor - INFO - Iniciando procesamiento de audiencias...
2026-05-11 10:40:10,855 - src.database - INFO - Intentando conectar a Teradata host: tdtvntg.claro.com.co...
2026-05-11 10:40:12,864 - src.database - INFO - Conexión a Teradata exitosa.
2026-05-11 10:40:12,871 - src.processor - INFO - Procesando: C_AUT_HOG_USOCMAS_AP para fecha 2026-05-11 en carpeta 20260511
2026-05-11 10:40:15,783 - src.processor - INFO - Registros encontrados: 6120
2026-05-11 10:40:15,788 - src.processor - INFO - Archivo generado: C_AUT_HOG_USOCMAS260511_AP.txt (6120 registros)
2026-05-11 10:40:15,789 - src.processor - INFO - Procesando: C_AUT_HOG_USOCMBM_S0 para fecha 2026-05-11 en carpeta 20260511
2026-05-11 10:40:18,387 - src.processor - INFO - Registros encontrados: 3681
2026-05-11 10:40:18,393 - src.processor - INFO - Archivo generado: C_AUT_HOG_USOCMBM260511_S0.txt (3681 registros)
2026-05-11 10:40:18,394 - src.processor - INFO - Procesando: C_MER_POS_USOMERE_IP para fecha 2026-05-11 en carpeta 20260511
2026-05-11 10:40:22,206 - src.processor - INFO - Registros encontrados: 30000
2026-05-11 10:40:22,229 - src.processor - INFO - Archivo generado: C_MER_POS_USOMERE260511_IP.txt (30000 registros)
2026-05-11 10:40:22,229 - src.processor - INFO - Procesando: C_AUT_POS_USOMP1S_AP para fecha 2026-05-11 en carpeta 20260511
2026-05-11 10:40:25,789 - src.processor - INFO - Registros encontrados: 113
2026-05-11 10:40:25,790 - src.processor - INFO - Archivo generado: C_AUT_POS_USOMP1S260511_AP.txt (113 registros)
2026-05-11 10:40:25,791 - src.processor - INFO - Procesando: C_AUT_POS_USOMP2P_RCS para fecha 2026-05-11 en carpeta 20260511
2026-05-11 10:40:28,362 - src.processor - INFO - Registros encontrados: 0
2026-05-11 10:40:28,362 - src.processor - WARNING - Registros insuficientes (0) para C_AUT_POS_USOMP2P_RCS. Mínimo requerido: 50. Archivo NO generado.
2026-05-11 10:40:28,363 - src.processor - INFO - Procesando: C_AUT_POS_USOCMBM_S0 para fecha 2026-05-11 en carpeta 20260511
2026-05-11 10:40:30,420 - src.processor - INFO - Registros encontrados: 0
2026-05-11 10:40:30,421 - src.processor - WARNING - Registros insuficientes (0) para C_AUT_POS_USOCMBM_S0. Mínimo requerido: 50. Archivo NO generado.
2026-05-11 10:40:30,422 - src.processor - INFO - Procesando: C_AUT_POS_USOCUAV_S0 para fecha 2026-05-11 en carpeta 20260511
2026-05-11 10:40:32,402 - src.processor - INFO - Registros encontrados: 0
2026-05-11 10:40:32,402 - src.processor - WARNING - Registros insuficientes (0) para C_AUT_POS_USOCUAV_S0. Mínimo requerido: 50. Archivo NO generado.
2026-05-11 10:40:32,403 - src.processor - INFO - Procesando: C_AUT_PRE_USOCA3A_SL para fecha 2026-05-11 en carpeta 20260511
2026-05-11 10:40:34,407 - src.processor - INFO - Registros encontrados: 0
2026-05-11 10:40:34,407 - src.processor - WARNING - Registros insuficientes (0) para C_AUT_PRE_USOCA3A_SL. Mínimo requerido: 50. Archivo NO generado.
2026-05-11 10:40:34,408 - src.processor - INFO - Procesando: C_VEN_HOG_VMBHMU4_EP para fecha 2026-05-11 en carpeta 20260511
2026-05-11 10:40:41,283 - src.processor - INFO - Registros encontrados: 0
2026-05-11 10:40:41,283 - src.processor - WARNING - Registros insuficientes (0) para C_VEN_HOG_VMBHMU4_EP. Mínimo requerido: 50. Archivo NO generado.
2026-05-11 10:40:41,284 - src.processor - INFO - Procesando: C_VEN_HOG_VHBMMU4_IP para fecha 2026-05-11 en carpeta 20260511
2026-05-11 10:40:43,865 - src.processor - INFO - Registros encontrados: 11399
2026-05-11 10:40:43,875 - src.processor - INFO - Archivo generado: C_VEN_HOG_VHBMMU4260511_IP.txt (11399 registros)
2026-05-11 10:40:43,876 - src.processor - INFO - Procesando: C_VEN_POS_VHBMM8A_EP para fecha 2026-05-11 en carpeta 20260511
2026-05-11 10:40:45,700 - src.processor - INFO - Registros encontrados: 0
2026-05-11 10:40:45,700 - src.processor - WARNING - Registros insuficientes (0) para C_VEN_POS_VHBMM8A_EP. Mínimo requerido: 50. Archivo NO generado.
2026-05-11 10:40:45,702 - src.processor - INFO - Procesando: C_VEN_POS_VHBMM82_IP para fecha 2026-05-11 en carpeta 20260511
2026-05-11 10:40:58,684 - src.processor - INFO - Registros encontrados: 448073
2026-05-11 10:40:58,952 - src.processor - INFO - Archivo generado: C_VEN_POS_VHBMM82260511_IP.txt (448073 registros)
2026-05-11 10:40:58,953 - src.processor - INFO - Procesando: C_VEN_PRE_MIGCTWA_RCS para fecha 2026-05-11 en carpeta 20260511
2026-05-11 10:41:00,913 - src.processor - INFO - Registros encontrados: 0
2026-05-11 10:41:00,914 - src.processor - WARNING - Registros insuficientes (0) para C_VEN_PRE_MIGCTWA_RCS. Mínimo requerido: 50. Archivo NO generado.
2026-05-11 10:41:00,914 - src.processor - INFO - Procesando: C_VEN_PRE_MIGSLMA_RCS para fecha 2026-05-11 en carpeta 20260511
2026-05-11 10:41:02,826 - src.processor - INFO - Registros encontrados: 0
2026-05-11 10:41:02,826 - src.processor - WARNING - Registros insuficientes (0) para C_VEN_PRE_MIGSLMA_RCS. Mínimo requerido: 50. Archivo NO generado.
2026-05-11 10:41:02,827 - src.processor - INFO - Procesando: C_VEN_PRE_MIGWFDA_RCS para fecha 2026-05-11 en carpeta 20260511
2026-05-11 10:41:11,780 - src.processor - INFO - Registros encontrados: 386106
2026-05-11 10:41:11,969 - src.processor - INFO - Archivo generado: C_VEN_PRE_MIGWFDA260511_RCS.txt (386106 registros)
2026-05-11 10:41:11,970 - src.processor - INFO - Procesando: C_VEN_PRE_MIGWFDS_RCS para fecha 2026-05-11 en carpeta 20260511
2026-05-11 10:41:20,748 - src.processor - INFO - Registros encontrados: 386106
2026-05-11 10:41:20,953 - src.processor - INFO - Archivo generado: C_VEN_PRE_MIGWFDS260511_RCS.txt (386106 registros)
2026-05-11 10:41:20,954 - src.processor - INFO - Procesando: C_VEN_PRE_MIGCTWA_SL para fecha 2026-05-11 en carpeta 20260511
2026-05-11 10:41:22,924 - src.processor - INFO - Registros encontrados: 0
2026-05-11 10:41:22,924 - src.processor - WARNING - Registros insuficientes (0) para C_VEN_PRE_MIGCTWA_SL. Mínimo requerido: 50. Archivo NO generado.
2026-05-11 10:41:22,924 - src.processor - INFO - Procesando: C_VEN_PRE_MIGSLMA_SL para fecha 2026-05-11 en carpeta 20260511
2026-05-11 10:41:24,933 - src.processor - INFO - Registros encontrados: 0
2026-05-11 10:41:24,933 - src.processor - WARNING - Registros insuficientes (0) para C_VEN_PRE_MIGSLMA_SL. Mínimo requerido: 50. Archivo NO generado.
2026-05-11 10:41:24,934 - src.processor - INFO - Procesando: C_VEN_PRE_MIGWFDA_SL para fecha 2026-05-11 en carpeta 20260511
2026-05-11 10:41:29,797 - src.processor - INFO - Registros encontrados: 161941
2026-05-11 10:41:29,880 - src.processor - INFO - Archivo generado: C_VEN_PRE_MIGWFDA260511_SL.txt (161941 registros)
2026-05-11 10:41:29,881 - src.processor - INFO - Procesando: C_VEN_PRE_MIGWFDB_SL para fecha 2026-05-11 en carpeta 20260511
2026-05-11 10:41:36,751 - src.processor - INFO - Registros encontrados: 161941
2026-05-11 10:41:36,863 - src.processor - INFO - Archivo generado: C_VEN_PRE_MIGWFDB260511_SL.txt (161941 registros)
2026-05-11 10:41:36,864 - src.processor - INFO - Procesando: C_VEN_PRE_MIGWFDC_SL para fecha 2026-05-11 en carpeta 20260511
2026-05-11 10:41:43,455 - src.processor - INFO - Registros encontrados: 161941
2026-05-11 10:41:43,537 - src.processor - INFO - Archivo generado: C_VEN_PRE_MIGWFDC260511_SL.txt (161941 registros)
2026-05-11 10:41:43,538 - src.processor - INFO - Procesando: C_VEN_PRE_MIGWFDS_SL para fecha 2026-05-11 en carpeta 20260511
2026-05-11 10:41:49,889 - src.processor - INFO - Registros encontrados: 161941
2026-05-11 10:41:49,976 - src.processor - INFO - Archivo generado: C_VEN_PRE_MIGWFDS260511_SL.txt (161941 registros)
2026-05-11 10:41:49,977 - src.processor - INFO - Procesando: C_VEN_PRE_PTBSLMA_SL para fecha 2026-05-11 en carpeta 20260511
2026-05-11 10:41:53,724 - src.processor - INFO - Registros encontrados: 0
2026-05-11 10:41:53,725 - src.processor - WARNING - Registros insuficientes (0) para C_VEN_PRE_PTBSLMA_SL. Mínimo requerido: 50. Archivo NO generado.
2026-05-11 10:41:53,725 - src.processor - INFO - Procesando: C_VEN_EQU_CFIVIHP_AP para fecha 2026-05-11 en carpeta 20260511
2026-05-11 10:41:57,567 - src.processor - INFO - Registros encontrados: 56
2026-05-11 10:41:57,568 - src.processor - INFO - Archivo generado: C_VEN_EQU_CFIVIHP260511_AP.txt (56 registros)
2026-05-11 10:41:57,569 - src.processor - INFO - Procesando: C_VEN_EQU_CFIVIHS_AP para fecha 2026-05-11 en carpeta 20260511
2026-05-11 10:42:02,104 - src.processor - INFO - Registros encontrados: 3291
2026-05-11 10:42:02,108 - src.processor - INFO - Archivo generado: C_VEN_EQU_CFIVIHS260511_AP.txt (3291 registros)
2026-05-11 10:42:02,109 - src.processor - INFO - Procesando: C_VEN_EQU_CFIVIHO_RCS para fecha 2026-05-11 en carpeta 20260511
2026-05-11 10:42:06,068 - src.processor - INFO - Registros encontrados: 0
2026-05-11 10:42:06,068 - src.processor - WARNING - Registros insuficientes (0) para C_VEN_EQU_CFIVIHO_RCS. Mínimo requerido: 50. Archivo NO generado.
2026-05-11 10:42:06,068 - src.processor - INFO - Procesando: C_VEN_EQU_CFIVIHO_S0 para fecha 2026-05-11 en carpeta 20260511
2026-05-11 10:42:10,522 - src.processor - INFO - Registros encontrados: 1194
2026-05-11 10:42:10,526 - src.processor - INFO - Archivo generado: C_VEN_EQU_CFIVIHO260511_S0.txt (1194 registros)
2026-05-11 10:42:10,527 - src.processor - INFO - Procesando: C_VEN_EQU_CLIEEHO_SL para fecha 2026-05-11 en carpeta 20260511
2026-05-11 10:42:14,447 - src.processor - INFO - Registros encontrados: 0
2026-05-11 10:42:14,448 - src.processor - WARNING - Registros insuficientes (0) para C_VEN_EQU_CLIEEHO_SL. Mínimo requerido: 50. Archivo NO generado.
2026-05-11 10:42:14,448 - src.processor - INFO - Procesando: C_INN_POS_AFIJOYD_SL para fecha 2026-05-11 en carpeta 20260511
2026-05-11 10:42:18,251 - src.processor - INFO - Registros encontrados: 313
2026-05-11 10:42:18,253 - src.processor - INFO - Archivo generado: C_INN_POS_AFIJOYD260511_SL.txt (313 registros)
2026-05-11 10:42:18,254 - src.processor - INFO - Procesando: C_VEN_EQU_CFIVIPP_AP para fecha 2026-05-11 en carpeta 20260511
2026-05-11 10:42:20,774 - src.processor - INFO - Registros encontrados: 499
2026-05-11 10:42:20,775 - src.processor - INFO - Archivo generado: C_VEN_EQU_CFIVIPP260511_AP.txt (499 registros)
2026-05-11 10:42:20,776 - src.processor - INFO - Procesando: C_VEN_EQU_CFIVIPS_AP para fecha 2026-05-11 en carpeta 20260511
2026-05-11 10:42:23,671 - src.processor - INFO - Registros encontrados: 387
2026-05-11 10:42:23,673 - src.processor - INFO - Archivo generado: C_VEN_EQU_CFIVIPS260511_AP.txt (387 registros)
2026-05-11 10:42:23,674 - src.processor - INFO - Procesando: C_VEN_POS_TERMVVB_RCS para fecha 2026-05-11 en carpeta 20260511
2026-05-11 10:42:26,384 - src.processor - INFO - Registros encontrados: 0
2026-05-11 10:42:26,385 - src.processor - WARNING - Registros insuficientes (0) para C_VEN_POS_TERMVVB_RCS. Mínimo requerido: 50. Archivo NO generado.
2026-05-11 10:42:26,386 - src.processor - INFO - Procesando: C_VEN_EQU_CFIVIPO_S0 para fecha 2026-05-11 en carpeta 20260511
2026-05-11 10:42:29,920 - src.processor - INFO - Registros encontrados: 0
2026-05-11 10:42:29,921 - src.processor - WARNING - Registros insuficientes (0) para C_VEN_EQU_CFIVIPO_S0. Mínimo requerido: 50. Archivo NO generado.
2026-05-11 10:42:29,922 - src.processor - INFO - Procesando: C_VEN_EQU_CLIEBPO_SL para fecha 2026-05-11 en carpeta 20260511
2026-05-11 10:42:32,711 - src.processor - INFO - Registros encontrados: 1373
2026-05-11 10:42:32,712 - src.processor - INFO - Archivo generado: C_VEN_EQU_CLIEBPO260511_SL.txt (1373 registros)
2026-05-11 10:42:32,713 - src.processor - INFO - Procesando: C_INN_PRE_AFIJOYD_SL para fecha 2026-05-11 en carpeta 20260511
2026-05-11 10:42:35,907 - src.processor - INFO - Registros encontrados: 0
2026-05-11 10:42:35,907 - src.processor - WARNING - Registros insuficientes (0) para C_INN_PRE_AFIJOYD_SL. Mínimo requerido: 50. Archivo NO generado.
2026-05-11 10:42:35,908 - src.processor - INFO - Procesando: C_REN_HOG_CNPSCSM_RCS para fecha 2026-05-11 en carpeta 20260511
2026-05-11 10:42:38,743 - src.processor - INFO - Registros encontrados: 2
2026-05-11 10:42:38,743 - src.processor - WARNING - Registros insuficientes (2) para C_REN_HOG_CNPSCSM_RCS. Mínimo requerido: 50. Archivo NO generado.
2026-05-11 10:42:38,744 - src.processor - INFO - Procesando: C_REN_HOG_CNPSMYA_SL para fecha 2026-05-11 en carpeta 20260511
2026-05-11 10:42:41,746 - src.processor - INFO - Registros encontrados: 7
2026-05-11 10:42:41,746 - src.processor - WARNING - Registros insuficientes (7) para C_REN_HOG_CNPSMYA_SL. Mínimo requerido: 50. Archivo NO generado.
2026-05-11 10:42:41,748 - src.processor - INFO - Procesando: C_REN_POS_OTTDZOM_RCS para fecha 2026-05-11 en carpeta 20260511
2026-05-11 10:42:44,821 - src.processor - INFO - Registros encontrados: 1
2026-05-11 10:42:44,821 - src.processor - WARNING - Registros insuficientes (1) para C_REN_POS_OTTDZOM_RCS. Mínimo requerido: 50. Archivo NO generado.
2026-05-11 10:42:44,823 - src.processor - INFO - Procesando: C_REN_POS_OTTHMEM_RCS para fecha 2026-05-11 en carpeta 20260511
2026-05-11 10:42:47,869 - src.processor - INFO - Registros encontrados: 28
2026-05-11 10:42:47,869 - src.processor - WARNING - Registros insuficientes (28) para C_REN_POS_OTTHMEM_RCS. Mínimo requerido: 50. Archivo NO generado.
2026-05-11 10:42:47,870 - src.processor - INFO - Procesando: C_REN_POS_OTTNBER_RCS para fecha 2026-05-11 en carpeta 20260511
2026-05-11 10:42:50,866 - src.processor - INFO - Registros encontrados: 1
2026-05-11 10:42:50,866 - src.processor - WARNING - Registros insuficientes (1) para C_REN_POS_OTTNBER_RCS. Mínimo requerido: 50. Archivo NO generado.
2026-05-11 10:42:50,870 - src.processor - INFO - Procesando: N_AUT_POS_USORETA_SL para fecha 2026-05-11 en carpeta 20260511
2026-05-11 10:42:55,770 - src.processor - INFO - Registros encontrados: 96266
2026-05-11 10:42:55,821 - src.processor - INFO - Archivo generado: N_AUT_POS_USORETA260511_SL.txt (96266 registros)
2026-05-11 10:42:55,822 - src.processor - INFO - Procesando: N_VAS_CON_CDVNTQF_SL para fecha 2026-05-11 en carpeta 20260511
2026-05-11 10:42:59,948 - src.processor - INFO - Registros encontrados: 50000
2026-05-11 10:42:59,974 - src.processor - INFO - Archivo generado: N_VAS_CON_CDVNTQF260511_SL.txt (50000 registros)
2026-05-11 10:42:59,975 - src.processor - INFO - Procesando: N_VAS_POS_MUSEMGM_S0 para fecha 2026-05-11 en carpeta 20260511
2026-05-11 10:43:05,143 - src.processor - INFO - Registros encontrados: 97157
2026-05-11 10:43:05,189 - src.processor - INFO - Archivo generado: N_VAS_POS_MUSEMGM260511_S0.txt (97157 registros)
2026-05-11 10:43:05,223 - src.database - INFO - Conexión cerrada.
2026-05-11 10:43:05,223 - src.processor - INFO - Proceso finalizado.
2026-05-11 10:43:05,227 - Main - INFO - --- Ejecución completada exitosamente ---
2026-05-11 11:04:53,659 - Main - INFO - --- Iniciando Sistema de Generación de Audiencias ---
2026-05-11 11:04:53,673 - src.processor - INFO - Iniciando procesamiento de audiencias...
2026-05-11 11:04:53,686 - src.database - INFO - Intentando conectar a Teradata host: tdtvntg.claro.com.co...
2026-05-11 11:04:55,134 - src.database - INFO - Conexión a Teradata exitosa.
2026-05-11 11:04:55,143 - src.processor - INFO - Procesando: C_FID_CON_FIBLINDMOV426_WPP para fecha 2026-05-11 en carpeta 20260511
2026-05-11 11:04:58,245 - src.processor - INFO - Registros encontrados: 30564
2026-05-11 11:04:58,261 - src.processor - INFO - Archivo generado: C_FID_CON_FIBLINDMOV426260511_WPP.txt (30564 registros)
2026-05-11 11:04:58,344 - src.database - INFO - Conexión cerrada.
2026-05-11 11:04:58,345 - src.processor - INFO - Proceso finalizado.
2026-05-11 11:04:58,346 - Main - INFO - --- Ejecución completada exitosamente ---
2026-05-11 11:47:00,268 - Main - INFO - --- Iniciando Sistema de Generación de Audiencias ---
2026-05-11 11:47:00,281 - src.processor - INFO - Iniciando procesamiento de audiencias...
2026-05-11 11:47:00,285 - src.database - INFO - Intentando conectar a Teradata host: tdtvntg.claro.com.co...
2026-05-11 11:47:01,736 - src.database - INFO - Conexión a Teradata exitosa.
2026-05-11 11:47:01,738 - src.processor - INFO - Procesando: C_VEN_HOG_VMBHMU4_EP para fecha 2026-05-11 en carpeta 20260511
2026-05-11 11:47:05,333 - src.processor - INFO - Registros encontrados: 725
2026-05-11 11:47:05,335 - src.processor - INFO - Archivo generado: C_VEN_HOG_VMBHMU4260511_EP.txt (725 registros)
2026-05-11 11:47:05,367 - src.database - INFO - Conexión cerrada.
2026-05-11 11:47:05,367 - src.processor - INFO - Proceso finalizado.
2026-05-11 11:47:05,367 - Main - INFO - --- Ejecución completada exitosamente ---
2026-05-11 11:48:36,874 - Main - INFO - --- Iniciando Sistema de Generación de Audiencias ---
2026-05-11 11:48:36,876 - src.processor - INFO - Iniciando procesamiento de audiencias...
2026-05-11 11:48:36,879 - src.database - INFO - Intentando conectar a Teradata host: tdtvntg.claro.com.co...
2026-05-11 11:48:38,229 - src.database - INFO - Conexión a Teradata exitosa.
2026-05-11 11:48:38,230 - src.processor - INFO - Procesando: C_MER_POS_USOMERE_WPP para fecha 2026-05-11 en carpeta 20260511
2026-05-11 11:48:40,669 - src.processor - INFO - Registros encontrados: 7190
2026-05-11 11:48:40,677 - src.processor - INFO - Archivo generado: C_MER_POS_USOMERE260511_WPP.txt (7190 registros)
2026-05-11 11:48:40,678 - src.processor - INFO - Procesando: C_REN_HOG_OTTDANS_WPP para fecha 2026-05-11 en carpeta 20260511
2026-05-11 11:48:44,718 - src.processor - INFO - Registros encontrados: 9300
2026-05-11 11:48:44,725 - src.processor - INFO - Archivo generado: C_REN_HOG_OTTDANS260511_WPP.txt (9300 registros)
2026-05-11 11:48:44,727 - src.processor - INFO - Procesando: C_REN_POS_OTTDANS_WPP para fecha 2026-05-11 en carpeta 20260511
2026-05-11 11:48:49,579 - src.processor - INFO - Registros encontrados: 43962
2026-05-11 11:48:49,605 - src.processor - INFO - Archivo generado: C_REN_POS_OTTDANS260511_WPP.txt (43962 registros)
2026-05-11 11:48:50,226 - src.database - INFO - Conexión cerrada.
2026-05-11 11:48:50,227 - src.processor - INFO - Proceso finalizado.
2026-05-11 11:48:50,229 - Main - INFO - --- Ejecución completada exitosamente ---
2026-05-11 11:52:44,403 - Main - INFO - --- Iniciando Sistema de Generación de Audiencias ---
2026-05-11 11:52:44,405 - src.processor - INFO - Iniciando procesamiento de audiencias...
2026-05-11 11:52:44,408 - src.database - INFO - Intentando conectar a Teradata host: tdtvntg.claro.com.co...
2026-05-11 11:52:45,850 - src.database - INFO - Conexión a Teradata exitosa.
2026-05-11 11:52:45,855 - src.processor - INFO - Procesando: N_VAS_POS_MUSEMGM_S0 para fecha 2026-05-11 en carpeta 20260511
2026-05-11 11:53:02,311 - src.processor - INFO - Registros encontrados: 613939
2026-05-11 11:53:12,163 - src.processor - INFO - Archivo generado: N_VAS_POS_MUSEMGM260511_S0.txt (613939 registros)
2026-05-11 11:53:12,199 - src.database - INFO - Conexión cerrada.
2026-05-11 11:53:12,199 - src.processor - INFO - Proceso finalizado.
2026-05-11 11:53:12,226 - Main - INFO - --- Ejecución completada exitosamente ---
2026-05-11 12:07:48,595 - Main - INFO - --- Iniciando Sistema de Generación de Audiencias ---
2026-05-11 12:07:48,607 - src.processor - INFO - Iniciando procesamiento de audiencias...
2026-05-11 12:07:48,611 - src.database - INFO - Intentando conectar a Teradata host: tdtvntg.claro.com.co...
2026-05-11 12:07:52,817 - src.database - INFO - Conexión a Teradata exitosa.
2026-05-11 12:07:52,819 - src.processor - INFO - Procesando: N_VAS_POS_MUSEMGM_S0 para fecha 2026-05-11 en carpeta 20260511
2026-05-11 12:08:50,909 - src.processor - INFO - Registros encontrados: 613939
2026-05-11 12:21:46,507 - src.processor - INFO - Archivo omitido por el usuario: N_VAS_POS_MUSEMGM260511_S0.txt
2026-05-11 12:21:46,541 - src.database - INFO - Conexión cerrada.
2026-05-11 12:21:46,541 - src.processor - INFO - Proceso finalizado.
2026-05-11 12:21:46,573 - Main - INFO - --- Ejecución completada exitosamente ---
2026-05-11 12:21:48,962 - Main - INFO - --- Iniciando Sistema de Generación de Audiencias ---
2026-05-11 12:21:48,962 - src.processor - INFO - Iniciando procesamiento de audiencias...
2026-05-11 12:21:48,962 - src.database - INFO - Intentando conectar a Teradata host: tdtvntg.claro.com.co...
2026-05-11 12:21:50,410 - src.database - INFO - Conexión a Teradata exitosa.
2026-05-11 12:21:50,415 - src.processor - INFO - Procesando: C_VEN_PRE_MIGCTWA_RCS para fecha 2026-05-11 en carpeta 20260511
2026-05-11 12:21:57,077 - src.processor - INFO - Registros encontrados: 163802
2026-05-11 12:21:57,148 - src.processor - INFO - Archivo generado: C_VEN_PRE_MIGCTWA260511_RCS.txt (163802 registros)
2026-05-11 12:21:57,187 - src.database - INFO - Conexión cerrada.
2026-05-11 12:21:57,188 - src.processor - INFO - Proceso finalizado.
2026-05-11 12:21:57,197 - Main - INFO - --- Ejecución completada exitosamente ---
2026-05-11 12:24:43,667 - Main - INFO - --- Iniciando Sistema de Generación de Audiencias ---
2026-05-11 12:24:43,667 - src.processor - INFO - Iniciando procesamiento de audiencias...
2026-05-11 12:24:43,667 - src.database - INFO - Intentando conectar a Teradata host: tdtvntg.claro.com.co...
2026-05-11 12:24:45,390 - src.database - INFO - Conexión a Teradata exitosa.
2026-05-11 12:24:45,392 - src.processor - INFO - Procesando: C_VEN_PRE_MIGPADA_WPP para fecha 2026-05-11 en carpeta 20260511
2026-05-11 12:24:54,379 - src.processor - INFO - Registros encontrados: 281590
2026-05-11 12:24:54,512 - src.processor - INFO - Archivo generado: C_VEN_PRE_MIGPADA260511_WPP.txt (281590 registros)
2026-05-11 12:24:54,669 - src.database - INFO - Conexión cerrada.
2026-05-11 12:24:54,670 - src.processor - INFO - Proceso finalizado.
2026-05-11 12:24:54,670 - Main - INFO - --- Ejecución completada exitosamente ---
2026-05-11 12:44:33,335 - Main - INFO - --- Iniciando Sistema de Generación de Audiencias ---
2026-05-11 12:44:33,342 - src.processor - INFO - Iniciando procesamiento de audiencias...
2026-05-11 12:44:33,355 - src.database - INFO - Intentando conectar a Teradata host: tdtvntg.claro.com.co...
2026-05-11 12:44:34,756 - src.database - INFO - Conexión a Teradata exitosa.
2026-05-11 12:44:34,757 - src.processor - INFO - Procesando: C_VEN_POS_MIGQBAN_WPP para fecha 2026-05-11 en carpeta 20260511
2026-05-11 12:44:36,835 - src.processor - INFO - Registros encontrados: 648
2026-05-11 12:44:36,837 - src.processor - INFO - Archivo generado: C_VEN_POS_MIGQBAN260511_WPP.txt (648 registros)
2026-05-11 12:44:36,838 - src.processor - INFO - Procesando: C_VEN_PRE_MIGPADA_WPP para fecha 2026-05-11 en carpeta 20260511
2026-05-11 12:44:38,916 - src.processor - INFO - Registros encontrados: 6352
2026-05-11 12:44:43,434 - src.processor - INFO - Archivo generado: C_VEN_PRE_MIGPADA260511_WPP.txt (6352 registros)
2026-05-11 12:44:44,039 - src.database - INFO - Conexión cerrada.
2026-05-11 12:44:44,040 - src.processor - INFO - Proceso finalizado.
2026-05-11 12:44:44,041 - Main - INFO - --- Ejecución completada exitosamente ---
2026-05-11 12:52:48,304 - Main - INFO - --- Iniciando Sistema de Generación de Audiencias ---
2026-05-11 12:52:48,305 - src.processor - INFO - Iniciando procesamiento de audiencias...
2026-05-11 12:52:48,309 - src.database - INFO - Intentando conectar a Teradata host: tdtvntg.claro.com.co...
2026-05-11 12:52:49,671 - src.database - INFO - Conexión a Teradata exitosa.
2026-05-11 12:52:49,673 - src.processor - INFO - Procesando: C_VEN_PRE_MIGCTWA_SL para fecha 2026-05-11 en carpeta 20260511
2026-05-11 12:52:52,577 - src.processor - INFO - Registros encontrados: 53307
2026-05-11 12:52:52,604 - src.processor - INFO - Archivo generado: C_VEN_PRE_MIGCTWA260511_SL.txt (53307 registros)
2026-05-11 12:52:52,639 - src.database - INFO - Conexión cerrada.
2026-05-11 12:52:52,639 - src.processor - INFO - Proceso finalizado.
2026-05-11 12:52:52,642 - Main - INFO - --- Ejecución completada exitosamente ---
2026-05-11 13:17:03,741 - Main - INFO - --- Iniciando Sistema de Generación de Audiencias ---
2026-05-11 13:17:03,754 - src.processor - INFO - Iniciando procesamiento de audiencias...
2026-05-11 13:17:03,769 - src.database - INFO - Intentando conectar a Teradata host: tdtvntg.claro.com.co...
2026-05-11 13:17:05,301 - src.database - INFO - Conexión a Teradata exitosa.
2026-05-11 13:17:05,303 - src.processor - INFO - Procesando: C_VEN_PRE_MIGCTWA_RCS para fecha 2026-05-11 en carpeta 20260511
2026-05-11 13:17:10,642 - src.processor - INFO - Registros encontrados: 163802
2026-05-11 13:17:13,889 - src.processor - INFO - Archivo generado: C_VEN_PRE_MIGCTWA260511_RCS.txt (163802 registros)
2026-05-11 13:17:13,890 - src.processor - INFO - Procesando: C_VEN_PRE_MIGCTWA_SL para fecha 2026-05-11 en carpeta 20260511
2026-05-11 13:17:17,385 - src.processor - INFO - Registros encontrados: 89993
2026-05-11 13:17:19,563 - src.processor - INFO - Archivo generado: C_VEN_PRE_MIGCTWA260511_SL.txt (89993 registros)
2026-05-11 13:17:19,564 - src.processor - INFO - Procesando: C_VEN_POS_MIGQBAN_WPP para fecha 2026-05-11 en carpeta 20260511
2026-05-11 13:17:21,499 - src.processor - INFO - Registros encontrados: 648
2026-05-11 13:17:23,445 - src.processor - INFO - Archivo generado: C_VEN_POS_MIGQBAN260511_WPP.txt (648 registros)
2026-05-11 13:17:23,493 - src.database - INFO - Conexión cerrada.
2026-05-11 13:17:23,494 - src.processor - INFO - Proceso finalizado.
2026-05-11 13:17:23,494 - Main - INFO - --- Ejecución completada exitosamente ---
2026-05-11 13:52:37,458 - Main - INFO - --- Iniciando Sistema de Generación de Audiencias ---
2026-05-11 13:52:37,470 - src.processor - INFO - Iniciando procesamiento de audiencias...
2026-05-11 13:52:37,474 - src.database - INFO - Intentando conectar a Teradata host: tdtvntg.claro.com.co...
2026-05-11 13:52:39,019 - src.database - INFO - Conexión a Teradata exitosa.
2026-05-11 13:52:39,021 - src.processor - INFO - Procesando: C_AUT_PRE_USOCA3A_SL para fecha 2026-05-11 en carpeta 20260511
2026-05-11 13:52:41,508 - src.processor - INFO - Registros encontrados: 30000
2026-05-11 13:52:41,525 - src.processor - INFO - Archivo generado: C_AUT_PRE_USOCA3A260511_SL.txt (30000 registros)
2026-05-11 13:52:41,710 - src.database - INFO - Conexión cerrada.
2026-05-11 13:52:41,711 - src.processor - INFO - Proceso finalizado.
2026-05-11 13:52:41,714 - Main - INFO - --- Ejecución completada exitosamente ---
2026-05-11 13:58:14,033 - Main - INFO - --- Iniciando Sistema de Generación de Audiencias ---
2026-05-11 13:58:14,035 - src.processor - INFO - Iniciando procesamiento de audiencias...
2026-05-11 13:58:14,039 - src.database - INFO - Intentando conectar a Teradata host: tdtvntg.claro.com.co...
2026-05-11 13:58:15,443 - src.database - INFO - Conexión a Teradata exitosa.
2026-05-11 13:58:15,444 - src.processor - INFO - Procesando: C_INN_PRE_AFIJOYD_SL para fecha 2026-05-11 en carpeta 20260511
2026-05-11 13:58:26,618 - src.processor - INFO - Registros encontrados: 300000
2026-05-11 13:58:26,763 - src.processor - INFO - Archivo generado: C_INN_PRE_AFIJOYD260511_SL.txt (300000 registros)
2026-05-11 13:58:26,892 - src.database - INFO - Conexión cerrada.
2026-05-11 13:58:26,892 - src.processor - INFO - Proceso finalizado.
2026-05-11 13:58:26,906 - Main - INFO - --- Ejecución completada exitosamente ---
2026-05-11 14:01:53,471 - Main - INFO - --- Iniciando Sistema de Generación de Audiencias ---
2026-05-11 14:01:53,472 - src.processor - INFO - Iniciando procesamiento de audiencias...
2026-05-11 14:01:53,476 - src.database - INFO - Intentando conectar a Teradata host: tdtvntg.claro.com.co...
2026-05-11 14:01:54,943 - src.database - INFO - Conexión a Teradata exitosa.
2026-05-11 14:01:54,945 - src.processor - INFO - Procesando: N_VAS_POS_MUSEMGM_S0 para fecha 2026-05-11 en carpeta 20260511
2026-05-11 14:02:03,129 - src.processor - INFO - Registros encontrados: 300000
2026-05-11 14:02:03,272 - src.processor - INFO - Archivo generado: N_VAS_POS_MUSEMGM260511_S0.txt (300000 registros)
2026-05-11 14:02:03,333 - src.database - INFO - Conexión cerrada.
2026-05-11 14:02:03,333 - src.processor - INFO - Proceso finalizado.
2026-05-11 14:02:03,347 - Main - INFO - --- Ejecución completada exitosamente ---
2026-05-11 14:58:24,850 - Main - INFO - --- Iniciando Sistema de Generación de Audiencias ---
2026-05-11 14:58:24,870 - src.processor - INFO - Iniciando procesamiento de audiencias...
2026-05-11 14:58:24,874 - src.database - INFO - Intentando conectar a Teradata host: tdtvntg.claro.com.co...
2026-05-11 14:58:28,727 - src.database - INFO - Conexión a Teradata exitosa.
2026-05-11 14:58:28,732 - src.processor - INFO - Procesando: C_VEN_PRE_MIGCTWA_RCS para fecha 2026-05-11 en carpeta 20260511
2026-05-11 14:58:34,109 - src.processor - INFO - Registros encontrados: 175876
2026-05-11 15:04:46,738 - src.processor - INFO - Archivo omitido por el usuario: C_VEN_PRE_MIGCTWA260511_RCS.txt
2026-05-11 15:04:46,739 - src.processor - INFO - Procesando: C_VEN_PRE_MIGCTWA_SL para fecha 2026-05-11 en carpeta 20260511
2026-05-11 15:04:49,036 - src.processor - INFO - Registros encontrados: 19389
2026-05-11 15:04:51,999 - src.processor - INFO - Archivo omitido por el usuario: C_VEN_PRE_MIGCTWA260511_SL.txt
2026-05-11 15:04:52,000 - src.processor - INFO - Procesando: C_VEN_POS_MIGQBAN_WPP para fecha 2026-05-11 en carpeta 20260511
2026-05-11 15:04:53,816 - src.processor - INFO - Registros encontrados: 111
2026-05-11 15:04:55,336 - src.processor - INFO - Archivo omitido por el usuario: C_VEN_POS_MIGQBAN260511_WPP.txt
2026-05-11 15:04:55,358 - src.database - INFO - Conexión cerrada.
2026-05-11 15:04:55,359 - src.processor - INFO - Proceso finalizado.
2026-05-11 15:04:55,359 - Main - INFO - --- Ejecución completada exitosamente ---
2026-05-11 15:04:58,315 - Main - INFO - --- Iniciando Sistema de Generación de Audiencias ---
2026-05-11 15:04:58,316 - src.processor - INFO - Iniciando procesamiento de audiencias...
2026-05-11 15:04:58,319 - src.database - INFO - Intentando conectar a Teradata host: tdtvntg.claro.com.co...
2026-05-11 15:04:59,631 - src.database - INFO - Conexión a Teradata exitosa.
2026-05-11 15:04:59,632 - src.processor - INFO - Procesando: C_VEN_PRE_MIGCTWA_SL para fecha 2026-05-11 en carpeta 20260511
2026-05-11 15:05:01,886 - src.processor - INFO - Registros encontrados: 19389
2026-05-11 15:05:04,942 - src.processor - INFO - Archivo generado: C_VEN_PRE_MIGCTWA260511_SL.txt (19389 registros)
2026-05-11 15:05:05,042 - src.database - INFO - Conexión cerrada.
2026-05-11 15:05:05,043 - src.processor - INFO - Proceso finalizado.
2026-05-11 15:05:05,044 - Main - INFO - --- Ejecución completada exitosamente ---
2026-05-11 15:23:46,425 - Main - INFO - --- Iniciando Sistema de Generación de Audiencias ---
2026-05-11 15:23:46,446 - src.processor - INFO - Iniciando procesamiento de audiencias...
2026-05-11 15:23:46,449 - src.database - INFO - Intentando conectar a Teradata host: tdtvntg.claro.com.co...
2026-05-11 15:23:47,878 - src.database - INFO - Conexión a Teradata exitosa.
2026-05-11 15:23:47,880 - src.processor - INFO - Procesando: C_VEN_PRE_MIGCTWA_RCS para fecha 2026-05-11 en carpeta 20260511
2026-05-11 15:23:54,802 - src.processor - INFO - Registros encontrados: 175876
2026-05-11 15:24:00,774 - src.processor - INFO - Archivo generado: C_VEN_PRE_MIGCTWA260511_RCS.txt (175876 registros)
2026-05-11 15:24:00,774 - src.processor - INFO - Procesando: C_VEN_PRE_MIGCTWA_SL para fecha 2026-05-11 en carpeta 20260511
2026-05-11 15:24:03,475 - src.processor - INFO - Registros encontrados: 19389
2026-05-11 15:24:04,584 - src.processor - INFO - Archivo generado: C_VEN_PRE_MIGCTWA260511_SL.txt (19389 registros)
2026-05-11 15:24:04,585 - src.processor - INFO - Procesando: C_VEN_POS_MIGQBAN_WPP para fecha 2026-05-11 en carpeta 20260511
2026-05-11 15:24:06,684 - src.processor - INFO - Registros encontrados: 10554
2026-05-11 15:24:07,587 - src.processor - INFO - Archivo generado: C_VEN_POS_MIGQBAN260511_WPP.txt (10554 registros)
2026-05-11 15:24:07,662 - src.database - INFO - Conexión cerrada.
2026-05-11 15:24:07,662 - src.processor - INFO - Proceso finalizado.
2026-05-11 15:24:07,663 - Main - INFO - --- Ejecución completada exitosamente ---
2026-05-11 16:26:03,954 - Main - INFO - --- Iniciando Sistema de Generación de Audiencias ---
2026-05-11 16:26:03,968 - src.processor - INFO - Iniciando procesamiento de audiencias...
2026-05-11 16:26:03,971 - src.database - INFO - Intentando conectar a Teradata host: tdtvntg.claro.com.co...
2026-05-11 16:26:05,501 - src.database - INFO - Conexión a Teradata exitosa.
2026-05-11 16:26:05,505 - src.processor - INFO - Procesando: C_VEN_PRE_MIGPADA_WPP para fecha 2026-05-11 en carpeta 20260511
2026-05-11 16:26:09,520 - src.processor - INFO - Registros encontrados: 71897
2026-05-11 16:26:12,279 - src.processor - INFO - Archivo generado: C_VEN_PRE_MIGPADA260511_WPP.txt (71897 registros)
2026-05-11 16:26:12,319 - src.database - INFO - Conexión cerrada.
2026-05-11 16:26:12,319 - src.processor - INFO - Proceso finalizado.
2026-05-11 16:26:12,323 - Main - INFO - --- Ejecución completada exitosamente ---
2026-05-11 17:37:10,862 - Main - INFO - --- Iniciando Sistema de Generación de Audiencias ---
2026-05-11 17:37:10,885 - src.processor - INFO - Iniciando procesamiento de audiencias...
2026-05-11 17:37:10,888 - src.database - INFO - Intentando conectar a Teradata host: tdtvntg.claro.com.co...
2026-05-11 17:37:14,540 - src.database - INFO - Conexión a Teradata exitosa.
2026-05-11 17:37:14,549 - src.processor - INFO - Procesando: C_VEN_EQU_CFCEPOS_EP para fecha 2026-05-12 en carpeta 20260512
2026-05-11 17:38:01,328 - src.processor - INFO - Registros encontrados: 937696
2026-05-11 17:38:02,256 - src.processor - INFO - Archivo generado: C_VEN_EQU_CFCEPOS260512_EP.txt (937696 registros)
2026-05-11 17:38:02,344 - src.database - INFO - Conexión cerrada.
2026-05-11 17:38:02,345 - src.processor - INFO - Proceso finalizado.
2026-05-11 17:38:02,472 - Main - INFO - --- Ejecución completada exitosamente ---
2026-05-11 17:39:53,158 - Main - INFO - --- Iniciando Sistema de Generación de Audiencias ---
2026-05-11 17:39:53,159 - src.processor - INFO - Iniciando procesamiento de audiencias...
2026-05-11 17:39:53,163 - src.database - INFO - Intentando conectar a Teradata host: tdtvntg.claro.com.co...
2026-05-11 17:39:56,619 - src.database - INFO - Conexión a Teradata exitosa.
2026-05-11 17:39:56,620 - src.processor - INFO - Procesando: C_VEN_EQU_CFIVIHP_AP para fecha 2026-05-12 en carpeta 20260512
2026-05-11 17:39:59,483 - src.processor - INFO - Registros encontrados: 54648
2026-05-11 17:39:59,512 - src.processor - INFO - Archivo generado: C_VEN_EQU_CFIVIHP260512_AP.txt (54648 registros)
2026-05-11 17:39:59,513 - src.processor - INFO - Procesando: C_VEN_EQU_CFIVIHS_AP para fecha 2026-05-12 en carpeta 20260512
2026-05-11 17:40:04,756 - src.processor - INFO - Registros encontrados: 149294
2026-05-11 17:40:04,850 - src.processor - INFO - Archivo generado: C_VEN_EQU_CFIVIHS260512_AP.txt (149294 registros)
2026-05-11 17:40:04,851 - src.processor - INFO - Procesando: C_VEN_EQU_CFIVIHO_RCS para fecha 2026-05-12 en carpeta 20260512
2026-05-11 17:40:07,226 - src.processor - INFO - Registros encontrados: 21565
2026-05-11 17:40:07,241 - src.processor - INFO - Archivo generado: C_VEN_EQU_CFIVIHO260512_RCS.txt (21565 registros)
2026-05-11 17:40:07,243 - src.processor - INFO - Procesando: C_VEN_EQU_CFIVIHO_S0 para fecha 2026-05-12 en carpeta 20260512
2026-05-11 17:40:09,556 - src.processor - INFO - Registros encontrados: 20373
2026-05-11 17:40:09,563 - src.processor - INFO - Archivo generado: C_VEN_EQU_CFIVIHO260512_S0.txt (20373 registros)
2026-05-11 17:40:09,563 - src.processor - INFO - Procesando: C_VEN_EQU_CFIVIHO_SL para fecha 2026-05-12 en carpeta 20260512
2026-05-11 17:40:15,983 - src.processor - INFO - Registros encontrados: 245109
2026-05-11 17:40:16,100 - src.processor - INFO - Archivo generado: C_VEN_EQU_CFIVIHO260512_SL.txt (245109 registros)
2026-05-11 17:40:16,101 - src.processor - INFO - Procesando: C_INN_POS_AFIJOYD_S0 para fecha 2026-05-12 en carpeta 20260512
2026-05-11 17:40:17,969 - src.processor - INFO - Registros encontrados: 0
2026-05-11 17:40:17,971 - src.processor - WARNING - Registros insuficientes (0) para C_INN_POS_AFIJOYD_S0. Mínimo requerido: 50. Archivo NO generado.
2026-05-11 17:40:17,972 - src.processor - INFO - Procesando: C_VEN_EQU_CFIVIPP_AP para fecha 2026-05-12 en carpeta 20260512
2026-05-11 17:40:22,905 - src.processor - INFO - Registros encontrados: 172558
2026-05-11 17:40:22,994 - src.processor - INFO - Archivo generado: C_VEN_EQU_CFIVIPP260512_AP.txt (172558 registros)
2026-05-11 17:40:22,995 - src.processor - INFO - Procesando: C_VEN_EQU_CFIVIPS_AP para fecha 2026-05-12 en carpeta 20260512
2026-05-11 17:40:29,101 - src.processor - INFO - Registros encontrados: 199973
2026-05-11 17:40:29,220 - src.processor - INFO - Archivo generado: C_VEN_EQU_CFIVIPS260512_AP.txt (199973 registros)
2026-05-11 17:40:29,221 - src.processor - INFO - Procesando: C_VEN_POS_TERMVVC_RCS para fecha 2026-05-12 en carpeta 20260512
2026-05-11 17:40:32,191 - src.processor - INFO - Registros encontrados: 55590
2026-05-11 17:40:32,223 - src.processor - INFO - Archivo generado: C_VEN_POS_TERMVVC260512_RCS.txt (55590 registros)
2026-05-11 17:40:32,224 - src.processor - INFO - Procesando: C_VEN_EQU_CFIVIPO_S0 para fecha 2026-05-12 en carpeta 20260512
2026-05-11 17:40:34,831 - src.processor - INFO - Registros encontrados: 41037
2026-05-11 17:40:34,851 - src.processor - INFO - Archivo generado: C_VEN_EQU_CFIVIPO260512_S0.txt (41037 registros)
2026-05-11 17:40:34,852 - src.processor - INFO - Procesando: C_VEN_EQU_CFIVIPO_SL para fecha 2026-05-12 en carpeta 20260512
2026-05-11 17:40:44,045 - src.processor - INFO - Registros encontrados: 397074
2026-05-11 17:40:44,229 - src.processor - INFO - Archivo generado: C_VEN_EQU_CFIVIPO260512_SL.txt (397074 registros)
2026-05-11 17:40:44,230 - src.processor - INFO - Procesando: C_VEN_EQU_CLIEEPO_SL para fecha 2026-05-12 en carpeta 20260512
2026-05-11 17:40:46,803 - src.processor - INFO - Registros encontrados: 39027
2026-05-11 17:40:46,824 - src.processor - INFO - Archivo generado: C_VEN_EQU_CLIEEPO260512_SL.txt (39027 registros)
2026-05-11 17:40:46,905 - src.database - INFO - Conexión cerrada.
2026-05-11 17:40:46,905 - src.processor - INFO - Proceso finalizado.
2026-05-11 17:40:46,907 - Main - INFO - --- Ejecución completada exitosamente ---
2026-05-12 07:16:46,803 - Main - INFO - --- Iniciando Sistema de Generación de Audiencias ---
2026-05-12 07:16:46,822 - src.processor - INFO - Iniciando procesamiento de audiencias...
2026-05-12 07:16:46,825 - src.database - INFO - Intentando conectar a Teradata host: tdtvntg.claro.com.co...
2026-05-12 07:16:48,704 - src.database - INFO - Conexión a Teradata exitosa.
2026-05-12 07:16:48,709 - src.processor - INFO - Procesando: C_VEN_EQU_CFCEPOS_EP para fecha 2026-05-12 en carpeta 20260512
2026-05-12 07:17:19,097 - src.processor - INFO - Registros encontrados: 937784
2026-05-12 07:17:20,042 - src.processor - INFO - Archivo generado: C_VEN_EQU_CFCEPOS260512_EP.txt (937784 registros)
2026-05-12 07:17:20,105 - src.database - INFO - Conexión cerrada.
2026-05-12 07:17:20,105 - src.processor - INFO - Proceso finalizado.
2026-05-12 07:17:20,248 - Main - INFO - --- Ejecución completada exitosamente ---
2026-05-12 08:48:44,710 - Main - INFO - --- Iniciando Sistema de Generación de Audiencias ---
2026-05-12 08:48:44,735 - src.processor - INFO - Iniciando procesamiento de audiencias...
2026-05-12 08:48:44,739 - src.database - INFO - Intentando conectar a Teradata host: tdtvntg.claro.com.co...
2026-05-12 08:48:46,572 - src.database - INFO - Conexión a Teradata exitosa.
2026-05-12 08:48:46,576 - src.processor - INFO - Procesando: C_VEN_EQU_CLIEIPH_SL para fecha 2026-05-12 en carpeta 20260512
2026-05-12 08:48:49,971 - src.processor - INFO - Registros encontrados: 2110
2026-05-12 08:48:49,973 - src.processor - INFO - Archivo generado: C_VEN_EQU_CLIEIPH260512_SL.txt (2110 registros)
2026-05-12 08:48:49,974 - src.processor - INFO - Procesando: C_VEN_EQU_CLIEIPP_SL para fecha 2026-05-12 en carpeta 20260512
2026-05-12 08:48:54,204 - src.processor - INFO - Registros encontrados: 57030
2026-05-12 08:48:54,234 - src.processor - INFO - Archivo generado: C_VEN_EQU_CLIEIPP260512_SL.txt (57030 registros)
2026-05-12 08:48:54,273 - src.database - INFO - Conexión cerrada.
2026-05-12 08:48:54,274 - src.processor - INFO - Proceso finalizado.
2026-05-12 08:48:54,276 - Main - INFO - --- Ejecución completada exitosamente ---
2026-05-12 09:14:47,258 - Main - INFO - --- Iniciando Sistema de Generación de Audiencias ---
2026-05-12 09:14:47,260 - src.processor - INFO - Iniciando procesamiento de audiencias...
2026-05-12 09:14:47,263 - src.database - INFO - Intentando conectar a Teradata host: tdtvntg.claro.com.co...
2026-05-12 09:14:51,121 - src.database - INFO - Conexión a Teradata exitosa.
2026-05-12 09:14:51,124 - src.processor - INFO - Procesando: C_VEN_PRE_MIGCTWB_RCS para fecha 2026-05-12 en carpeta 20260512
2026-05-12 09:15:03,488 - src.processor - INFO - Registros encontrados: 35104
2026-05-12 09:15:03,506 - src.processor - INFO - Archivo generado: C_VEN_PRE_MIGCTWB260512_RCS.txt (35104 registros)
2026-05-12 09:15:03,507 - src.processor - INFO - Procesando: C_VEN_PRE_MIGSLMB_RCS para fecha 2026-05-12 en carpeta 20260512
2026-05-12 09:15:11,274 - src.processor - INFO - Registros encontrados: 0
2026-05-12 09:15:11,274 - src.processor - WARNING - Registros insuficientes (0) para C_VEN_PRE_MIGSLMB_RCS. Mínimo requerido: 50. Archivo NO generado.
2026-05-12 09:15:11,275 - src.processor - INFO - Procesando: C_VEN_PRE_MIGWFDB_RCS para fecha 2026-05-12 en carpeta 20260512
2026-05-12 09:15:21,304 - src.processor - INFO - Registros encontrados: 34090
2026-05-12 09:15:21,325 - src.processor - INFO - Archivo generado: C_VEN_PRE_MIGWFDB260512_RCS.txt (34090 registros)
2026-05-12 09:15:21,327 - src.processor - INFO - Procesando: C_VEN_PRE_MIGWFDC_RCS para fecha 2026-05-12 en carpeta 20260512
2026-05-12 09:15:36,977 - src.processor - INFO - Registros encontrados: 34087
2026-05-12 09:15:36,997 - src.processor - INFO - Archivo generado: C_VEN_PRE_MIGWFDC260512_RCS.txt (34087 registros)
2026-05-12 09:15:36,999 - src.processor - INFO - Procesando: C_VEN_PRE_MIGCTWB_SL para fecha 2026-05-12 en carpeta 20260512
2026-05-12 09:15:50,449 - src.processor - INFO - Registros encontrados: 77221
2026-05-12 09:15:50,495 - src.processor - INFO - Archivo generado: C_VEN_PRE_MIGCTWB260512_SL.txt (77221 registros)
2026-05-12 09:15:50,496 - src.processor - INFO - Procesando: C_VEN_PRE_MIGSLMB_SL para fecha 2026-05-12 en carpeta 20260512
2026-05-12 09:15:57,662 - src.processor - INFO - Registros encontrados: 0
2026-05-12 09:15:57,662 - src.processor - WARNING - Registros insuficientes (0) para C_VEN_PRE_MIGSLMB_SL. Mínimo requerido: 50. Archivo NO generado.
2026-05-12 09:15:57,666 - src.processor - INFO - Procesando: C_VEN_PRE_MIGWFDD_SL para fecha 2026-05-12 en carpeta 20260512
2026-05-12 09:16:25,601 - src.processor - INFO - Registros encontrados: 801987
2026-05-12 09:16:26,019 - src.processor - INFO - Archivo generado: C_VEN_PRE_MIGWFDD260512_SL.txt (801987 registros)
2026-05-12 09:16:26,020 - src.processor - INFO - Procesando: C_VEN_PRE_MIGWFDE_SL para fecha 2026-05-12 en carpeta 20260512
2026-05-12 09:16:40,777 - src.processor - INFO - Registros encontrados: 226500
2026-05-12 09:16:40,953 - src.processor - INFO - Archivo generado: C_VEN_PRE_MIGWFDE260512_SL.txt (226500 registros)
2026-05-12 09:16:40,955 - src.processor - INFO - Procesando: C_VEN_PRE_MIGWFDF_SL para fecha 2026-05-12 en carpeta 20260512
2026-05-12 09:16:58,913 - src.processor - INFO - Registros encontrados: 226500
2026-05-12 09:16:59,042 - src.processor - INFO - Archivo generado: C_VEN_PRE_MIGWFDF260512_SL.txt (226500 registros)
2026-05-12 09:16:59,043 - src.processor - INFO - Procesando: C_VEN_PRE_MIGWFDG_SL para fecha 2026-05-12 en carpeta 20260512
2026-05-12 09:17:08,438 - src.processor - INFO - Registros encontrados: 225134
2026-05-12 09:17:08,552 - src.processor - INFO - Archivo generado: C_VEN_PRE_MIGWFDG260512_SL.txt (225134 registros)
2026-05-12 09:17:08,553 - src.processor - INFO - Procesando: C_VEN_PRE_PTBSLMB_SL para fecha 2026-05-12 en carpeta 20260512
2026-05-12 09:17:12,042 - src.processor - INFO - Registros encontrados: 0
2026-05-12 09:17:12,043 - src.processor - WARNING - Registros insuficientes (0) para C_VEN_PRE_PTBSLMB_SL. Mínimo requerido: 50. Archivo NO generado.
2026-05-12 09:17:12,105 - src.database - INFO - Conexión cerrada.
2026-05-12 09:17:12,105 - src.processor - INFO - Proceso finalizado.
2026-05-12 09:17:12,105 - Main - INFO - --- Ejecución completada exitosamente ---
2026-05-12 09:56:32,657 - Main - INFO - --- Iniciando Sistema de Generación de Audiencias ---
2026-05-12 09:56:32,670 - src.processor - INFO - Iniciando procesamiento de audiencias...
2026-05-12 09:56:32,674 - src.database - INFO - Intentando conectar a Teradata host: tdtvntg.claro.com.co...
2026-05-12 09:56:34,324 - src.database - INFO - Conexión a Teradata exitosa.
2026-05-12 09:56:34,329 - src.processor - INFO - Procesando: N_AUT_POS_USOCLDA_S0 para fecha 2026-05-12 en carpeta 20260512
2026-05-12 09:56:47,135 - src.processor - INFO - Registros encontrados: 93520
2026-05-12 09:56:47,187 - src.processor - INFO - Archivo generado: N_AUT_POS_USOCLDA260512_S0.txt (93520 registros)
2026-05-12 09:56:47,211 - src.processor - INFO - Procesando: N_VAS_POS_CDVFDL1_SL para fecha 2026-05-12 en carpeta 20260512
2026-05-12 09:56:58,335 - src.processor - INFO - Registros encontrados: 95828
2026-05-12 09:56:58,391 - src.processor - INFO - Archivo generado: N_VAS_POS_CDVFDL1260512_SL.txt (95828 registros)
2026-05-12 09:56:58,391 - src.processor - INFO - Procesando: N_VAS_POS_MUSGRCM_S0 para fecha 2026-05-12 en carpeta 20260512
2026-05-12 09:57:09,557 - src.processor - INFO - Registros encontrados: 191392
2026-05-12 09:57:09,654 - src.processor - INFO - Archivo generado: N_VAS_POS_MUSGRCM260512_S0.txt (191392 registros)
2026-05-12 09:57:09,961 - src.database - INFO - Conexión cerrada.
2026-05-12 09:57:09,961 - src.processor - INFO - Proceso finalizado.
2026-05-12 09:57:09,973 - Main - INFO - --- Ejecución completada exitosamente ---
2026-05-12 10:53:17,246 - Main - INFO - --- Iniciando Sistema de Generación de Audiencias ---
2026-05-12 10:53:17,258 - src.processor - INFO - Iniciando procesamiento de audiencias...
2026-05-12 10:53:17,262 - src.database - INFO - Intentando conectar a Teradata host: tdtvntg.claro.com.co...
2026-05-12 10:53:18,683 - src.database - INFO - Conexión a Teradata exitosa.
2026-05-12 10:53:18,685 - src.processor - INFO - Procesando: C_REN_POS_OTTDANS_WPP para fecha 2026-05-12 en carpeta 20260512
2026-05-12 10:53:21,491 - src.processor - INFO - Registros encontrados: 43133
2026-05-12 10:53:29,476 - src.processor - INFO - Archivo generado: C_REN_POS_OTTDANS260512_WPP.txt (43133 registros)
2026-05-12 10:53:29,536 - src.database - INFO - Conexión cerrada.
2026-05-12 10:53:29,536 - src.processor - INFO - Proceso finalizado.
2026-05-12 10:53:29,539 - Main - INFO - --- Ejecución completada exitosamente ---
2026-05-12 10:54:31,069 - Main - INFO - --- Iniciando Sistema de Generación de Audiencias ---
2026-05-12 10:54:31,070 - src.processor - INFO - Iniciando procesamiento de audiencias...
2026-05-12 10:54:31,074 - src.database - INFO - Intentando conectar a Teradata host: tdtvntg.claro.com.co...
2026-05-12 10:54:32,491 - src.database - INFO - Conexión a Teradata exitosa.
2026-05-12 10:54:32,493 - src.processor - INFO - Procesando: C_REN_POS_OTTDANS_WPP para fecha 2026-05-12 en carpeta 20260512
2026-05-12 10:54:36,969 - src.processor - INFO - Registros encontrados: 43992
2026-05-12 10:55:27,970 - src.processor - INFO - Archivo generado: C_REN_POS_OTTDANS260512_WPP.txt (43992 registros)
2026-05-12 10:55:27,995 - src.database - INFO - Conexión cerrada.
2026-05-12 10:55:27,995 - src.processor - INFO - Proceso finalizado.
2026-05-12 10:55:27,997 - Main - INFO - --- Ejecución completada exitosamente ---
2026-05-12 10:57:31,422 - Main - INFO - --- Iniciando Sistema de Generación de Audiencias ---
2026-05-12 10:57:31,422 - src.processor - INFO - Iniciando procesamiento de audiencias...
2026-05-12 10:57:31,422 - src.database - INFO - Intentando conectar a Teradata host: tdtvntg.claro.com.co...
2026-05-12 10:57:34,879 - src.database - INFO - Conexión a Teradata exitosa.
2026-05-12 10:57:34,880 - src.processor - INFO - Procesando: C_REN_POS_OTTDANS_WPP para fecha 2026-05-12 en carpeta 20260512
2026-05-12 10:57:37,819 - src.processor - INFO - Registros encontrados: 50000
2026-05-12 10:57:39,840 - src.processor - INFO - Archivo generado: C_REN_POS_OTTDANS260512_WPP.txt (50000 registros)
2026-05-12 10:57:39,880 - src.database - INFO - Conexión cerrada.
2026-05-12 10:57:39,881 - src.processor - INFO - Proceso finalizado.
2026-05-12 10:57:39,883 - Main - INFO - --- Ejecución completada exitosamente ---
2026-05-12 11:02:30,175 - Main - INFO - --- Iniciando Sistema de Generación de Audiencias ---
2026-05-12 11:02:30,177 - src.processor - INFO - Iniciando procesamiento de audiencias...
2026-05-12 11:02:30,180 - src.database - INFO - Intentando conectar a Teradata host: tdtvntg.claro.com.co...
2026-05-12 11:02:31,494 - src.database - INFO - Conexión a Teradata exitosa.
2026-05-12 11:02:31,496 - src.processor - INFO - Procesando: C_REN_POS_OTTDANS_WPP para fecha 2026-05-12 en carpeta 20260512
2026-05-12 11:02:35,801 - src.processor - INFO - Registros encontrados: 50000
2026-05-12 11:03:13,022 - src.processor - INFO - Archivo generado: C_REN_POS_OTTDANS260512_WPP.txt (50000 registros)
2026-05-12 11:03:13,054 - src.database - INFO - Conexión cerrada.
2026-05-12 11:03:13,054 - src.processor - INFO - Proceso finalizado.
2026-05-12 11:03:13,057 - Main - INFO - --- Ejecución completada exitosamente ---
2026-05-12 11:22:59,790 - Main - INFO - --- Iniciando Sistema de Generación de Audiencias ---
2026-05-12 11:22:59,802 - src.processor - INFO - Iniciando procesamiento de audiencias...
2026-05-12 11:22:59,807 - src.database - INFO - Intentando conectar a Teradata host: tdtvntg.claro.com.co...
2026-05-12 11:23:01,300 - src.database - INFO - Conexión a Teradata exitosa.
2026-05-12 11:23:01,301 - src.processor - INFO - Procesando: C_VEN_PRE_MIGPADA_WPP para fecha 2026-05-12 en carpeta 20260512
2026-05-12 11:23:03,228 - src.processor - INFO - Registros encontrados: 613
2026-05-12 11:23:03,230 - src.processor - INFO - Archivo generado: C_VEN_PRE_MIGPADA260512_WPP.txt (613 registros)
2026-05-12 11:23:03,231 - src.processor - INFO - Procesando: C_VEN_POS_MIGQBAN_WPP para fecha 2026-05-12 en carpeta 20260512
2026-05-12 11:23:05,298 - src.processor - INFO - Registros encontrados: 4131
2026-05-12 11:23:05,301 - src.processor - INFO - Archivo generado: C_VEN_POS_MIGQBAN260512_WPP.txt (4131 registros)
2026-05-12 11:23:05,335 - src.database - INFO - Conexión cerrada.
2026-05-12 11:23:05,336 - src.processor - INFO - Proceso finalizado.
2026-05-12 11:23:05,336 - Main - INFO - --- Ejecución completada exitosamente ---
2026-05-12 12:21:06,810 - Main - INFO - --- Iniciando Sistema de Generación de Audiencias ---
2026-05-12 12:21:06,822 - src.processor - INFO - Iniciando procesamiento de audiencias...
2026-05-12 12:21:06,823 - src.database - INFO - Intentando conectar a Teradata host: tdtvntg.claro.com.co...
2026-05-12 12:21:08,305 - src.database - INFO - Conexión a Teradata exitosa.
2026-05-12 12:21:08,307 - src.processor - INFO - Procesando: C_MER_HOG_USOMBPV_IP para fecha 2026-05-12 en carpeta 20260512
2026-05-12 12:21:11,359 - src.processor - INFO - Registros encontrados: 30000
2026-05-12 12:21:30,302 - src.processor - INFO - Archivo omitido por el usuario: C_MER_HOG_USOMBPV260512_IP.txt
2026-05-12 12:21:30,303 - src.processor - INFO - Procesando: C_AUT_HOG_USOCMBS_AP para fecha 2026-05-12 en carpeta 20260512
2026-05-12 12:21:32,372 - src.processor - INFO - Registros encontrados: 0
2026-05-12 12:21:32,372 - src.processor - WARNING - Registros insuficientes (0) para C_AUT_HOG_USOCMBS_AP. Mínimo requerido: 50. Archivo NO generado.
2026-05-12 12:21:32,373 - src.processor - INFO - Procesando: C_AUT_HOG_USOCUES_AP para fecha 2026-05-12 en carpeta 20260512
2026-05-12 12:21:35,058 - src.processor - INFO - Registros encontrados: 29496
2026-05-12 12:21:35,076 - src.processor - INFO - Archivo generado: C_AUT_HOG_USOCUES260512_AP.txt (29496 registros)
2026-05-12 12:21:35,078 - src.processor - INFO - Procesando: C_AUT_HOG_USOCMEM_S0 para fecha 2026-05-12 en carpeta 20260512
2026-05-12 12:21:37,109 - src.processor - INFO - Registros encontrados: 615
2026-05-12 12:21:37,111 - src.processor - INFO - Archivo generado: C_AUT_HOG_USOCMEM260512_S0.txt (615 registros)
2026-05-12 12:21:37,111 - src.processor - INFO - Procesando: C_AUT_HOG_USOCOMU_SL para fecha 2026-05-12 en carpeta 20260512
2026-05-12 12:21:40,129 - src.processor - INFO - Registros encontrados: 30000
2026-05-12 12:21:55,718 - src.processor - INFO - Archivo omitido por el usuario: C_AUT_HOG_USOCOMU260512_SL.txt
2026-05-12 12:21:55,719 - src.processor - INFO - Procesando: C_AUT_POS_USOCMEM_S0 para fecha 2026-05-12 en carpeta 20260512
2026-05-12 12:21:57,646 - src.processor - INFO - Registros encontrados: 0
2026-05-12 12:21:57,646 - src.processor - WARNING - Registros insuficientes (0) para C_AUT_POS_USOCMEM_S0. Mínimo requerido: 50. Archivo NO generado.
2026-05-12 12:21:57,647 - src.processor - INFO - Procesando: C_AUT_POS_USOCOMU_SL para fecha 2026-05-12 en carpeta 20260512
2026-05-12 12:22:00,360 - src.processor - INFO - Registros encontrados: 30000
2026-05-12 12:22:16,806 - src.processor - INFO - Archivo omitido por el usuario: C_AUT_POS_USOCOMU260512_SL.txt
2026-05-12 12:22:16,807 - src.processor - INFO - Procesando: N_AUT_HOG_USOCDSA_SL para fecha 2026-05-12 en carpeta 20260512
2026-05-12 12:22:18,757 - src.processor - INFO - Registros encontrados: 0
2026-05-12 12:22:18,757 - src.processor - WARNING - Registros insuficientes (0) para N_AUT_HOG_USOCDSA_SL. Mínimo requerido: 50. Archivo NO generado.
2026-05-12 12:22:18,758 - src.processor - INFO - Procesando: N_AUT_POS_USOCLDA_S0 para fecha 2026-05-12 en carpeta 20260512
2026-05-12 12:22:28,418 - src.processor - INFO - Registros encontrados: 185628
2026-05-12 12:22:34,950 - src.processor - INFO - Archivo omitido por el usuario: N_AUT_POS_USOCLDA260512_S0.txt
2026-05-12 12:22:35,085 - src.database - INFO - Conexión cerrada.
2026-05-12 12:22:35,085 - src.processor - INFO - Proceso finalizado.
2026-05-12 12:22:35,095 - Main - INFO - --- Ejecución completada exitosamente ---
2026-05-12 15:31:27,366 - Main - INFO - --- Iniciando Sistema de Generación de Audiencias ---
2026-05-12 15:31:27,379 - src.processor - INFO - Iniciando procesamiento de audiencias...
2026-05-12 15:31:27,382 - src.database - INFO - Intentando conectar a Teradata host: tdtvntg.claro.com.co...
2026-05-12 15:31:28,768 - src.database - INFO - Conexión a Teradata exitosa.
2026-05-12 15:31:28,772 - src.processor - INFO - Procesando: C_AUT_HOG_USOCMBS_AP para fecha 2026-05-12 en carpeta 20260512
2026-05-12 15:31:33,027 - src.processor - INFO - Registros encontrados: 0
2026-05-12 15:31:33,028 - src.processor - WARNING - Registros insuficientes (0) para C_AUT_HOG_USOCMBS_AP. Mínimo requerido: 50. Archivo NO generado.
2026-05-12 15:31:33,029 - src.processor - INFO - Procesando: C_AUT_HOG_USOCUES_AP para fecha 2026-05-12 en carpeta 20260512
2026-05-12 15:31:39,039 - src.processor - INFO - Registros encontrados: 29496
2026-05-12 15:31:40,975 - src.processor - INFO - Archivo generado: C_AUT_HOG_USOCUES260512_AP.txt (29496 registros)
2026-05-12 15:31:40,976 - src.processor - INFO - Procesando: C_VEN_HOG_VHBMM4S_AP para fecha 2026-05-12 en carpeta 20260512
2026-05-12 15:31:46,010 - src.processor - INFO - Registros encontrados: 7560
2026-05-12 15:31:47,471 - src.processor - INFO - Archivo generado: C_VEN_HOG_VHBMM4S260512_AP.txt (7560 registros)
2026-05-12 15:31:47,471 - src.processor - INFO - Procesando: C_VEN_POS_VHBMM8C_AP para fecha 2026-05-12 en carpeta 20260512
2026-05-12 15:31:57,851 - src.processor - INFO - Registros encontrados: 177112
2026-05-12 15:31:59,596 - src.processor - INFO - Archivo generado: C_VEN_POS_VHBMM8C260512_AP.txt (177112 registros)
2026-05-12 15:31:59,596 - src.processor - INFO - Procesando: C_VEN_EQU_CFIVIHS_AP para fecha 2026-05-12 en carpeta 20260512
2026-05-12 15:32:09,229 - src.processor - INFO - Registros encontrados: 149294
2026-05-12 15:32:11,666 - src.processor - INFO - Archivo generado: C_VEN_EQU_CFIVIHS260512_AP.txt (149294 registros)
2026-05-12 15:32:11,667 - src.processor - INFO - Procesando: C_VEN_EQU_CFIVIPS_AP para fecha 2026-05-12 en carpeta 20260512
2026-05-12 15:32:20,434 - src.processor - INFO - Registros encontrados: 199973
2026-05-12 15:32:22,398 - src.processor - INFO - Archivo generado: C_VEN_EQU_CFIVIPS260512_AP.txt (199973 registros)
2026-05-12 15:32:22,546 - src.database - INFO - Conexión cerrada.
2026-05-12 15:32:22,546 - src.processor - INFO - Proceso finalizado.
2026-05-12 15:32:22,563 - Main - INFO - --- Ejecución completada exitosamente ---
2026-05-12 16:33:38,033 - Main - INFO - --- Iniciando Sistema de Generación de Audiencias ---
2026-05-12 16:33:38,035 - src.processor - INFO - Iniciando procesamiento de audiencias...
2026-05-12 16:33:38,038 - src.database - INFO - Intentando conectar a Teradata host: tdtvntg.claro.com.co...
2026-05-12 16:33:41,463 - src.database - INFO - Conexión a Teradata exitosa.
2026-05-12 16:33:41,468 - src.processor - INFO - Procesando: C_AUT_HOG_USOCMBS_AP para fecha 2026-05-12 en carpeta 20260512
2026-05-12 16:33:43,508 - src.processor - INFO - Registros encontrados: 0
2026-05-12 16:33:43,508 - src.processor - WARNING - Registros insuficientes (0) para C_AUT_HOG_USOCMBS_AP. Mínimo requerido: 50. Archivo NO generado.
2026-05-12 16:33:43,535 - src.database - INFO - Conexión cerrada.
2026-05-12 16:33:43,535 - src.processor - INFO - Proceso finalizado.
2026-05-12 16:33:43,535 - Main - INFO - --- Ejecución completada exitosamente ---
2026-05-13 10:19:29,309 - Main - INFO - --- Iniciando Sistema de Generación de Audiencias ---
2026-05-13 10:19:29,324 - src.processor - INFO - Iniciando procesamiento de audiencias...
2026-05-13 10:19:29,338 - src.database - INFO - Intentando conectar a Teradata host: tdtvntg.claro.com.co...
2026-05-13 10:19:32,262 - src.database - INFO - Conexión a Teradata exitosa.
2026-05-13 10:19:32,271 - src.processor - INFO - Procesando: C_VEN_PRE_MIGCTWC_RCS para fecha 2026-05-13 en carpeta 20260513
2026-05-13 10:19:35,600 - src.processor - INFO - Registros encontrados: 39757
2026-05-13 10:19:35,624 - src.processor - INFO - Archivo generado: C_VEN_PRE_MIGCTWC260513_RCS.txt (39757 registros)
2026-05-13 10:19:35,625 - src.processor - INFO - Procesando: C_VEN_PRE_MIGWFDA_RCS para fecha 2026-05-13 en carpeta 20260513
2026-05-13 10:19:38,112 - src.processor - INFO - Registros encontrados: 34297
2026-05-13 10:19:38,129 - src.processor - INFO - Archivo generado: C_VEN_PRE_MIGWFDA260513_RCS.txt (34297 registros)
2026-05-13 10:19:38,131 - src.processor - INFO - Procesando: C_VEN_PRE_MIGWFDS_RCS para fecha 2026-05-13 en carpeta 20260513
2026-05-13 10:19:44,457 - src.processor - INFO - Registros encontrados: 33951
2026-05-13 10:19:44,473 - src.processor - INFO - Archivo generado: C_VEN_PRE_MIGWFDS260513_RCS.txt (33951 registros)
2026-05-13 10:19:44,474 - src.processor - INFO - Procesando: C_VEN_PRE_MIGCTWC_SL para fecha 2026-05-13 en carpeta 20260513
2026-05-13 10:19:57,543 - src.processor - INFO - Registros encontrados: 236386
2026-05-13 10:19:57,659 - src.processor - INFO - Archivo generado: C_VEN_PRE_MIGCTWC260513_SL.txt (236386 registros)
2026-05-13 10:19:57,660 - src.processor - INFO - Procesando: C_VEN_PRE_MIGWFDA_SL para fecha 2026-05-13 en carpeta 20260513
2026-05-13 10:20:05,768 - src.processor - INFO - Registros encontrados: 374046
2026-05-13 10:20:05,947 - src.processor - INFO - Archivo generado: C_VEN_PRE_MIGWFDA260513_SL.txt (374046 registros)
2026-05-13 10:20:05,948 - src.processor - INFO - Procesando: C_VEN_PRE_MIGWFDB_SL para fecha 2026-05-13 en carpeta 20260513
2026-05-13 10:20:14,625 - src.processor - INFO - Registros encontrados: 374046
2026-05-13 10:20:14,807 - src.processor - INFO - Archivo generado: C_VEN_PRE_MIGWFDB260513_SL.txt (374046 registros)
2026-05-13 10:20:14,808 - src.processor - INFO - Procesando: C_VEN_PRE_MIGWFDC_SL para fecha 2026-05-13 en carpeta 20260513
2026-05-13 10:20:22,987 - src.processor - INFO - Registros encontrados: 374046
2026-05-13 10:20:23,165 - src.processor - INFO - Archivo generado: C_VEN_PRE_MIGWFDC260513_SL.txt (374046 registros)
2026-05-13 10:20:23,166 - src.processor - INFO - Procesando: C_VEN_PRE_MIGWFDS_SL para fecha 2026-05-13 en carpeta 20260513
2026-05-13 10:20:31,396 - src.processor - INFO - Registros encontrados: 370667
2026-05-13 10:20:31,578 - src.processor - INFO - Archivo generado: C_VEN_PRE_MIGWFDS260513_SL.txt (370667 registros)
2026-05-13 10:20:31,867 - src.database - INFO - Conexión cerrada.
2026-05-13 10:20:31,867 - src.processor - INFO - Proceso finalizado.
2026-05-13 10:20:31,887 - Main - INFO - --- Ejecución completada exitosamente ---
2026-05-13 10:39:46,737 - Main - INFO - --- Iniciando Sistema de Generación de Audiencias ---
2026-05-13 10:39:46,739 - src.processor - INFO - Iniciando procesamiento de audiencias...
2026-05-13 10:39:46,742 - src.database - INFO - Intentando conectar a Teradata host: tdtvntg.claro.com.co...
2026-05-13 10:39:48,041 - src.database - INFO - Conexión a Teradata exitosa.
2026-05-13 10:39:48,042 - src.processor - INFO - Procesando: C_VEN_PRE_MIGPADA_WPP para fecha 2026-05-13 en carpeta 20260513
2026-05-13 10:39:49,075 - src.processor - INFO - Registros encontrados: 607
2026-05-13 10:39:49,077 - src.processor - INFO - Archivo generado: C_VEN_PRE_MIGPADA260513_WPP.txt (607 registros)
2026-05-13 10:39:49,078 - src.processor - INFO - Procesando: C_VEN_POS_MIGQBAN_WPP para fecha 2026-05-13 en carpeta 20260513
2026-05-13 10:39:50,212 - src.processor - INFO - Registros encontrados: 4134
2026-05-13 10:39:50,216 - src.processor - INFO - Archivo generado: C_VEN_POS_MIGQBAN260513_WPP.txt (4134 registros)
2026-05-13 10:39:50,238 - src.database - INFO - Conexión cerrada.
2026-05-13 10:39:50,239 - src.processor - INFO - Proceso finalizado.
2026-05-13 10:39:50,239 - Main - INFO - --- Ejecución completada exitosamente ---
2026-05-13 11:06:54,920 - Main - INFO - --- Iniciando Sistema de Generación de Audiencias ---
2026-05-13 11:06:54,922 - src.processor - INFO - Iniciando procesamiento de audiencias...
2026-05-13 11:06:54,924 - src.database - INFO - Intentando conectar a Teradata host: tdtvntg.claro.com.co...
2026-05-13 11:06:56,270 - src.database - INFO - Conexión a Teradata exitosa.
2026-05-13 11:06:56,271 - src.processor - INFO - Procesando: C_FID_CON_FIDBAPB_SL para fecha 2026-05-14 en carpeta 20260514
2026-05-13 11:07:00,593 - src.processor - INFO - Registros encontrados: 15399
2026-05-13 11:07:00,602 - src.processor - INFO - Archivo generado: C_FID_CON_FIDBAPB260514_SL.txt (15399 registros)
2026-05-13 11:07:01,045 - src.database - INFO - Conexión cerrada.
2026-05-13 11:07:01,045 - src.processor - INFO - Proceso finalizado.
2026-05-13 11:07:01,047 - Main - INFO - --- Ejecución completada exitosamente ---
2026-05-14 08:23:04,747 - Main - INFO - --- Iniciando Sistema de Generación de Audiencias ---
2026-05-14 08:23:04,760 - src.processor - INFO - Iniciando procesamiento de audiencias...
2026-05-14 08:23:04,765 - src.database - INFO - Intentando conectar a Teradata host: tdtvntg.claro.com.co...
2026-05-14 08:23:12,405 - src.database - INFO - Conexión a Teradata exitosa.
2026-05-14 08:23:12,414 - src.processor - INFO - Procesando: C_VEN_PRE_MIGCTWA_RCS para fecha 2026-05-14 en carpeta 20260514
2026-05-14 08:23:21,302 - src.processor - INFO - Registros encontrados: 175459
2026-05-14 08:23:21,388 - src.processor - INFO - Archivo generado: C_VEN_PRE_MIGCTWA260514_RCS.txt (175459 registros)
2026-05-14 08:23:21,390 - src.processor - INFO - Procesando: C_VEN_PRE_MIGWFDB_RCS para fecha 2026-05-14 en carpeta 20260514
2026-05-14 08:23:25,142 - src.processor - INFO - Registros encontrados: 88600
2026-05-14 08:23:25,194 - src.processor - INFO - Archivo generado: C_VEN_PRE_MIGWFDB260514_RCS.txt (88600 registros)
2026-05-14 08:23:25,195 - src.processor - INFO - Procesando: C_VEN_PRE_MIGWFDC_RCS para fecha 2026-05-14 en carpeta 20260514
2026-05-14 08:23:30,455 - src.processor - INFO - Registros encontrados: 88493
2026-05-14 08:23:30,499 - src.processor - INFO - Archivo generado: C_VEN_PRE_MIGWFDC260514_RCS.txt (88493 registros)
2026-05-14 08:23:30,500 - src.processor - INFO - Procesando: C_VEN_PRE_MIGCTWA_SL para fecha 2026-05-14 en carpeta 20260514
2026-05-14 08:23:39,364 - src.processor - INFO - Registros encontrados: 98574
2026-05-14 08:23:39,415 - src.processor - INFO - Archivo generado: C_VEN_PRE_MIGCTWA260514_SL.txt (98574 registros)
2026-05-14 08:23:39,416 - src.processor - INFO - Procesando: C_VEN_PRE_MIGWFDD_SL para fecha 2026-05-14 en carpeta 20260514
2026-05-14 08:23:50,050 - src.processor - INFO - Registros encontrados: 306111
2026-05-14 08:23:50,200 - src.processor - INFO - Archivo generado: C_VEN_PRE_MIGWFDD260514_SL.txt (306111 registros)
2026-05-14 08:23:50,201 - src.processor - INFO - Procesando: C_VEN_PRE_MIGWFDE_SL para fecha 2026-05-14 en carpeta 20260514
2026-05-14 08:23:59,766 - src.processor - INFO - Registros encontrados: 306150
2026-05-14 08:23:59,912 - src.processor - INFO - Archivo generado: C_VEN_PRE_MIGWFDE260514_SL.txt (306150 registros)
2026-05-14 08:23:59,913 - src.processor - INFO - Procesando: C_VEN_PRE_MIGWFDF_SL para fecha 2026-05-14 en carpeta 20260514
2026-05-14 08:24:13,866 - src.processor - INFO - Registros encontrados: 306150
2026-05-14 08:24:14,012 - src.processor - INFO - Archivo generado: C_VEN_PRE_MIGWFDF260514_SL.txt (306150 registros)
2026-05-14 08:24:14,013 - src.processor - INFO - Procesando: C_VEN_PRE_MIGWFDG_SL para fecha 2026-05-14 en carpeta 20260514
2026-05-14 08:24:25,410 - src.processor - INFO - Registros encontrados: 303944
2026-05-14 08:24:25,560 - src.processor - INFO - Archivo generado: C_VEN_PRE_MIGWFDG260514_SL.txt (303944 registros)
2026-05-14 08:24:25,592 - src.database - INFO - Conexión cerrada.
2026-05-14 08:24:25,593 - src.processor - INFO - Proceso finalizado.
2026-05-14 08:24:25,606 - Main - INFO - --- Ejecución completada exitosamente ---
2026-05-14 14:49:59,885 - Main - INFO - --- Iniciando Sistema de Generación de Audiencias ---
2026-05-14 14:49:59,898 - src.processor - INFO - Iniciando procesamiento de audiencias...
2026-05-14 14:49:59,901 - src.database - INFO - Intentando conectar a Teradata host: tdtvntg.claro.com.co...
2026-05-14 14:50:01,271 - src.database - INFO - Conexión a Teradata exitosa.
2026-05-14 14:50:01,276 - src.processor - INFO - Procesando: C_VEN_PRE_MIGPADA_WPP para fecha 2026-05-14 en carpeta 20260514
2026-05-14 14:50:02,409 - src.processor - INFO - Registros encontrados: 607
2026-05-14 14:50:02,413 - src.processor - INFO - Archivo generado: C_VEN_PRE_MIGPADA260514_WPP.txt (607 registros)
2026-05-14 14:50:02,415 - src.processor - INFO - Procesando: C_VEN_POS_MIGQBAN_WPP para fecha 2026-05-14 en carpeta 20260514
2026-05-14 14:50:03,863 - src.processor - INFO - Registros encontrados: 4131
2026-05-14 14:50:03,866 - src.processor - INFO - Archivo generado: C_VEN_POS_MIGQBAN260514_WPP.txt (4131 registros)
2026-05-14 14:50:03,888 - src.database - INFO - Conexión cerrada.
2026-05-14 14:50:03,889 - src.processor - INFO - Proceso finalizado.
2026-05-14 14:50:03,889 - Main - INFO - --- Ejecución completada exitosamente ---
2026-05-15 07:55:26,459 - Main - INFO - --- Iniciando Sistema de Generación de Audiencias ---
2026-05-15 07:55:26,473 - src.processor - INFO - Iniciando procesamiento de audiencias...
2026-05-15 07:55:26,477 - src.database - INFO - Intentando conectar a Teradata host: tdtvntg.claro.com.co...
2026-05-15 07:55:28,363 - src.database - INFO - Conexión a Teradata exitosa.
2026-05-15 07:55:28,367 - src.processor - INFO - Procesando: C_VEN_PRE_MIGCTWB_RCS para fecha 2026-05-15 en carpeta 20260515
2026-05-15 07:55:34,410 - src.processor - INFO - Registros encontrados: 175448
2026-05-15 07:55:34,495 - src.processor - INFO - Archivo generado: C_VEN_PRE_MIGCTWB260515_RCS.txt (175448 registros)
2026-05-15 07:55:34,496 - src.processor - INFO - Procesando: C_VEN_PRE_MIGSLMA_RCS para fecha 2026-05-15 en carpeta 20260515
2026-05-15 07:55:36,832 - src.processor - INFO - Registros encontrados: 0
2026-05-15 07:55:36,832 - src.processor - WARNING - Registros insuficientes (0) para C_VEN_PRE_MIGSLMA_RCS. Mínimo requerido: 50. Archivo NO generado.
2026-05-15 07:55:36,833 - src.processor - INFO - Procesando: C_VEN_PRE_MIGWFDA_RCS para fecha 2026-05-15 en carpeta 20260515
2026-05-15 07:55:42,427 - src.processor - INFO - Registros encontrados: 104500
2026-05-15 07:55:42,478 - src.processor - INFO - Archivo generado: C_VEN_PRE_MIGWFDA260515_RCS.txt (104500 registros)
2026-05-15 07:55:42,479 - src.processor - INFO - Procesando: C_VEN_PRE_MIGWFDS_RCS para fecha 2026-05-15 en carpeta 20260515
2026-05-15 07:55:47,348 - src.processor - INFO - Registros encontrados: 104110
2026-05-15 07:55:47,410 - src.processor - INFO - Archivo generado: C_VEN_PRE_MIGWFDS260515_RCS.txt (104110 registros)
2026-05-15 07:55:47,411 - src.processor - INFO - Procesando: C_VEN_PRE_MIGCTWB_SL para fecha 2026-05-15 en carpeta 20260515
2026-05-15 07:55:52,444 - src.processor - INFO - Registros encontrados: 129389
2026-05-15 07:55:52,511 - src.processor - INFO - Archivo generado: C_VEN_PRE_MIGCTWB260515_SL.txt (129389 registros)
2026-05-15 07:55:52,512 - src.processor - INFO - Procesando: C_VEN_PRE_MIGSLMA_SL para fecha 2026-05-15 en carpeta 20260515
2026-05-15 07:55:55,111 - src.processor - INFO - Registros encontrados: 0
2026-05-15 07:55:55,111 - src.processor - WARNING - Registros insuficientes (0) para C_VEN_PRE_MIGSLMA_SL. Mínimo requerido: 50. Archivo NO generado.
2026-05-15 07:55:55,112 - src.processor - INFO - Procesando: C_VEN_PRE_MIGWFDA_SL para fecha 2026-05-15 en carpeta 20260515
2026-05-15 07:56:02,656 - src.processor - INFO - Registros encontrados: 268000
2026-05-15 07:56:02,794 - src.processor - INFO - Archivo generado: C_VEN_PRE_MIGWFDA260515_SL.txt (268000 registros)
2026-05-15 07:56:02,795 - src.processor - INFO - Procesando: C_VEN_PRE_MIGWFDB_SL para fecha 2026-05-15 en carpeta 20260515
2026-05-15 07:56:10,151 - src.processor - INFO - Registros encontrados: 267725
2026-05-15 07:56:10,278 - src.processor - INFO - Archivo generado: C_VEN_PRE_MIGWFDB260515_SL.txt (267725 registros)
2026-05-15 07:56:10,278 - src.processor - INFO - Procesando: C_VEN_PRE_MIGWFDC_SL para fecha 2026-05-15 en carpeta 20260515
2026-05-15 07:56:17,176 - src.processor - INFO - Registros encontrados: 247500
2026-05-15 07:56:17,304 - src.processor - INFO - Archivo generado: C_VEN_PRE_MIGWFDC260515_SL.txt (247500 registros)
2026-05-15 07:56:17,305 - src.processor - INFO - Procesando: C_VEN_PRE_MIGWFDS_SL para fecha 2026-05-15 en carpeta 20260515
2026-05-15 07:56:24,316 - src.processor - INFO - Registros encontrados: 247500
2026-05-15 07:56:24,455 - src.processor - INFO - Archivo generado: C_VEN_PRE_MIGWFDS260515_SL.txt (247500 registros)
2026-05-15 07:56:24,457 - src.processor - INFO - Procesando: C_VEN_PRE_PTBSLMA_SL para fecha 2026-05-15 en carpeta 20260515
2026-05-15 07:56:26,910 - src.processor - INFO - Registros encontrados: 0
2026-05-15 07:56:26,910 - src.processor - WARNING - Registros insuficientes (0) para C_VEN_PRE_PTBSLMA_SL. Mínimo requerido: 50. Archivo NO generado.
2026-05-15 07:56:26,975 - src.database - INFO - Conexión cerrada.
2026-05-15 07:56:26,975 - src.processor - INFO - Proceso finalizado.
2026-05-15 07:56:26,976 - Main - INFO - --- Ejecución completada exitosamente ---
2026-05-15 08:53:07,904 - Main - INFO - --- Iniciando Sistema de Generación de Audiencias ---
2026-05-15 08:53:07,916 - src.processor - INFO - Iniciando procesamiento de audiencias...
2026-05-15 08:53:07,920 - src.database - INFO - Intentando conectar a Teradata host: tdtvntg.claro.com.co...
2026-05-15 08:53:09,329 - src.database - INFO - Conexión a Teradata exitosa.
2026-05-15 08:53:09,334 - src.processor - INFO - Procesando: C_VEN_PRE_MIGCTWC_RCS para fecha 2026-05-16 en carpeta 20260516
2026-05-15 08:53:11,938 - src.processor - INFO - Registros encontrados: 81676
2026-05-15 08:53:11,981 - src.processor - INFO - Archivo generado: C_VEN_PRE_MIGCTWC260516_RCS.txt (81676 registros)
2026-05-15 08:53:11,981 - src.processor - INFO - Procesando: C_VEN_PRE_MIGSLMB_RCS para fecha 2026-05-16 en carpeta 20260516
2026-05-15 08:53:13,044 - src.processor - INFO - Registros encontrados: 0
2026-05-15 08:53:13,045 - src.processor - WARNING - Registros insuficientes (0) para C_VEN_PRE_MIGSLMB_RCS. Mínimo requerido: 50. Archivo NO generado.
2026-05-15 08:53:13,046 - src.processor - INFO - Procesando: C_VEN_PRE_MIGWFDB_RCS para fecha 2026-05-16 en carpeta 20260516
2026-05-15 08:53:15,058 - src.processor - INFO - Registros encontrados: 48521
2026-05-15 08:53:15,084 - src.processor - INFO - Archivo generado: C_VEN_PRE_MIGWFDB260516_RCS.txt (48521 registros)
2026-05-15 08:53:15,085 - src.processor - INFO - Procesando: C_VEN_PRE_MIGWFDC_RCS para fecha 2026-05-16 en carpeta 20260516
2026-05-15 08:53:16,981 - src.processor - INFO - Registros encontrados: 48521
2026-05-15 08:53:17,006 - src.processor - INFO - Archivo generado: C_VEN_PRE_MIGWFDC260516_RCS.txt (48521 registros)
2026-05-15 08:53:17,007 - src.processor - INFO - Procesando: C_VEN_PRE_MIGCTWC_SL para fecha 2026-05-16 en carpeta 20260516
2026-05-15 08:53:18,649 - src.processor - INFO - Registros encontrados: 34606
2026-05-15 08:53:18,658 - src.processor - INFO - Archivo generado: C_VEN_PRE_MIGCTWC260516_SL.txt (34606 registros)
2026-05-15 08:53:18,658 - src.processor - INFO - Procesando: C_VEN_PRE_MIGSLMB_SL para fecha 2026-05-16 en carpeta 20260516
2026-05-15 08:53:19,778 - src.processor - INFO - Registros encontrados: 0
2026-05-15 08:53:19,778 - src.processor - WARNING - Registros insuficientes (0) para C_VEN_PRE_MIGSLMB_SL. Mínimo requerido: 50. Archivo NO generado.
2026-05-15 08:53:19,779 - src.processor - INFO - Procesando: C_VEN_PRE_MIGWFDD_SL para fecha 2026-05-16 en carpeta 20260516
2026-05-15 08:53:23,311 - src.processor - INFO - Registros encontrados: 142416
2026-05-15 08:53:23,380 - src.processor - INFO - Archivo generado: C_VEN_PRE_MIGWFDD260516_SL.txt (142416 registros)
2026-05-15 08:53:23,382 - src.processor - INFO - Procesando: C_VEN_PRE_MIGWFDE_SL para fecha 2026-05-16 en carpeta 20260516
2026-05-15 08:53:40,184 - src.processor - INFO - Registros encontrados: 455466
2026-05-15 08:53:40,397 - src.processor - INFO - Archivo generado: C_VEN_PRE_MIGWFDE260516_SL.txt (455466 registros)
2026-05-15 08:53:40,398 - src.processor - INFO - Procesando: C_VEN_PRE_MIGWFDF_SL para fecha 2026-05-16 en carpeta 20260516
2026-05-15 08:54:01,889 - src.processor - INFO - Registros encontrados: 455466
2026-05-15 08:54:02,108 - src.processor - INFO - Archivo generado: C_VEN_PRE_MIGWFDF260516_SL.txt (455466 registros)
2026-05-15 08:54:02,109 - src.processor - INFO - Procesando: C_VEN_PRE_MIGWFDG_SL para fecha 2026-05-16 en carpeta 20260516
2026-05-15 08:54:26,668 - src.processor - INFO - Registros encontrados: 312803
2026-05-15 08:54:26,825 - src.processor - INFO - Archivo generado: C_VEN_PRE_MIGWFDG260516_SL.txt (312803 registros)
2026-05-15 08:54:26,826 - src.processor - INFO - Procesando: C_VEN_PRE_PTBSLMB_SL para fecha 2026-05-16 en carpeta 20260516
2026-05-15 08:54:36,137 - src.processor - INFO - Registros encontrados: 0
2026-05-15 08:54:36,137 - src.processor - WARNING - Registros insuficientes (0) para C_VEN_PRE_PTBSLMB_SL. Mínimo requerido: 50. Archivo NO generado.
2026-05-15 08:54:36,910 - src.database - INFO - Conexión cerrada.
2026-05-15 08:54:36,910 - src.processor - INFO - Proceso finalizado.
2026-05-15 08:54:36,910 - Main - INFO - --- Ejecución completada exitosamente ---
2026-05-15 09:59:08,610 - Main - INFO - --- Iniciando Sistema de Generación de Audiencias ---
2026-05-15 09:59:08,622 - src.processor - INFO - Iniciando procesamiento de audiencias...
2026-05-15 09:59:08,626 - src.database - INFO - Intentando conectar a Teradata host: tdtvntg.claro.com.co...
2026-05-15 09:59:10,099 - src.database - INFO - Conexión a Teradata exitosa.
2026-05-15 09:59:10,100 - src.processor - INFO - Procesando: C_VEN_PRE_MIGSLMA_RCS para fecha 2026-05-15 en carpeta 20260515
2026-05-15 09:59:13,172 - src.processor - INFO - Registros encontrados: 1812
2026-05-15 09:59:13,173 - src.processor - INFO - Archivo generado: C_VEN_PRE_MIGSLMA260515_RCS.txt (1812 registros)
2026-05-15 09:59:13,173 - src.processor - INFO - Procesando: C_VEN_PRE_MIGSLMA_SL para fecha 2026-05-15 en carpeta 20260515
2026-05-15 09:59:15,261 - src.processor - INFO - Registros encontrados: 9130
2026-05-15 09:59:15,269 - src.processor - INFO - Archivo generado: C_VEN_PRE_MIGSLMA260515_SL.txt (9130 registros)
2026-05-15 09:59:15,270 - src.processor - INFO - Procesando: C_VEN_PRE_PTBSLMA_SL para fecha 2026-05-15 en carpeta 20260515
2026-05-15 09:59:20,093 - src.processor - INFO - Registros encontrados: 53170
2026-05-15 09:59:20,122 - src.processor - INFO - Archivo generado: C_VEN_PRE_PTBSLMA260515_SL.txt (53170 registros)
2026-05-15 09:59:20,150 - src.database - INFO - Conexión cerrada.
2026-05-15 09:59:20,150 - src.processor - INFO - Proceso finalizado.
2026-05-15 09:59:20,153 - Main - INFO - --- Ejecución completada exitosamente ---
2026-05-15 10:04:36,911 - Main - INFO - --- Iniciando Sistema de Generación de Audiencias ---
2026-05-15 10:04:36,913 - src.processor - INFO - Iniciando procesamiento de audiencias...
2026-05-15 10:04:36,913 - src.database - INFO - Intentando conectar a Teradata host: tdtvntg.claro.com.co...
2026-05-15 10:04:39,409 - src.database - INFO - Conexión a Teradata exitosa.
2026-05-15 10:04:39,410 - src.processor - INFO - Procesando: C_VEN_PRE_MIGSLMB_RCS para fecha 2026-05-16 en carpeta 20260516
2026-05-15 10:04:47,564 - src.processor - INFO - Registros encontrados: 4773
2026-05-15 10:04:47,571 - src.processor - INFO - Archivo generado: C_VEN_PRE_MIGSLMB260516_RCS.txt (4773 registros)
2026-05-15 10:04:47,572 - src.processor - INFO - Procesando: C_VEN_PRE_MIGSLMB_SL para fecha 2026-05-16 en carpeta 20260516
2026-05-15 10:04:54,652 - src.processor - INFO - Registros encontrados: 10312
2026-05-15 10:04:54,658 - src.processor - INFO - Archivo generado: C_VEN_PRE_MIGSLMB260516_SL.txt (10312 registros)
2026-05-15 10:04:54,700 - src.database - INFO - Conexión cerrada.
2026-05-15 10:04:54,701 - src.processor - INFO - Proceso finalizado.
2026-05-15 10:04:54,701 - Main - INFO - --- Ejecución completada exitosamente ---
2026-05-15 10:39:54,948 - Main - INFO - --- Iniciando Sistema de Generación de Audiencias ---
2026-05-15 10:39:54,968 - src.processor - INFO - Iniciando procesamiento de audiencias...
2026-05-15 10:39:54,973 - src.database - INFO - Intentando conectar a Teradata host: tdtvntg.claro.com.co...
2026-05-15 10:39:56,353 - src.database - INFO - Conexión a Teradata exitosa.
2026-05-15 10:39:56,354 - src.processor - INFO - Procesando: C_AUT_POS_USOCUPR_S0 para fecha 2026-05-16 en carpeta 20260516
2026-05-15 10:39:57,420 - src.processor - INFO - Registros encontrados: 257
2026-05-15 10:39:57,422 - src.processor - INFO - Archivo generado: C_AUT_POS_USOCUPR260516_S0.txt (257 registros)
2026-05-15 10:39:57,423 - src.processor - INFO - Procesando: C_AUT_POS_USOCUSH_SL para fecha 2026-05-16 en carpeta 20260516
2026-05-15 10:39:58,667 - src.processor - INFO - Registros encontrados: 6772
2026-05-15 10:39:58,672 - src.processor - INFO - Archivo generado: C_AUT_POS_USOCUSH260516_SL.txt (6772 registros)
2026-05-15 10:39:58,698 - src.database - INFO - Conexión cerrada.
2026-05-15 10:39:58,699 - src.processor - INFO - Proceso finalizado.
2026-05-15 10:39:58,699 - Main - INFO - --- Ejecución completada exitosamente ---
2026-05-15 11:15:54,697 - Main - INFO - --- Iniciando Sistema de Generación de Audiencias ---
2026-05-15 11:15:54,708 - src.processor - INFO - Iniciando procesamiento de audiencias...
2026-05-15 11:15:54,712 - src.database - INFO - Intentando conectar a Teradata host: tdtvntg.claro.com.co...
2026-05-15 11:15:56,448 - src.database - INFO - Conexión a Teradata exitosa.
2026-05-15 11:15:56,452 - src.processor - INFO - Procesando: C_VEN_PRE_MIGPADB_WPP para fecha 2026-05-16 en carpeta 20260516
2026-05-15 11:15:58,358 - src.processor - INFO - Registros encontrados: 450
2026-05-15 11:15:58,360 - src.processor - INFO - Archivo generado: C_VEN_PRE_MIGPADB260516_WPP.txt (450 registros)
2026-05-15 11:15:58,393 - src.database - INFO - Conexión cerrada.
2026-05-15 11:15:58,393 - src.processor - INFO - Proceso finalizado.
2026-05-15 11:15:58,393 - Main - INFO - --- Ejecución completada exitosamente ---
2026-05-19 12:05:17,233 - Main - INFO - --- Iniciando Sistema de Generación de Audiencias ---
2026-05-19 12:05:17,245 - src.processor - INFO - Iniciando procesamiento de audiencias...
2026-05-19 12:05:17,259 - src.database - INFO - Intentando conectar a Teradata host: tdtvntg.claro.com.co...
2026-05-19 12:05:19,195 - src.database - INFO - Conexión a Teradata exitosa.
2026-05-19 12:05:19,202 - src.processor - INFO - Procesando: C_VEN_PRE_MIGAAT1_RCS para fecha 2026-05-19 en carpeta 20260519
2026-05-19 12:05:32,873 - src.processor - INFO - Registros encontrados: 447899
2026-05-19 12:05:33,083 - src.processor - INFO - Archivo generado: C_VEN_PRE_MIGAAT1260519_RCS.txt (447899 registros)
2026-05-19 12:05:33,083 - src.processor - INFO - Procesando: C_VEN_PRE_PTBSLMB_SL para fecha 2026-05-19 en carpeta 20260519
2026-05-19 12:05:34,914 - src.processor - INFO - Registros encontrados: 0
2026-05-19 12:05:34,914 - src.processor - WARNING - Registros insuficientes (0) para C_VEN_PRE_PTBSLMB_SL. Mínimo requerido: 50. Archivo NO generado.
2026-05-19 12:05:34,915 - src.processor - INFO - Procesando: C_VEN_PRE_MIGAATA_SL para fecha 2026-05-19 en carpeta 20260519
2026-05-19 12:05:53,726 - src.processor - INFO - Registros encontrados: 664884
2026-05-19 12:05:54,040 - src.processor - INFO - Archivo generado: C_VEN_PRE_MIGAATA260519_SL.txt (664884 registros)
2026-05-19 12:05:54,041 - src.processor - INFO - Procesando: C_VEN_PRE_MIGAATA_RCS para fecha 2026-05-19 en carpeta 20260519
2026-05-19 12:06:05,843 - src.processor - INFO - Registros encontrados: 447899
2026-05-19 12:06:06,059 - src.processor - INFO - Archivo generado: C_VEN_PRE_MIGAATA260519_RCS.txt (447899 registros)
2026-05-19 12:06:06,060 - src.processor - INFO - Procesando: C_VEN_PRE_MIGCTWB_SL para fecha 2026-05-19 en carpeta 20260519
2026-05-19 12:06:12,351 - src.processor - INFO - Registros encontrados: 236276
2026-05-19 12:06:12,466 - src.processor - INFO - Archivo generado: C_VEN_PRE_MIGCTWB260519_SL.txt (236276 registros)
2026-05-19 12:06:12,467 - src.processor - INFO - Procesando: C_VEN_PRE_MIGCTWB_RCS para fecha 2026-05-19 en carpeta 20260519
2026-05-19 12:06:19,194 - src.processor - INFO - Registros encontrados: 239894
2026-05-19 12:06:19,300 - src.processor - INFO - Archivo generado: C_VEN_PRE_MIGCTWB260519_RCS.txt (239894 registros)
2026-05-19 12:06:19,300 - src.processor - INFO - Procesando: C_VEN_PRE_MIGAAT1_SL para fecha 2026-05-19 en carpeta 20260519
2026-05-19 12:06:34,949 - src.processor - INFO - Registros encontrados: 664884
2026-05-19 12:06:35,304 - src.processor - INFO - Archivo generado: C_VEN_PRE_MIGAAT1260519_SL.txt (664884 registros)
2026-05-19 12:06:35,306 - src.processor - INFO - Procesando: C_VEN_PRE_MIGAATB_SL para fecha 2026-05-19 en carpeta 20260519
2026-05-19 12:06:50,806 - src.processor - INFO - Registros encontrados: 664884
2026-05-19 12:06:51,123 - src.processor - INFO - Archivo generado: C_VEN_PRE_MIGAATB260519_SL.txt (664884 registros)
2026-05-19 12:06:51,124 - src.processor - INFO - Procesando: C_VEN_PRE_MIGAATC_SL para fecha 2026-05-19 en carpeta 20260519
2026-05-19 12:07:11,370 - src.processor - INFO - Registros encontrados: 664882
2026-05-19 12:07:11,701 - src.processor - INFO - Archivo generado: C_VEN_PRE_MIGAATC260519_SL.txt (664882 registros)
2026-05-19 12:07:11,702 - src.processor - INFO - Procesando: C_VEN_PRE_MIGFUFB_WPP para fecha 2026-05-19 en carpeta 20260519
2026-05-19 12:07:13,074 - src.processor - INFO - Registros encontrados: 4133
2026-05-19 12:07:13,081 - src.processor - INFO - Archivo generado: C_VEN_PRE_MIGFUFB260519_WPP.txt (4133 registros)
2026-05-19 12:07:13,194 - src.database - INFO - Conexión cerrada.
2026-05-19 12:07:13,195 - src.processor - INFO - Proceso finalizado.
2026-05-19 12:07:13,197 - Main - INFO - --- Ejecución completada exitosamente ---
2026-05-19 15:35:17,788 - Main - INFO - --- Iniciando Sistema de Generación de Audiencias ---
2026-05-19 15:35:17,801 - src.processor - INFO - Iniciando procesamiento de audiencias...
2026-05-19 15:35:17,815 - src.database - INFO - Intentando conectar a Teradata host: tdtvntg.claro.com.co...
2026-05-19 15:35:19,276 - src.database - INFO - Conexión a Teradata exitosa.
2026-05-19 15:35:19,282 - src.processor - INFO - Procesando: C_VEN_EQU_EBNC4HO_RCS para fecha 2026-05-20 en carpeta 20260520
2026-05-19 15:35:22,353 - src.processor - INFO - Registros encontrados: 95174
2026-05-19 15:35:22,402 - src.processor - INFO - Archivo generado: C_VEN_EQU_EBNC4HO260520_RCS.txt (95174 registros)
2026-05-19 15:35:22,403 - src.processor - INFO - Procesando: C_VEN_EQU_EBNC5PO_SL para fecha 2026-05-20 en carpeta 20260520
2026-05-19 15:35:27,013 - src.processor - INFO - Registros encontrados: 181559
2026-05-19 15:35:27,107 - src.processor - INFO - Archivo generado: C_VEN_EQU_EBNC5PO260520_SL.txt (181559 registros)
2026-05-19 15:35:27,108 - src.processor - INFO - Procesando: C_VEN_EQU_EBNC6PO_RCS para fecha 2026-05-20 en carpeta 20260520
2026-05-19 15:35:30,282 - src.processor - INFO - Registros encontrados: 95173
2026-05-19 15:35:30,330 - src.processor - INFO - Archivo generado: C_VEN_EQU_EBNC6PO260520_RCS.txt (95173 registros)
2026-05-19 15:35:30,374 - src.database - INFO - Conexión cerrada.
2026-05-19 15:35:30,374 - src.processor - INFO - Proceso finalizado.
2026-05-19 15:35:30,379 - Main - INFO - --- Ejecución completada exitosamente ---
2026-05-19 15:38:44,950 - Main - INFO - --- Iniciando Sistema de Generación de Audiencias ---
2026-05-19 15:38:44,951 - src.processor - INFO - Iniciando procesamiento de audiencias...
2026-05-19 15:38:44,955 - src.database - INFO - Intentando conectar a Teradata host: tdtvntg.claro.com.co...
2026-05-19 15:38:46,454 - src.database - INFO - Conexión a Teradata exitosa.
2026-05-19 15:38:46,456 - src.processor - INFO - Procesando: C_VEN_PRE_PTBSLMB_SL para fecha 2026-05-19 en carpeta 20260519
2026-05-19 15:38:49,924 - src.processor - INFO - Registros encontrados: 43443
2026-05-19 15:38:49,949 - src.processor - INFO - Archivo generado: C_VEN_PRE_PTBSLMB260519_SL.txt (43443 registros)
2026-05-19 15:38:49,995 - src.database - INFO - Conexión cerrada.
2026-05-19 15:38:49,996 - src.processor - INFO - Proceso finalizado.
2026-05-19 15:38:49,998 - Main - INFO - --- Ejecución completada exitosamente ---
2026-05-20 09:36:56,220 - Main - INFO - --- Iniciando Sistema de Generación de Audiencias ---
2026-05-20 09:36:56,234 - src.processor - INFO - Iniciando procesamiento de audiencias...
2026-05-20 09:36:56,239 - src.database - INFO - Intentando conectar a Teradata host: tdtvntg.claro.com.co...
2026-05-20 09:36:58,300 - src.database - INFO - Conexión a Teradata exitosa.
2026-05-20 09:36:58,303 - src.processor - INFO - Procesando: C_VEN_PRE_MIGCTWC_RCS para fecha 2026-05-20 en carpeta 20260520
2026-05-20 09:37:03,247 - src.processor - INFO - Registros encontrados: 89890
2026-05-20 09:37:03,292 - src.processor - INFO - Archivo generado: C_VEN_PRE_MIGCTWC260520_RCS.txt (89890 registros)
2026-05-20 09:37:03,293 - src.processor - INFO - Procesando: C_VEN_PRE_MIGAATD_SL para fecha 2026-05-20 en carpeta 20260520
2026-05-20 09:37:11,782 - src.processor - INFO - Registros encontrados: 322830
2026-05-20 09:37:11,940 - src.processor - INFO - Archivo generado: C_VEN_PRE_MIGAATD260520_SL.txt (322830 registros)
2026-05-20 09:37:11,941 - src.processor - INFO - Procesando: C_VEN_PRE_MIGFUFA_WPP para fecha 2026-05-20 en carpeta 20260520
2026-05-20 09:37:14,023 - src.processor - INFO - Registros encontrados: 1119
2026-05-20 09:37:14,026 - src.processor - INFO - Archivo generado: C_VEN_PRE_MIGFUFA260520_WPP.txt (1119 registros)
2026-05-20 09:37:14,027 - src.processor - INFO - Procesando: C_VEN_PRE_MIGAAT2_RCS para fecha 2026-05-20 en carpeta 20260520
2026-05-20 09:37:18,424 - src.processor - INFO - Registros encontrados: 108060
2026-05-20 09:37:18,475 - src.processor - INFO - Archivo generado: C_VEN_PRE_MIGAAT2260520_RCS.txt (108060 registros)
2026-05-20 09:37:18,476 - src.processor - INFO - Procesando: C_VEN_PRE_MIGAATF_SL para fecha 2026-05-20 en carpeta 20260520
2026-05-20 09:37:27,038 - src.processor - INFO - Registros encontrados: 322830
2026-05-20 09:37:27,201 - src.processor - INFO - Archivo generado: C_VEN_PRE_MIGAATF260520_SL.txt (322830 registros)
2026-05-20 09:37:27,202 - src.processor - INFO - Procesando: C_VEN_PRE_MIGAATE_SL para fecha 2026-05-20 en carpeta 20260520
2026-05-20 09:37:35,711 - src.processor - INFO - Registros encontrados: 322830
2026-05-20 09:37:35,865 - src.processor - INFO - Archivo generado: C_VEN_PRE_MIGAATE260520_SL.txt (322830 registros)
2026-05-20 09:37:35,866 - src.processor - INFO - Procesando: C_VEN_PRE_MIGAAT2_SL para fecha 2026-05-20 en carpeta 20260520
2026-05-20 09:37:44,152 - src.processor - INFO - Registros encontrados: 322830
2026-05-20 09:37:44,319 - src.processor - INFO - Archivo generado: C_VEN_PRE_MIGAAT2260520_SL.txt (322830 registros)
2026-05-20 09:37:44,320 - src.processor - INFO - Procesando: C_VEN_PRE_MIGAATB_RCS para fecha 2026-05-20 en carpeta 20260520
2026-05-20 09:37:47,921 - src.processor - INFO - Registros encontrados: 108060
2026-05-20 09:37:47,982 - src.processor - INFO - Archivo generado: C_VEN_PRE_MIGAATB260520_RCS.txt (108060 registros)
2026-05-20 09:37:47,983 - src.processor - INFO - Procesando: C_VEN_PRE_MIGCTWC_SL para fecha 2026-05-20 en carpeta 20260520
2026-05-20 09:37:51,516 - src.processor - INFO - Registros encontrados: 133771
2026-05-20 09:37:51,581 - src.processor - INFO - Archivo generado: C_VEN_PRE_MIGCTWC260520_SL.txt (133771 registros)
2026-05-20 09:37:51,582 - src.processor - INFO - Procesando: C_VEN_PRE_PTBSLMA_SL para fecha 2026-05-20 en carpeta 20260520
2026-05-20 09:37:53,489 - src.processor - INFO - Registros encontrados: 10556
2026-05-20 09:37:53,496 - src.processor - INFO - Archivo generado: C_VEN_PRE_PTBSLMA260520_SL.txt (10556 registros)
2026-05-20 09:37:53,559 - src.database - INFO - Conexión cerrada.
2026-05-20 09:37:53,559 - src.processor - INFO - Proceso finalizado.
2026-05-20 09:37:53,561 - Main - INFO - --- Ejecución completada exitosamente ---
2026-05-21 08:59:38,249 - Main - INFO - --- Iniciando Sistema de Generación de Audiencias ---
2026-05-21 08:59:38,298 - src.processor - INFO - Iniciando procesamiento de audiencias...
2026-05-21 08:59:38,307 - src.database - INFO - Intentando conectar a Teradata host: tdtvntg.claro.com.co...
2026-05-21 08:59:41,275 - src.database - INFO - Conexión a Teradata exitosa.
2026-05-21 08:59:41,279 - src.processor - INFO - Procesando: C_VEN_PRE_MIGAAT1_RCS para fecha 2026-05-21 en carpeta 20260521
2026-05-21 08:59:53,596 - src.processor - INFO - Registros encontrados: 246054
2026-05-21 08:59:53,884 - src.processor - INFO - Archivo generado: C_VEN_PRE_MIGAAT1260521_RCS.txt (246054 registros)
2026-05-21 08:59:53,886 - src.processor - INFO - Procesando: C_VEN_PRE_PTBSLMB_SL para fecha 2026-05-21 en carpeta 20260521
2026-05-21 08:59:56,046 - src.processor - INFO - Registros encontrados: 10510
2026-05-21 08:59:56,062 - src.processor - INFO - Archivo generado: C_VEN_PRE_PTBSLMB260521_SL.txt (10510 registros)
2026-05-21 08:59:56,064 - src.processor - INFO - Procesando: C_VEN_PRE_MIGAATA_SL para fecha 2026-05-21 en carpeta 20260521
2026-05-21 09:00:12,068 - src.processor - INFO - Registros encontrados: 383487
2026-05-21 09:00:12,600 - src.processor - INFO - Archivo generado: C_VEN_PRE_MIGAATA260521_SL.txt (383487 registros)
2026-05-21 09:00:12,601 - src.processor - INFO - Procesando: C_VEN_PRE_MIGAATA_RCS para fecha 2026-05-21 en carpeta 20260521
2026-05-21 09:00:23,725 - src.processor - INFO - Registros encontrados: 245862
2026-05-21 09:00:24,036 - src.processor - INFO - Archivo generado: C_VEN_PRE_MIGAATA260521_RCS.txt (245862 registros)
2026-05-21 09:00:24,038 - src.processor - INFO - Procesando: C_VEN_PRE_MIGAAT1_SL para fecha 2026-05-21 en carpeta 20260521
2026-05-21 09:00:37,913 - src.processor - INFO - Registros encontrados: 302508
2026-05-21 09:00:38,260 - src.processor - INFO - Archivo generado: C_VEN_PRE_MIGAAT1260521_SL.txt (302508 registros)
2026-05-21 09:00:38,260 - src.processor - INFO - Procesando: C_VEN_PRE_MIGAATB_SL para fecha 2026-05-21 en carpeta 20260521
2026-05-21 09:00:52,332 - src.processor - INFO - Registros encontrados: 302508
2026-05-21 09:00:52,656 - src.processor - INFO - Archivo generado: C_VEN_PRE_MIGAATB260521_SL.txt (302508 registros)
2026-05-21 09:00:52,658 - src.processor - INFO - Procesando: C_VEN_PRE_MIGCTWA_RCS para fecha 2026-05-21 en carpeta 20260521
2026-05-21 09:01:02,044 - src.processor - INFO - Registros encontrados: 108644
2026-05-21 09:01:02,192 - src.processor - INFO - Archivo generado: C_VEN_PRE_MIGCTWA260521_RCS.txt (108644 registros)
2026-05-21 09:01:02,194 - src.processor - INFO - Procesando: C_VEN_PRE_MIGAATC_SL para fecha 2026-05-21 en carpeta 20260521
2026-05-21 09:01:17,031 - src.processor - INFO - Registros encontrados: 302508
2026-05-21 09:01:17,346 - src.processor - INFO - Archivo generado: C_VEN_PRE_MIGAATC260521_SL.txt (302508 registros)
2026-05-21 09:01:17,348 - src.processor - INFO - Procesando: C_VEN_PRE_MIGCTWA_SL para fecha 2026-05-21 en carpeta 20260521
2026-05-21 09:01:21,117 - src.processor - INFO - Registros encontrados: 18220
2026-05-21 09:01:21,143 - src.processor - INFO - Archivo generado: C_VEN_PRE_MIGCTWA260521_SL.txt (18220 registros)
2026-05-21 09:01:21,144 - src.processor - INFO - Procesando: C_VEN_PRE_MIGFUFB_WPP para fecha 2026-05-21 en carpeta 20260521
2026-05-21 09:01:24,409 - src.processor - INFO - Registros encontrados: 554
2026-05-21 09:01:24,415 - src.processor - INFO - Archivo generado: C_VEN_PRE_MIGFUFB260521_WPP.txt (554 registros)
2026-05-21 09:01:24,443 - src.database - INFO - Conexión cerrada.
2026-05-21 09:01:24,445 - src.processor - INFO - Proceso finalizado.
2026-05-21 09:01:24,449 - Main - INFO - --- Ejecución completada exitosamente ---
2026-05-21 16:53:09,181 - Main - INFO - --- Iniciando Sistema de Generación de Audiencias ---
2026-05-21 16:53:09,223 - src.processor - INFO - Iniciando procesamiento de audiencias...
2026-05-21 16:53:09,452 - src.database - INFO - Intentando conectar a Teradata host: tdtvntg.claro.com.co...
2026-05-21 16:53:11,415 - src.database - ERROR - Error conectando a Teradata: [Version 20.0.0.50] [Session 3919049] [Teradata Database] [Error 8017] The UserId, Password or Account is invalid.
 at gosqldriver/teradatasql.formatError ErrorUtil.go:101
 at gosqldriver/teradatasql.(*teradataConnection).formatDatabaseError ErrorUtil.go:210
 at gosqldriver/teradatasql.(*teradataConnection).makeChainedDatabaseError ErrorUtil.go:226
 at gosqldriver/teradatasql.(*teradataConnection).makeDatabaseError ErrorUtil.go:238
 at gosqldriver/teradatasql.(*teradataConnection).processMessageSuccessOrError TeradataConnection.go:477
 at gosqldriver/teradatasql.(*teradataConnection).logonController LogonController.go:555
 at gosqldriver/teradatasql.newTeradataConnection TeradataConnection.go:168
 at gosqldriver/teradatasql.(*teradataDriver).Open TeradataDriver.go:32
 at database/sql.dsnConnector.Connect sql.go:809
 at database/sql.(*DB).conn sql.go:1431
 at database/sql.(*DB).Conn.func1 sql.go:1950
 at database/sql.(*DB).retry sql.go:1576
 at database/sql.(*DB).Conn sql.go:1949
 at main.goCreateConnection goside.go:323
 at _cgoexp_c43d071e9719_goCreateConnection _cgo_gotypes.go:268
 at runtime.cgocallbackg1 cgocall.go:446
 at runtime.cgocallbackg cgocall.go:350
 at runtime.cgocallback asm_amd64.s:1082
 at runtime.goexit asm_amd64.s:1693
2026-05-21 16:53:11,428 - src.processor - CRITICAL - Error crítico en el proceso: [Version 20.0.0.50] [Session 3919049] [Teradata Database] [Error 8017] The UserId, Password or Account is invalid.
 at gosqldriver/teradatasql.formatError ErrorUtil.go:101
 at gosqldriver/teradatasql.(*teradataConnection).formatDatabaseError ErrorUtil.go:210
 at gosqldriver/teradatasql.(*teradataConnection).makeChainedDatabaseError ErrorUtil.go:226
 at gosqldriver/teradatasql.(*teradataConnection).makeDatabaseError ErrorUtil.go:238
 at gosqldriver/teradatasql.(*teradataConnection).processMessageSuccessOrError TeradataConnection.go:477
 at gosqldriver/teradatasql.(*teradataConnection).logonController LogonController.go:555
 at gosqldriver/teradatasql.newTeradataConnection TeradataConnection.go:168
 at gosqldriver/teradatasql.(*teradataDriver).Open TeradataDriver.go:32
 at database/sql.dsnConnector.Connect sql.go:809
 at database/sql.(*DB).conn sql.go:1431
 at database/sql.(*DB).Conn.func1 sql.go:1950
 at database/sql.(*DB).retry sql.go:1576
 at database/sql.(*DB).Conn sql.go:1949
 at main.goCreateConnection goside.go:323
 at _cgoexp_c43d071e9719_goCreateConnection _cgo_gotypes.go:268
 at runtime.cgocallbackg1 cgocall.go:446
 at runtime.cgocallbackg cgocall.go:350
 at runtime.cgocallback asm_amd64.s:1082
 at runtime.goexit asm_amd64.s:1693
2026-05-21 16:53:11,441 - src.processor - INFO - Proceso finalizado.
2026-05-21 16:53:11,443 - Main - CRITICAL - Error inesperado en la ejecución principal: [Version 20.0.0.50] [Session 3919049] [Teradata Database] [Error 8017] The UserId, Password or Account is invalid.
 at gosqldriver/teradatasql.formatError ErrorUtil.go:101
 at gosqldriver/teradatasql.(*teradataConnection).formatDatabaseError ErrorUtil.go:210
 at gosqldriver/teradatasql.(*teradataConnection).makeChainedDatabaseError ErrorUtil.go:226
 at gosqldriver/teradatasql.(*teradataConnection).makeDatabaseError ErrorUtil.go:238
 at gosqldriver/teradatasql.(*teradataConnection).processMessageSuccessOrError TeradataConnection.go:477
 at gosqldriver/teradatasql.(*teradataConnection).logonController LogonController.go:555
 at gosqldriver/teradatasql.newTeradataConnection TeradataConnection.go:168
 at gosqldriver/teradatasql.(*teradataDriver).Open TeradataDriver.go:32
 at database/sql.dsnConnector.Connect sql.go:809
 at database/sql.(*DB).conn sql.go:1431
 at database/sql.(*DB).Conn.func1 sql.go:1950
 at database/sql.(*DB).retry sql.go:1576
 at database/sql.(*DB).Conn sql.go:1949
 at main.goCreateConnection goside.go:323
 at _cgoexp_c43d071e9719_goCreateConnection _cgo_gotypes.go:268
 at runtime.cgocallbackg1 cgocall.go:446
 at runtime.cgocallbackg cgocall.go:350
 at runtime.cgocallback asm_amd64.s:1082
 at runtime.goexit asm_amd64.s:1693
2026-05-21 16:57:11,402 - Main - INFO - --- Iniciando Sistema de Generación de Audiencias ---
2026-05-21 16:57:11,404 - src.processor - INFO - Iniciando procesamiento de audiencias...
2026-05-21 16:57:11,407 - src.database - INFO - Intentando conectar a Teradata host: tdtvntg.claro.com.co...
2026-05-21 16:57:12,811 - src.database - INFO - Conexión a Teradata exitosa.
2026-05-21 16:57:12,814 - src.processor - INFO - Procesando: N_VAS_HOG_CDVEALC_SL para fecha 2026-05-22 en carpeta 20260522
2026-05-21 16:57:15,921 - src.processor - INFO - Registros encontrados: 96400
2026-05-21 16:57:15,966 - src.processor - INFO - Archivo generado: N_VAS_HOG_CDVEALC260522_SL.txt (96400 registros)
2026-05-21 16:57:15,968 - src.processor - INFO - Procesando: N_VAS_POS_MUSESMY_S0 para fecha 2026-05-22 en carpeta 20260522
2026-05-21 16:57:22,302 - src.processor - INFO - Registros encontrados: 286160
2026-05-21 16:57:22,439 - src.processor - INFO - Archivo generado: N_VAS_POS_MUSESMY260522_S0.txt (286160 registros)
2026-05-21 16:57:22,513 - src.database - INFO - Conexión cerrada.
2026-05-21 16:57:22,513 - src.processor - INFO - Proceso finalizado.
2026-05-21 16:57:22,527 - Main - INFO - --- Ejecución completada exitosamente ---
2026-05-22 07:40:32,941 - Main - INFO - --- Iniciando Sistema de Generación de Audiencias ---
2026-05-22 07:40:32,954 - src.processor - INFO - Iniciando procesamiento de audiencias...
2026-05-22 07:40:32,958 - src.database - INFO - Intentando conectar a Teradata host: tdtvntg.claro.com.co...
2026-05-22 07:40:34,848 - src.database - INFO - Conexión a Teradata exitosa.
2026-05-22 07:40:34,852 - src.processor - INFO - Procesando: C_VEN_PRE_MIGAAT2_RCS para fecha 2026-05-22 en carpeta 20260522
2026-05-22 07:40:38,845 - src.processor - INFO - Registros encontrados: 109836
2026-05-22 07:40:38,905 - src.processor - INFO - Archivo generado: C_VEN_PRE_MIGAAT2260522_RCS.txt (109836 registros)
2026-05-22 07:40:38,906 - src.processor - INFO - Procesando: C_VEN_PRE_MIGCTWB_RCS para fecha 2026-05-22 en carpeta 20260522
2026-05-22 07:40:42,860 - src.processor - INFO - Registros encontrados: 109836
2026-05-22 07:40:42,918 - src.processor - INFO - Archivo generado: C_VEN_PRE_MIGCTWB260522_RCS.txt (109836 registros)
2026-05-22 07:40:42,919 - src.processor - INFO - Procesando: C_VEN_PRE_MIGAATB_RCS para fecha 2026-05-22 en carpeta 20260522
2026-05-22 07:40:46,708 - src.processor - INFO - Registros encontrados: 109836
2026-05-22 07:40:46,766 - src.processor - INFO - Archivo generado: C_VEN_PRE_MIGAATB260522_RCS.txt (109836 registros)
2026-05-22 07:40:46,767 - src.processor - INFO - Procesando: C_VEN_PRE_MIGAATD_SL para fecha 2026-05-22 en carpeta 20260522
2026-05-22 07:40:54,427 - src.processor - INFO - Registros encontrados: 302508
2026-05-22 07:40:54,579 - src.processor - INFO - Archivo generado: C_VEN_PRE_MIGAATD260522_SL.txt (302508 registros)
2026-05-22 07:40:54,580 - src.processor - INFO - Procesando: C_VEN_PRE_MIGCTWB_SL para fecha 2026-05-22 en carpeta 20260522
2026-05-22 07:40:56,595 - src.processor - INFO - Registros encontrados: 16888
2026-05-22 07:40:56,606 - src.processor - INFO - Archivo generado: C_VEN_PRE_MIGCTWB260522_SL.txt (16888 registros)
2026-05-22 07:40:56,608 - src.processor - INFO - Procesando: C_VEN_PRE_MIGAATF_SL para fecha 2026-05-22 en carpeta 20260522
2026-05-22 07:41:03,302 - src.processor - INFO - Registros encontrados: 302508
2026-05-22 07:41:03,470 - src.processor - INFO - Archivo generado: C_VEN_PRE_MIGAATF260522_SL.txt (302508 registros)
2026-05-22 07:41:03,471 - src.processor - INFO - Procesando: C_VEN_PRE_MIGAATE_SL para fecha 2026-05-22 en carpeta 20260522
2026-05-22 07:41:10,104 - src.processor - INFO - Registros encontrados: 302508
2026-05-22 07:41:10,252 - src.processor - INFO - Archivo generado: C_VEN_PRE_MIGAATE260522_SL.txt (302508 registros)
2026-05-22 07:41:10,253 - src.processor - INFO - Procesando: C_VEN_PRE_MIGAAT2_SL para fecha 2026-05-22 en carpeta 20260522
2026-05-22 07:41:16,960 - src.processor - INFO - Registros encontrados: 302508
2026-05-22 07:41:17,118 - src.processor - INFO - Archivo generado: C_VEN_PRE_MIGAAT2260522_SL.txt (302508 registros)
2026-05-22 07:41:17,119 - src.processor - INFO - Procesando: C_VEN_PRE_MIGFUFA_WPP para fecha 2026-05-22 en carpeta 20260522
2026-05-22 07:41:18,343 - src.processor - INFO - Registros encontrados: 0
2026-05-22 07:41:18,343 - src.processor - WARNING - Registros insuficientes (0) para C_VEN_PRE_MIGFUFA_WPP. Mínimo requerido: 50. Archivo NO generado.
2026-05-22 07:41:18,379 - src.database - INFO - Conexión cerrada.
2026-05-22 07:41:18,379 - src.processor - INFO - Proceso finalizado.
2026-05-22 07:41:18,380 - Main - INFO - --- Ejecución completada exitosamente ---
2026-05-22 07:44:25,730 - Main - INFO - --- Iniciando Sistema de Generación de Audiencias ---
2026-05-22 07:44:25,731 - src.processor - INFO - Iniciando procesamiento de audiencias...
2026-05-22 07:44:25,735 - src.database - INFO - Intentando conectar a Teradata host: tdtvntg.claro.com.co...
2026-05-22 07:44:27,120 - src.database - INFO - Conexión a Teradata exitosa.
2026-05-22 07:44:27,122 - src.processor - INFO - Procesando: C_VEN_PRE_MIGFUFA_WPP para fecha 2026-05-22 en carpeta 20260522
2026-05-22 07:44:29,130 - src.processor - INFO - Registros encontrados: 1111
2026-05-22 07:44:29,131 - src.processor - INFO - Archivo generado: C_VEN_PRE_MIGFUFA260522_WPP.txt (1111 registros)
2026-05-22 07:44:29,160 - src.database - INFO - Conexión cerrada.
2026-05-22 07:44:29,161 - src.processor - INFO - Proceso finalizado.
2026-05-22 07:44:29,161 - Main - INFO - --- Ejecución completada exitosamente ---
2026-05-22 09:30:33,132 - Main - INFO - --- Iniciando Sistema de Generación de Audiencias ---
2026-05-22 09:30:33,145 - src.processor - INFO - Iniciando procesamiento de audiencias...
2026-05-22 09:30:33,150 - src.database - INFO - Intentando conectar a Teradata host: tdtvntg.claro.com.co...
2026-05-22 09:30:35,012 - src.database - INFO - Conexión a Teradata exitosa.
2026-05-22 09:30:35,014 - src.processor - INFO - Procesando: C_VEN_PRE_PTBSLMB_SL para fecha 2026-05-23 en carpeta 20260523
2026-05-22 09:30:47,660 - src.processor - INFO - Registros encontrados: 429588
2026-05-22 09:30:47,871 - src.processor - INFO - Archivo generado: C_VEN_PRE_PTBSLMB260523_SL.txt (429588 registros)
2026-05-22 09:30:47,872 - src.processor - INFO - Procesando: C_VEN_PRE_MIGAAT1_RCS para fecha 2026-05-23 en carpeta 20260523
2026-05-22 09:30:54,087 - src.processor - INFO - Registros encontrados: 164663
2026-05-22 09:30:54,173 - src.processor - INFO - Archivo generado: C_VEN_PRE_MIGAAT1260523_RCS.txt (164663 registros)
2026-05-22 09:30:54,174 - src.processor - INFO - Procesando: C_VEN_PRE_MIGCTWC_RCS para fecha 2026-05-23 en carpeta 20260523
2026-05-22 09:30:58,107 - src.processor - INFO - Registros encontrados: 92394
2026-05-22 09:30:58,170 - src.processor - INFO - Archivo generado: C_VEN_PRE_MIGCTWC260523_RCS.txt (92394 registros)
2026-05-22 09:30:58,171 - src.processor - INFO - Procesando: C_VEN_PRE_MIGAATA_RCS para fecha 2026-05-23 en carpeta 20260523
2026-05-22 09:31:04,498 - src.processor - INFO - Registros encontrados: 164663
2026-05-22 09:31:04,600 - src.processor - INFO - Archivo generado: C_VEN_PRE_MIGAATA260523_RCS.txt (164663 registros)
2026-05-22 09:31:04,601 - src.processor - INFO - Procesando: C_VEN_PRE_MIGAATA_SL para fecha 2026-05-23 en carpeta 20260523
2026-05-22 09:31:12,689 - src.processor - INFO - Registros encontrados: 302447
2026-05-22 09:31:12,850 - src.processor - INFO - Archivo generado: C_VEN_PRE_MIGAATA260523_SL.txt (302447 registros)
2026-05-22 09:31:12,851 - src.processor - INFO - Procesando: C_VEN_PRE_MIGAAT1_SL para fecha 2026-05-23 en carpeta 20260523
2026-05-22 09:31:21,462 - src.processor - INFO - Registros encontrados: 302447
2026-05-22 09:31:21,620 - src.processor - INFO - Archivo generado: C_VEN_PRE_MIGAAT1260523_SL.txt (302447 registros)
2026-05-22 09:31:21,621 - src.processor - INFO - Procesando: C_VEN_PRE_MIGAATB_SL para fecha 2026-05-23 en carpeta 20260523
2026-05-22 09:31:30,214 - src.processor - INFO - Registros encontrados: 302447
2026-05-22 09:31:30,390 - src.processor - INFO - Archivo generado: C_VEN_PRE_MIGAATB260523_SL.txt (302447 registros)
2026-05-22 09:31:30,391 - src.processor - INFO - Procesando: C_VEN_PRE_MIGAATC_SL para fecha 2026-05-23 en carpeta 20260523
2026-05-22 09:31:37,946 - src.processor - INFO - Registros encontrados: 302447
2026-05-22 09:31:38,098 - src.processor - INFO - Archivo generado: C_VEN_PRE_MIGAATC260523_SL.txt (302447 registros)
2026-05-22 09:31:38,099 - src.processor - INFO - Procesando: C_VEN_PRE_MIGCTWC_SL para fecha 2026-05-23 en carpeta 20260523
2026-05-22 09:31:41,753 - src.processor - INFO - Registros encontrados: 107556
2026-05-22 09:31:41,808 - src.processor - INFO - Archivo generado: C_VEN_PRE_MIGCTWC260523_SL.txt (107556 registros)
2026-05-22 09:31:41,809 - src.processor - INFO - Procesando: C_VEN_PRE_MIGFUFB_WPP para fecha 2026-05-23 en carpeta 20260523
2026-05-22 09:31:43,352 - src.processor - INFO - Registros encontrados: 554
2026-05-22 09:31:43,354 - src.processor - INFO - Archivo generado: C_VEN_PRE_MIGFUFB260523_WPP.txt (554 registros)
2026-05-22 09:31:43,409 - src.database - INFO - Conexión cerrada.
2026-05-22 09:31:43,409 - src.processor - INFO - Proceso finalizado.
2026-05-22 09:31:43,410 - Main - INFO - --- Ejecución completada exitosamente ---
2026-05-22 09:53:06,648 - Main - INFO - --- Iniciando Sistema de Generación de Audiencias ---
2026-05-22 09:53:06,775 - src.processor - INFO - Iniciando procesamiento de audiencias...
2026-05-22 09:53:06,779 - src.database - INFO - Intentando conectar a Teradata host: tdtvntg.claro.com.co...
2026-05-22 09:53:08,233 - src.database - INFO - Conexión a Teradata exitosa.
2026-05-22 09:53:08,238 - src.processor - INFO - Procesando: N_VAS_POS_MUS1MIM_S0 para fecha 2026-05-23 en carpeta 20260523
2026-05-22 09:53:13,179 - src.processor - INFO - Registros encontrados: 108184
2026-05-22 09:53:13,231 - src.processor - INFO - Archivo generado: N_VAS_POS_MUS1MIM260523_S0.txt (108184 registros)
2026-05-22 09:53:13,232 - src.processor - INFO - Procesando: N_VAS_PRE_CDVTA1G_SL para fecha 2026-05-23 en carpeta 20260523
2026-05-22 09:53:18,746 - src.processor - INFO - Registros encontrados: 94032
2026-05-22 09:53:18,793 - src.processor - INFO - Archivo generado: N_VAS_PRE_CDVTA1G260523_SL.txt (94032 registros)
2026-05-22 09:53:19,379 - src.database - INFO - Conexión cerrada.
2026-05-22 09:53:19,379 - src.processor - INFO - Proceso finalizado.
2026-05-22 09:53:19,386 - Main - INFO - --- Ejecución completada exitosamente ---
2026-05-22 10:01:14,563 - Main - INFO - --- Iniciando Sistema de Generación de Audiencias ---
2026-05-22 10:01:14,576 - src.processor - INFO - Iniciando procesamiento de audiencias...
2026-05-22 10:01:14,590 - src.database - INFO - Intentando conectar a Teradata host: tdtvntg.claro.com.co...
2026-05-22 10:01:21,644 - src.database - INFO - Conexión a Teradata exitosa.
2026-05-22 10:01:21,653 - src.processor - INFO - Procesando: N_VAS_POS_MUS1MIM_S0 para fecha 2026-05-23 en carpeta 20260523
2026-05-22 10:01:41,738 - src.processor - INFO - Registros encontrados: 108184
2026-05-22 10:01:43,930 - src.processor - INFO - Archivo omitido por el usuario: N_VAS_POS_MUS1MIM260523_S0.txt
2026-05-22 10:01:43,931 - src.processor - INFO - Procesando: N_VAS_PRE_CDVTA1G_SL para fecha 2026-05-23 en carpeta 20260523
2026-05-22 10:02:00,023 - src.processor - INFO - Registros encontrados: 94032
2026-05-22 10:02:01,295 - src.processor - INFO - Archivo omitido por el usuario: N_VAS_PRE_CDVTA1G260523_SL.txt
2026-05-22 10:02:02,273 - src.database - INFO - Conexión cerrada.
2026-05-22 10:02:02,273 - src.processor - INFO - Proceso finalizado.
2026-05-22 10:02:02,281 - Main - INFO - --- Ejecución completada exitosamente ---
2026-05-22 10:02:24,263 - Main - INFO - --- Iniciando Sistema de Generación de Audiencias ---
2026-05-22 10:02:24,265 - src.processor - INFO - Iniciando procesamiento de audiencias...
2026-05-22 10:02:24,268 - src.database - INFO - Intentando conectar a Teradata host: tdtvntg.claro.com.co...
2026-05-22 10:02:28,010 - src.database - INFO - Conexión a Teradata exitosa.
2026-05-22 10:02:28,013 - src.processor - INFO - Procesando: C_VEN_PRE_MIGAAT2_RCS para fecha 2026-05-22 en carpeta 20260522
2026-05-22 10:02:41,740 - src.processor - INFO - Registros encontrados: 109836
2026-05-22 10:02:52,727 - src.processor - INFO - Archivo generado: C_VEN_PRE_MIGAAT2260522_RCS.txt (109836 registros)
2026-05-22 10:02:52,728 - src.processor - INFO - Procesando: C_VEN_PRE_MIGCTWB_RCS para fecha 2026-05-22 en carpeta 20260522
2026-05-22 10:03:05,816 - src.processor - INFO - Registros encontrados: 109836
2026-05-22 10:03:07,489 - src.processor - INFO - Archivo generado: C_VEN_PRE_MIGCTWB260522_RCS.txt (109836 registros)
2026-05-22 10:03:07,490 - src.processor - INFO - Procesando: C_VEN_PRE_MIGAATB_RCS para fecha 2026-05-22 en carpeta 20260522
2026-05-22 10:03:22,097 - src.processor - INFO - Registros encontrados: 109836
2026-05-22 10:03:41,518 - src.processor - INFO - Archivo generado: C_VEN_PRE_MIGAATB260522_RCS.txt (109836 registros)
2026-05-22 10:03:41,518 - src.processor - INFO - Procesando: C_VEN_PRE_MIGAATD_SL para fecha 2026-05-22 en carpeta 20260522
2026-05-22 10:03:57,667 - src.processor - INFO - Registros encontrados: 302508
2026-05-22 10:04:00,155 - src.processor - INFO - Archivo generado: C_VEN_PRE_MIGAATD260522_SL.txt (302508 registros)
2026-05-22 10:04:00,156 - src.processor - INFO - Procesando: C_VEN_PRE_MIGCTWB_SL para fecha 2026-05-22 en carpeta 20260522
2026-05-22 10:04:10,833 - src.processor - INFO - Registros encontrados: 16888
2026-05-22 10:04:16,146 - src.processor - INFO - Archivo generado: C_VEN_PRE_MIGCTWB260522_SL.txt (16888 registros)
2026-05-22 10:04:16,147 - src.processor - INFO - Procesando: C_VEN_PRE_MIGAATF_SL para fecha 2026-05-22 en carpeta 20260522
2026-05-22 10:04:33,018 - src.processor - INFO - Registros encontrados: 302508
2026-05-22 10:04:38,350 - src.processor - INFO - Archivo generado: C_VEN_PRE_MIGAATF260522_SL.txt (302508 registros)
2026-05-22 10:04:38,351 - src.processor - INFO - Procesando: C_VEN_PRE_MIGAATE_SL para fecha 2026-05-22 en carpeta 20260522
2026-05-22 10:04:57,701 - src.processor - INFO - Registros encontrados: 302508
2026-05-22 10:05:01,626 - src.processor - INFO - Archivo generado: C_VEN_PRE_MIGAATE260522_SL.txt (302508 registros)
2026-05-22 10:05:01,627 - src.processor - INFO - Procesando: C_VEN_PRE_MIGAAT2_SL para fecha 2026-05-22 en carpeta 20260522
2026-05-22 10:05:21,953 - src.processor - INFO - Registros encontrados: 302508
2026-05-22 10:05:25,536 - src.processor - INFO - Archivo generado: C_VEN_PRE_MIGAAT2260522_SL.txt (302508 registros)
2026-05-22 10:05:25,537 - src.processor - INFO - Procesando: C_VEN_PRE_MIGFUFA_WPP para fecha 2026-05-22 en carpeta 20260522
2026-05-22 10:05:34,250 - src.processor - INFO - Registros encontrados: 1111
2026-05-22 10:05:36,122 - src.processor - INFO - Archivo generado: C_VEN_PRE_MIGFUFA260522_WPP.txt (1111 registros)
2026-05-22 10:05:36,422 - src.database - INFO - Conexión cerrada.
2026-05-22 10:05:36,422 - src.processor - INFO - Proceso finalizado.
2026-05-22 10:05:36,422 - Main - INFO - --- Ejecución completada exitosamente ---
2026-05-25 08:55:56,878 - Main - INFO - --- Iniciando Sistema de Generación de Audiencias ---
2026-05-25 08:55:56,901 - src.processor - INFO - Iniciando procesamiento de audiencias...
2026-05-25 08:55:56,923 - src.database - INFO - Intentando conectar a Teradata host: tdtvntg.claro.com.co...
2026-05-25 08:55:59,495 - src.database - INFO - Conexión a Teradata exitosa.
2026-05-25 08:55:59,503 - src.processor - INFO - Procesando: C_VEN_PRE_3X1INCD_RCS para fecha 2026-05-25 en carpeta 20260525
2026-05-25 08:56:03,550 - src.processor - INFO - Registros encontrados: 66653
2026-05-25 08:56:03,586 - src.processor - INFO - Archivo generado: C_VEN_PRE_3X1INCD260525_RCS.txt (66653 registros)
2026-05-25 08:56:03,625 - src.database - INFO - Conexión cerrada.
2026-05-25 08:56:03,625 - src.processor - INFO - Proceso finalizado.
2026-05-25 08:56:03,629 - Main - INFO - --- Ejecución completada exitosamente ---
2026-05-25 12:11:07,614 - Main - INFO - --- Iniciando Sistema de Generación de Audiencias ---
2026-05-25 12:11:07,629 - src.processor - INFO - Iniciando procesamiento de audiencias...
2026-05-25 12:11:07,633 - src.database - INFO - Intentando conectar a Teradata host: tdtvntg.claro.com.co...
2026-05-25 12:11:09,080 - src.database - INFO - Conexión a Teradata exitosa.
2026-05-25 12:11:09,084 - src.processor - INFO - Procesando: C_VEN_PRE_MIGAAT1_RCS para fecha 2026-05-25 en carpeta 20260525
2026-05-25 12:11:17,796 - src.processor - INFO - Registros encontrados: 434734
2026-05-25 12:11:17,998 - src.processor - INFO - Archivo generado: C_VEN_PRE_MIGAAT1260525_RCS.txt (434734 registros)
2026-05-25 12:11:17,999 - src.processor - INFO - Procesando: C_VEN_PRE_MIGAATA_RCS para fecha 2026-05-25 en carpeta 20260525
2026-05-25 12:11:19,511 - src.processor - INFO - Registros encontrados: 14203
2026-05-25 12:11:19,519 - src.processor - INFO - Archivo generado: C_VEN_PRE_MIGAATA260525_RCS.txt (14203 registros)
2026-05-25 12:11:19,520 - src.processor - INFO - Procesando: C_VEN_PRE_MIGFFT1_SL para fecha 2026-05-25 en carpeta 20260525
2026-05-25 12:11:42,653 - src.processor - INFO - Registros encontrados: 1265153
2026-05-25 12:11:43,246 - src.processor - INFO - Archivo generado: C_VEN_PRE_MIGFFT1260525_SL.txt (1265153 registros)
2026-05-25 12:11:43,247 - src.processor - INFO - Procesando: C_VEN_PRE_MIGFFTB_SL para fecha 2026-05-25 en carpeta 20260525
2026-05-25 12:12:06,184 - src.processor - INFO - Registros encontrados: 1265153
2026-05-25 12:12:06,800 - src.processor - INFO - Archivo generado: C_VEN_PRE_MIGFFTB260525_SL.txt (1265153 registros)
2026-05-25 12:12:06,801 - src.processor - INFO - Procesando: C_VEN_PRE_MIGCTWA_RCS para fecha 2026-05-25 en carpeta 20260525
2026-05-25 12:12:11,307 - src.processor - INFO - Registros encontrados: 179942
2026-05-25 12:12:11,396 - src.processor - INFO - Archivo generado: C_VEN_PRE_MIGCTWA260525_RCS.txt (179942 registros)
2026-05-25 12:12:11,397 - src.processor - INFO - Procesando: C_VEN_PRE_MIGCTWA_SL para fecha 2026-05-25 en carpeta 20260525
2026-05-25 12:12:13,710 - src.processor - INFO - Registros encontrados: 59506
2026-05-25 12:12:13,739 - src.processor - INFO - Archivo generado: C_VEN_PRE_MIGCTWA260525_SL.txt (59506 registros)
2026-05-25 12:12:13,741 - src.processor - INFO - Procesando: C_VEN_PRE_MIGFFTA_SL para fecha 2026-05-25 en carpeta 20260525
2026-05-25 12:12:36,501 - src.processor - INFO - Registros encontrados: 1265150
2026-05-25 12:12:37,102 - src.processor - INFO - Archivo generado: C_VEN_PRE_MIGFFTA260525_SL.txt (1265150 registros)
2026-05-25 12:12:37,103 - src.processor - INFO - Procesando: C_VEN_PRE_MIGFFTC_SL para fecha 2026-05-25 en carpeta 20260525
2026-05-25 12:12:38,971 - src.processor - INFO - Registros encontrados: 28204
2026-05-25 12:12:38,987 - src.processor - INFO - Archivo generado: C_VEN_PRE_MIGFFTC260525_SL.txt (28204 registros)
2026-05-25 12:12:39,068 - src.database - INFO - Conexión cerrada.
2026-05-25 12:12:39,069 - src.processor - INFO - Proceso finalizado.
2026-05-25 12:12:39,073 - Main - INFO - --- Ejecución completada exitosamente ---
2026-05-25 13:33:06,333 - Main - INFO - --- Iniciando Sistema de Generación de Audiencias ---
2026-05-25 13:33:06,348 - src.processor - INFO - Iniciando procesamiento de audiencias...
2026-05-25 13:33:06,356 - src.database - INFO - Intentando conectar a Teradata host: tdtvntg.claro.com.co...
2026-05-25 13:33:07,876 - src.database - INFO - Conexión a Teradata exitosa.
2026-05-25 13:33:07,878 - src.processor - INFO - Procesando: C_VEN_PRE_3X1INCD_AP para fecha 2026-05-25 en carpeta 20260525
2026-05-25 13:33:17,155 - src.processor - INFO - Registros encontrados: 448440
2026-05-25 13:33:17,366 - src.processor - INFO - Archivo generado: C_VEN_PRE_3X1INCD260525_AP.txt (448440 registros)
2026-05-25 13:33:17,383 - src.database - INFO - Conexión cerrada.
2026-05-25 13:33:17,383 - src.processor - INFO - Proceso finalizado.
2026-05-25 13:33:17,406 - Main - INFO - --- Ejecución completada exitosamente ---
2026-05-25 13:42:48,251 - Main - INFO - --- Iniciando Sistema de Generación de Audiencias ---
2026-05-25 13:42:48,253 - src.processor - INFO - Iniciando procesamiento de audiencias...
2026-05-25 13:42:48,256 - src.database - INFO - Intentando conectar a Teradata host: tdtvntg.claro.com.co...
2026-05-25 13:42:49,748 - src.database - INFO - Conexión a Teradata exitosa.
2026-05-25 13:42:49,749 - src.processor - INFO - Procesando: C_VEN_PRE_3X1INCD_RCS para fecha 2026-05-25 en carpeta 20260525
2026-05-25 13:42:58,188 - src.processor - INFO - Registros encontrados: 366653
2026-05-25 13:43:27,444 - src.processor - INFO - Archivo generado: C_VEN_PRE_3X1INCD260525_RCS.txt (366653 registros)
2026-05-25 13:43:27,465 - src.database - INFO - Conexión cerrada.
2026-05-25 13:43:27,466 - src.processor - INFO - Proceso finalizado.
2026-05-25 13:43:27,482 - Main - INFO - --- Ejecución completada exitosamente ---
2026-05-25 15:16:31,496 - Main - INFO - --- Iniciando Sistema de Generación de Audiencias ---
2026-05-25 15:16:31,514 - src.processor - INFO - Iniciando procesamiento de audiencias...
2026-05-25 15:16:31,518 - src.database - INFO - Intentando conectar a Teradata host: tdtvntg.claro.com.co...
2026-05-25 15:16:33,102 - src.database - INFO - Conexión a Teradata exitosa.
2026-05-25 15:16:33,104 - src.processor - INFO - Procesando: C_VEN_PRE_MIGAAT1_RCS para fecha 2026-05-25 en carpeta 20260525
2026-05-25 15:16:52,515 - src.processor - INFO - Registros encontrados: 434734
2026-05-25 15:17:16,134 - src.processor - INFO - Archivo omitido por el usuario: C_VEN_PRE_MIGAAT1260525_RCS.txt
2026-05-25 15:17:16,135 - src.processor - INFO - Procesando: C_VEN_PRE_MIGAATA_RCS para fecha 2026-05-25 en carpeta 20260525
2026-05-25 15:17:18,924 - src.processor - INFO - Registros encontrados: 14203
2026-05-25 15:17:36,084 - src.processor - INFO - Archivo omitido por el usuario: C_VEN_PRE_MIGAATA260525_RCS.txt
2026-05-25 15:17:36,085 - src.processor - INFO - Procesando: C_VEN_PRE_MIGFFT1_SL para fecha 2026-05-25 en carpeta 20260525
2026-05-25 15:18:14,807 - src.processor - INFO - Registros encontrados: 1265153
2026-05-25 15:19:37,397 - src.processor - INFO - Archivo omitido por el usuario: C_VEN_PRE_MIGFFT1260525_SL.txt
2026-05-25 15:19:37,398 - src.processor - INFO - Procesando: C_VEN_PRE_MIGFFTB_SL para fecha 2026-05-25 en carpeta 20260525
2026-05-25 15:20:13,918 - src.processor - INFO - Registros encontrados: 1265153
2026-05-25 15:20:18,381 - src.processor - INFO - Archivo omitido por el usuario: C_VEN_PRE_MIGFFTB260525_SL.txt
2026-05-25 15:20:18,382 - src.processor - INFO - Procesando: C_VEN_PRE_MIGCTWA_RCS para fecha 2026-05-25 en carpeta 20260525
2026-05-25 15:20:27,733 - src.processor - INFO - Registros encontrados: 179942
2026-05-25 15:20:38,838 - src.processor - INFO - Archivo omitido por el usuario: C_VEN_PRE_MIGCTWA260525_RCS.txt
2026-05-25 15:20:38,838 - src.processor - INFO - Procesando: C_VEN_PRE_MIGCTWA_SL para fecha 2026-05-25 en carpeta 20260525
2026-05-25 15:20:42,649 - src.processor - INFO - Registros encontrados: 59506
2026-05-25 15:20:47,222 - src.processor - INFO - Archivo omitido por el usuario: C_VEN_PRE_MIGCTWA260525_SL.txt
2026-05-25 15:20:47,222 - src.processor - INFO - Procesando: C_VEN_PRE_MIGFFTA_SL para fecha 2026-05-25 en carpeta 20260525
2026-05-25 15:21:27,816 - src.processor - INFO - Registros encontrados: 1265150
2026-05-25 15:21:33,064 - src.processor - INFO - Archivo omitido por el usuario: C_VEN_PRE_MIGFFTA260525_SL.txt
2026-05-25 15:21:33,065 - src.processor - INFO - Procesando: C_VEN_PRE_MIGFFTC_SL para fecha 2026-05-25 en carpeta 20260525
2026-05-25 15:21:35,953 - src.processor - INFO - Registros encontrados: 28204
2026-05-25 15:21:40,490 - src.processor - INFO - Archivo omitido por el usuario: C_VEN_PRE_MIGFFTC260525_SL.txt
2026-05-25 15:21:40,491 - src.processor - INFO - Procesando: C_VEN_PRE_MIGPADA_WPP para fecha 2026-05-25 en carpeta 20260525
2026-05-25 15:21:42,560 - src.processor - INFO - Registros encontrados: 0
2026-05-25 15:21:42,560 - src.processor - WARNING - Registros insuficientes (0) para C_VEN_PRE_MIGPADA_WPP. Mínimo requerido: 50. Archivo NO generado.
2026-05-25 15:21:42,561 - src.processor - INFO - Procesando: C_VEN_PRE_MIGAAT2_SL para fecha 2026-05-25 en carpeta 20260525
2026-05-25 15:21:56,293 - src.processor - INFO - Registros encontrados: 458554
2026-05-25 15:21:56,508 - src.processor - INFO - Archivo generado: C_VEN_PRE_MIGAAT2260525_SL.txt (458554 registros)
2026-05-25 15:21:56,509 - src.processor - INFO - Procesando: C_VEN_POS_MIGQBAN_WPP para fecha 2026-05-25 en carpeta 20260525
2026-05-25 15:21:58,117 - src.processor - INFO - Registros encontrados: 4120
2026-05-25 15:21:58,120 - src.processor - INFO - Archivo generado: C_VEN_POS_MIGQBAN260525_WPP.txt (4120 registros)
2026-05-25 15:21:58,121 - src.processor - INFO - Procesando: C_VEN_PRE_MIGCTWB_SL para fecha 2026-05-25 en carpeta 20260525
2026-05-25 15:22:05,201 - src.processor - INFO - Registros encontrados: 235950
2026-05-25 15:22:05,387 - src.processor - INFO - Archivo generado: C_VEN_PRE_MIGCTWB260525_SL.txt (235950 registros)
2026-05-25 15:22:05,601 - src.database - INFO - Conexión cerrada.
2026-05-25 15:22:05,601 - src.processor - INFO - Proceso finalizado.
2026-05-25 15:22:05,613 - Main - INFO - --- Ejecución completada exitosamente ---
2026-05-26 09:14:29,872 - Main - INFO - --- Iniciando Sistema de Generación de Audiencias ---
2026-05-26 09:14:29,890 - src.processor - INFO - Iniciando procesamiento de audiencias...
2026-05-26 09:14:29,903 - src.database - INFO - Intentando conectar a Teradata host: tdtvntg.claro.com.co...
2026-05-26 09:14:32,200 - src.database - INFO - Conexión a Teradata exitosa.
2026-05-26 09:14:32,209 - src.processor - INFO - Procesando: C_VEN_EQU_CFIMOHP_AP para fecha 2026-05-26 en carpeta 20260526
2026-05-26 09:14:36,129 - src.processor - INFO - Registros encontrados: 35230
2026-05-26 09:14:46,902 - src.processor - INFO - Archivo omitido por el usuario: C_VEN_EQU_CFIMOHP260526_AP.txt
2026-05-26 09:14:46,903 - src.processor - INFO - Procesando: C_VEN_EQU_CFIMOHS_AP para fecha 2026-05-26 en carpeta 20260526
2026-05-26 09:14:54,979 - src.processor - INFO - Registros encontrados: 112191
2026-05-26 09:14:58,575 - src.processor - INFO - Archivo omitido por el usuario: C_VEN_EQU_CFIMOHS260526_AP.txt
2026-05-26 09:14:58,576 - src.processor - INFO - Procesando: C_VEN_EQU_ESTENHS_AP para fecha 2026-05-26 en carpeta 20260526
2026-05-26 09:15:01,385 - src.processor - INFO - Registros encontrados: 5187
2026-05-26 09:15:03,100 - src.processor - INFO - Archivo omitido por el usuario: C_VEN_EQU_ESTENHS260526_AP.txt
2026-05-26 09:15:03,102 - src.processor - INFO - Procesando: C_VEN_EQU_CFIMOHO_RCS para fecha 2026-05-26 en carpeta 20260526
2026-05-26 09:15:05,993 - src.processor - INFO - Registros encontrados: 20650
2026-05-26 09:15:07,629 - src.processor - INFO - Archivo omitido por el usuario: C_VEN_EQU_CFIMOHO260526_RCS.txt
2026-05-26 09:15:07,630 - src.processor - INFO - Procesando: C_VEN_EQU_ESTENHO_RCS para fecha 2026-05-26 en carpeta 20260526
2026-05-26 09:15:10,216 - src.processor - INFO - Registros encontrados: 2446
2026-05-26 09:15:11,405 - src.processor - INFO - Archivo omitido por el usuario: C_VEN_EQU_ESTENHO260526_RCS.txt
2026-05-26 09:15:11,406 - src.processor - INFO - Procesando: C_VEN_EQU_CFIAPHO_S0 para fecha 2026-05-26 en carpeta 20260526
2026-05-26 09:15:13,279 - src.processor - INFO - Registros encontrados: 9059
2026-05-26 09:15:14,973 - src.processor - INFO - Archivo omitido por el usuario: C_VEN_EQU_CFIAPHO260526_S0.txt
2026-05-26 09:15:14,974 - src.processor - INFO - Procesando: C_VEN_EQU_CLIEAHO_SL para fecha 2026-05-26 en carpeta 20260526
2026-05-26 09:15:18,643 - src.processor - INFO - Registros encontrados: 118069
2026-05-26 09:15:20,501 - src.processor - INFO - Archivo omitido por el usuario: C_VEN_EQU_CLIEAHO260526_SL.txt
2026-05-26 09:15:20,502 - src.processor - INFO - Procesando: C_VEN_EQU_LANZAHO_SL para fecha 2026-05-26 en carpeta 20260526
2026-05-26 09:15:23,587 - src.processor - INFO - Registros encontrados: 72114
2026-05-26 09:15:24,444 - src.processor - INFO - Archivo omitido por el usuario: C_VEN_EQU_LANZAHO260526_SL.txt
2026-05-26 09:15:24,445 - src.processor - INFO - Procesando: C_VEN_EQU_ESTENHO_SL para fecha 2026-05-26 en carpeta 20260526
2026-05-26 09:15:25,789 - src.processor - INFO - Registros encontrados: 3866
2026-05-26 09:15:27,972 - src.processor - INFO - Archivo omitido por el usuario: C_VEN_EQU_ESTENHO260526_SL.txt
2026-05-26 09:15:27,973 - src.processor - INFO - Procesando: C_VEN_EQU_CLIECHO_SL para fecha 2026-05-26 en carpeta 20260526
2026-05-26 09:15:29,644 - src.processor - INFO - Registros encontrados: 12891
2026-05-26 09:15:31,412 - src.processor - INFO - Archivo omitido por el usuario: C_VEN_EQU_CLIECHO260526_SL.txt
2026-05-26 09:15:31,413 - src.processor - INFO - Procesando: C_VEN_EQU_CFCEPOS_EP para fecha 2026-05-26 en carpeta 20260526
2026-05-26 09:16:05,173 - src.processor - INFO - Registros encontrados: 628414
2026-05-26 09:16:17,597 - src.processor - INFO - Archivo generado: C_VEN_EQU_CFCEPOS260526_EP.txt (628414 registros)
2026-05-26 09:16:17,599 - src.processor - INFO - Procesando: C_VEN_EQU_CFIMOPP_AP para fecha 2026-05-26 en carpeta 20260526
2026-05-26 09:16:22,904 - src.processor - INFO - Registros encontrados: 101588
2026-05-26 09:16:24,405 - src.processor - INFO - Archivo omitido por el usuario: C_VEN_EQU_CFIMOPP260526_AP.txt
2026-05-26 09:16:24,406 - src.processor - INFO - Procesando: C_VEN_EQU_ESTENPP_AP para fecha 2026-05-26 en carpeta 20260526
2026-05-26 09:16:26,875 - src.processor - INFO - Registros encontrados: 18557
2026-05-26 09:16:28,237 - src.processor - INFO - Archivo omitido por el usuario: C_VEN_EQU_ESTENPP260526_AP.txt
2026-05-26 09:16:28,238 - src.processor - INFO - Procesando: C_VEN_EQU_CFIMOPS_AP para fecha 2026-05-26 en carpeta 20260526
2026-05-26 09:16:34,145 - src.processor - INFO - Registros encontrados: 122335
2026-05-26 09:16:35,726 - src.processor - INFO - Archivo omitido por el usuario: C_VEN_EQU_CFIMOPS260526_AP.txt
2026-05-26 09:16:35,726 - src.processor - INFO - Procesando: C_VEN_EQU_CFIMOPO_RCS para fecha 2026-05-26 en carpeta 20260526
2026-05-26 09:16:38,206 - src.processor - INFO - Registros encontrados: 46959
2026-05-26 09:16:40,293 - src.processor - INFO - Archivo omitido por el usuario: C_VEN_EQU_CFIMOPO260526_RCS.txt
2026-05-26 09:16:40,294 - src.processor - INFO - Procesando: C_VEN_EQU_ESADDPO_RCS para fecha 2026-05-26 en carpeta 20260526
2026-05-26 09:16:42,531 - src.processor - INFO - Registros encontrados: 8621
2026-05-26 09:16:44,141 - src.processor - INFO - Archivo omitido por el usuario: C_VEN_EQU_ESADDPO260526_RCS.txt
2026-05-26 09:16:44,141 - src.processor - INFO - Procesando: C_VEN_EQU_CFIMOPO_S0 para fecha 2026-05-26 en carpeta 20260526
2026-05-26 09:16:47,832 - src.processor - INFO - Registros encontrados: 46236
2026-05-26 09:16:48,765 - src.processor - INFO - Archivo omitido por el usuario: C_VEN_EQU_CFIMOPO260526_S0.txt
2026-05-26 09:16:48,766 - src.processor - INFO - Procesando: C_VEN_EQU_CFIMOPO_SL para fecha 2026-05-26 en carpeta 20260526
2026-05-26 09:16:55,880 - src.processor - INFO - Registros encontrados: 175468
2026-05-26 09:16:58,965 - src.processor - INFO - Archivo omitido por el usuario: C_VEN_EQU_CFIMOPO260526_SL.txt
2026-05-26 09:16:58,966 - src.processor - INFO - Procesando: C_VEN_EQU_LANZAPO_SL para fecha 2026-05-26 en carpeta 20260526
2026-05-26 09:17:04,429 - src.processor - INFO - Registros encontrados: 103474
2026-05-26 09:17:08,190 - src.processor - INFO - Archivo omitido por el usuario: C_VEN_EQU_LANZAPO260526_SL.txt
2026-05-26 09:17:08,191 - src.processor - INFO - Procesando: C_VEN_EQU_ESADDPO_SL para fecha 2026-05-26 en carpeta 20260526
2026-05-26 09:17:10,603 - src.processor - INFO - Registros encontrados: 5110
2026-05-26 09:17:12,894 - src.processor - INFO - Archivo omitido por el usuario: C_VEN_EQU_ESADDPO260526_SL.txt
2026-05-26 09:17:13,053 - src.database - INFO - Conexión cerrada.
2026-05-26 09:17:13,053 - src.processor - INFO - Proceso finalizado.
2026-05-26 09:17:13,054 - Main - INFO - --- Ejecución completada exitosamente ---
2026-05-26 09:52:27,927 - Main - INFO - --- Iniciando Sistema de Generación de Audiencias ---
2026-05-26 09:52:27,940 - src.processor - INFO - Iniciando procesamiento de audiencias...
2026-05-26 09:52:27,945 - src.database - INFO - Intentando conectar a Teradata host: tdtvntg.claro.com.co...
2026-05-26 09:52:29,857 - src.database - INFO - Conexión a Teradata exitosa.
2026-05-26 09:52:29,859 - src.processor - INFO - Procesando: C_VEN_POS_TERMCPA_RCS para fecha 2026-05-26 en carpeta 20260526
2026-05-26 09:52:33,682 - src.processor - INFO - Registros encontrados: 51744
2026-05-26 09:52:33,708 - src.processor - INFO - Archivo generado: C_VEN_POS_TERMCPA260526_RCS.txt (51744 registros)
2026-05-26 09:52:33,708 - src.processor - INFO - Procesando: C_VEN_POS_TERMCPA_SL para fecha 2026-05-26 en carpeta 20260526
2026-05-26 09:52:39,604 - src.processor - INFO - Registros encontrados: 120916
2026-05-26 09:52:39,663 - src.processor - INFO - Archivo generado: C_VEN_POS_TERMCPA260526_SL.txt (120916 registros)
2026-05-26 09:52:39,664 - src.processor - INFO - Procesando: C_VEN_POS_TERMCPS_AP para fecha 2026-05-26 en carpeta 20260526
2026-05-26 09:52:51,836 - src.processor - INFO - Registros encontrados: 205914
2026-05-26 09:52:51,981 - src.processor - INFO - Archivo generado: C_VEN_POS_TERMCPS260526_AP.txt (205914 registros)
2026-05-26 09:52:52,757 - src.database - INFO - Conexión cerrada.
2026-05-26 09:52:52,757 - src.processor - INFO - Proceso finalizado.
2026-05-26 09:52:52,768 - Main - INFO - --- Ejecución completada exitosamente ---
2026-05-26 10:06:56,292 - Main - INFO - --- Iniciando Sistema de Generación de Audiencias ---
2026-05-26 10:06:56,306 - src.processor - INFO - Iniciando procesamiento de audiencias...
2026-05-26 10:06:56,310 - src.database - INFO - Intentando conectar a Teradata host: tdtvntg.claro.com.co...
2026-05-26 10:06:58,366 - src.database - INFO - Conexión a Teradata exitosa.
2026-05-26 10:06:58,368 - src.processor - INFO - Procesando: C_AUT_HOG_MERPRMA_WPP para fecha 2026-05-26 en carpeta 20260526
2026-05-26 10:07:08,561 - src.processor - INFO - Registros encontrados: 48971
2026-05-26 10:07:08,587 - src.processor - INFO - Archivo generado: C_AUT_HOG_MERPRMA260526_WPP.txt (48971 registros)
2026-05-26 10:07:08,588 - src.processor - INFO - Procesando: C_AUT_HOG_USOCCIM_S0 para fecha 2026-05-26 en carpeta 20260526
2026-05-26 10:07:17,277 - src.processor - INFO - Registros encontrados: 9398
2026-05-26 10:07:17,282 - src.processor - INFO - Archivo generado: C_AUT_HOG_USOCCIM260526_S0.txt (9398 registros)
2026-05-26 10:07:17,284 - src.processor - INFO - Procesando: C_AUT_POS_MERINMA_WPP para fecha 2026-05-26 en carpeta 20260526
2026-05-26 10:07:27,804 - src.processor - INFO - Registros encontrados: 126765
2026-05-26 10:07:27,868 - src.processor - INFO - Archivo generado: C_AUT_POS_MERINMA260526_WPP.txt (126765 registros)
2026-05-26 10:07:27,869 - src.processor - INFO - Procesando: C_AUT_POS_USOCCIS_AP para fecha 2026-05-26 en carpeta 20260526
2026-05-26 10:07:38,879 - src.processor - INFO - Registros encontrados: 30000
2026-05-26 10:07:38,908 - src.processor - INFO - Archivo generado: C_AUT_POS_USOCCIS260526_AP.txt (30000 registros)
2026-05-26 10:07:38,909 - src.processor - INFO - Procesando: C_AUT_PRE_MERINMA_WPP para fecha 2026-05-26 en carpeta 20260526
2026-05-26 10:07:48,917 - src.processor - INFO - Registros encontrados: 50000
2026-05-26 10:07:48,944 - src.processor - INFO - Archivo generado: C_AUT_PRE_MERINMA260526_WPP.txt (50000 registros)
2026-05-26 10:07:48,945 - src.processor - INFO - Procesando: C_AUT_PRE_MERIQMA_WPP para fecha 2026-05-26 en carpeta 20260526
2026-05-26 10:07:58,999 - src.processor - INFO - Registros encontrados: 45706
2026-05-26 10:07:59,025 - src.processor - INFO - Archivo generado: C_AUT_PRE_MERIQMA260526_WPP.txt (45706 registros)
2026-05-26 10:07:59,025 - src.processor - INFO - Procesando: C_MER_PRE_USOMIMA_WPP para fecha 2026-05-26 en carpeta 20260526
2026-05-26 10:08:08,147 - src.processor - INFO - Registros encontrados: 0
2026-05-26 10:08:08,147 - src.processor - WARNING - Registros insuficientes (0) para C_MER_PRE_USOMIMA_WPP. Mínimo requerido: 50. Archivo NO generado.
2026-05-26 10:08:08,148 - src.processor - INFO - Procesando: C_AUT_PRE_USOCA3A_SL para fecha 2026-05-26 en carpeta 20260526
2026-05-26 10:08:18,680 - src.processor - INFO - Registros encontrados: 30000
2026-05-26 10:08:18,696 - src.processor - INFO - Archivo generado: C_AUT_PRE_USOCA3A260526_SL.txt (30000 registros)
2026-05-26 10:08:18,697 - src.processor - INFO - Procesando: C_VEN_CON_OF41OFA_AP para fecha 2026-05-26 en carpeta 20260526
2026-05-26 10:08:25,535 - src.processor - INFO - Registros encontrados: 3617
2026-05-26 10:08:34,366 - src.processor - INFO - Archivo omitido por el usuario: C_VEN_CON_OF41OFA260526_AP.txt
2026-05-26 10:08:34,367 - src.processor - INFO - Procesando: C_VEN_HOG_VMBHO3P_AP para fecha 2026-05-26 en carpeta 20260526
2026-05-26 10:08:39,880 - src.processor - INFO - Registros encontrados: 291
2026-05-26 10:08:51,021 - src.processor - INFO - Archivo omitido por el usuario: C_VEN_HOG_VMBHO3P260526_AP.txt
2026-05-26 10:08:51,022 - src.processor - INFO - Procesando: C_VEN_CON_OF41OFB_AP para fecha 2026-05-26 en carpeta 20260526
2026-05-26 10:09:04,627 - src.processor - INFO - Registros encontrados: 34355
2026-05-26 10:09:23,070 - src.processor - INFO - Archivo omitido por el usuario: C_VEN_CON_OF41OFB260526_AP.txt
2026-05-26 10:09:23,071 - src.processor - INFO - Procesando: C_VEN_HOG_VMBHO3S_AP para fecha 2026-05-26 en carpeta 20260526
2026-05-26 10:09:34,524 - src.processor - INFO - Registros encontrados: 0
2026-05-26 10:09:34,524 - src.processor - WARNING - Registros insuficientes (0) para C_VEN_HOG_VMBHO3S_AP. Mínimo requerido: 50. Archivo NO generado.
2026-05-26 10:09:34,525 - src.processor - INFO - Procesando: C_VEN_HOG_VMBHO31_RCS para fecha 2026-05-26 en carpeta 20260526
2026-05-26 10:09:46,148 - src.processor - INFO - Registros encontrados: 1014
2026-05-26 10:09:50,165 - src.processor - INFO - Archivo omitido por el usuario: C_VEN_HOG_VMBHO31260526_RCS.txt
2026-05-26 10:09:50,166 - src.processor - INFO - Procesando: C_VEN_HOG_VMBHM4O_S0 para fecha 2026-05-26 en carpeta 20260526
2026-05-26 10:09:59,679 - src.processor - INFO - Registros encontrados: 8544
2026-05-26 10:10:05,662 - src.processor - INFO - Archivo omitido por el usuario: C_VEN_HOG_VMBHM4O260526_S0.txt
2026-05-26 10:10:05,662 - src.processor - INFO - Procesando: C_VEN_HOG_VMBHO31_S0 para fecha 2026-05-26 en carpeta 20260526
2026-05-26 10:10:16,151 - src.processor - INFO - Registros encontrados: 907
2026-05-26 10:10:19,119 - src.processor - INFO - Archivo omitido por el usuario: C_VEN_HOG_VMBHO31260526_S0.txt
2026-05-26 10:10:19,120 - src.processor - INFO - Procesando: C_VEN_HOG_VMBHO31_SL para fecha 2026-05-26 en carpeta 20260526
2026-05-26 10:10:30,568 - src.processor - INFO - Registros encontrados: 99
2026-05-26 10:10:34,621 - src.processor - INFO - Archivo omitido por el usuario: C_VEN_HOG_VMBHO31260526_SL.txt
2026-05-26 10:10:34,622 - src.processor - INFO - Procesando: C_VEN_CON_OF41OFA_SL para fecha 2026-05-26 en carpeta 20260526
2026-05-26 10:10:45,541 - src.processor - INFO - Registros encontrados: 80594
2026-05-26 10:10:48,414 - src.processor - INFO - Archivo omitido por el usuario: C_VEN_CON_OF41OFA260526_SL.txt
2026-05-26 10:10:48,416 - src.processor - INFO - Procesando: C_VEN_HOG_VMBHO31_WPP para fecha 2026-05-26 en carpeta 20260526
2026-05-26 10:10:56,133 - src.processor - INFO - Registros encontrados: 0
2026-05-26 10:10:56,133 - src.processor - WARNING - Registros insuficientes (0) para C_VEN_HOG_VMBHO31_WPP. Mínimo requerido: 50. Archivo NO generado.
2026-05-26 10:10:56,134 - src.processor - INFO - Procesando: C_VEN_POS_VBMA7MP_AP para fecha 2026-05-26 en carpeta 20260526
2026-05-26 10:11:04,822 - src.processor - INFO - Registros encontrados: 37555
2026-05-26 10:11:11,427 - src.processor - INFO - Archivo omitido por el usuario: C_VEN_POS_VBMA7MP260526_AP.txt
2026-05-26 10:11:11,427 - src.processor - INFO - Procesando: C_VEN_POS_VHBMO7P_AP para fecha 2026-05-26 en carpeta 20260526
2026-05-26 10:11:17,101 - src.processor - INFO - Registros encontrados: 20578
2026-05-26 10:11:21,518 - src.processor - INFO - Archivo omitido por el usuario: C_VEN_POS_VHBMO7P260526_AP.txt
2026-05-26 10:11:21,519 - src.processor - INFO - Procesando: C_VEN_POS_VHBMO7S_AP para fecha 2026-05-26 en carpeta 20260526
2026-05-26 10:11:26,513 - src.processor - INFO - Registros encontrados: 0
2026-05-26 10:11:26,513 - src.processor - WARNING - Registros insuficientes (0) para C_VEN_POS_VHBMO7S_AP. Mínimo requerido: 50. Archivo NO generado.
2026-05-26 10:11:26,514 - src.processor - INFO - Procesando: C_VEN_POS_VBMA7MS_AP para fecha 2026-05-26 en carpeta 20260526
2026-05-26 10:11:31,509 - src.processor - INFO - Registros encontrados: 0
2026-05-26 10:11:31,509 - src.processor - WARNING - Registros insuficientes (0) para C_VEN_POS_VBMA7MS_AP. Mínimo requerido: 50. Archivo NO generado.
2026-05-26 10:11:31,511 - src.processor - INFO - Procesando: C_VEN_POS_VHBMA72_RCS para fecha 2026-05-26 en carpeta 20260526
2026-05-26 10:11:37,371 - src.processor - INFO - Registros encontrados: 51660
2026-05-26 10:11:44,231 - src.processor - INFO - Archivo omitido por el usuario: C_VEN_POS_VHBMA72260526_RCS.txt
2026-05-26 10:11:44,232 - src.processor - INFO - Procesando: C_VEN_POS_VHBMO7A_RCS para fecha 2026-05-26 en carpeta 20260526
2026-05-26 10:11:52,558 - src.processor - INFO - Registros encontrados: 32430
2026-05-26 10:11:58,269 - src.processor - INFO - Archivo omitido por el usuario: C_VEN_POS_VHBMO7A260526_RCS.txt
2026-05-26 10:11:58,270 - src.processor - INFO - Procesando: C_VEN_POS_VHBMO7A_SL para fecha 2026-05-26 en carpeta 20260526
2026-05-26 10:12:04,894 - src.processor - INFO - Registros encontrados: 21797
2026-05-26 10:12:12,724 - src.processor - INFO - Archivo omitido por el usuario: C_VEN_POS_VHBMO7A260526_SL.txt
2026-05-26 10:12:12,724 - src.processor - INFO - Procesando: C_VEN_POS_VHBMA72_SL para fecha 2026-05-26 en carpeta 20260526
2026-05-26 10:12:20,723 - src.processor - INFO - Registros encontrados: 27115
2026-05-26 10:12:37,940 - src.processor - INFO - Archivo omitido por el usuario: C_VEN_POS_VHBMA72260526_SL.txt
2026-05-26 10:12:37,940 - src.processor - INFO - Procesando: C_VEN_POS_VHBMO5B_WPP para fecha 2026-05-26 en carpeta 20260526
2026-05-26 10:12:41,723 - src.processor - INFO - Registros encontrados: 0
2026-05-26 10:12:41,724 - src.processor - WARNING - Registros insuficientes (0) para C_VEN_POS_VHBMO5B_WPP. Mínimo requerido: 50. Archivo NO generado.
2026-05-26 10:12:41,725 - src.processor - INFO - Procesando: C_VEN_PRE_MIGAAT2_RCS para fecha 2026-05-26 en carpeta 20260526
2026-05-26 10:12:45,621 - src.processor - INFO - Registros encontrados: 0
2026-05-26 10:12:45,621 - src.processor - WARNING - Registros insuficientes (0) para C_VEN_PRE_MIGAAT2_RCS. Mínimo requerido: 50. Archivo NO generado.
2026-05-26 10:12:45,622 - src.processor - INFO - Procesando: C_VEN_PRE_MIGCTWB_RCS para fecha 2026-05-26 en carpeta 20260526
2026-05-26 10:12:53,093 - src.processor - INFO - Registros encontrados: 0
2026-05-26 10:12:53,093 - src.processor - WARNING - Registros insuficientes (0) para C_VEN_PRE_MIGCTWB_RCS. Mínimo requerido: 50. Archivo NO generado.
2026-05-26 10:12:53,094 - src.processor - INFO - Procesando: C_VEN_PRE_MIGAATB_RCS para fecha 2026-05-26 en carpeta 20260526
2026-05-26 10:13:05,554 - src.processor - INFO - Registros encontrados: 0
2026-05-26 10:13:05,554 - src.processor - WARNING - Registros insuficientes (0) para C_VEN_PRE_MIGAATB_RCS. Mínimo requerido: 50. Archivo NO generado.
2026-05-26 10:13:05,555 - src.processor - INFO - Procesando: C_VEN_PRE_MIGCTWB_SL para fecha 2026-05-26 en carpeta 20260526
2026-05-26 10:13:20,631 - src.processor - INFO - Registros encontrados: 0
2026-05-26 10:13:20,631 - src.processor - WARNING - Registros insuficientes (0) para C_VEN_PRE_MIGCTWB_SL. Mínimo requerido: 50. Archivo NO generado.
2026-05-26 10:13:20,632 - src.processor - INFO - Procesando: C_VEN_PRE_MIGFFTE_SL para fecha 2026-05-26 en carpeta 20260526
2026-05-26 10:13:34,635 - src.processor - INFO - Registros encontrados: 0
2026-05-26 10:13:34,635 - src.processor - WARNING - Registros insuficientes (0) para C_VEN_PRE_MIGFFTE_SL. Mínimo requerido: 50. Archivo NO generado.
2026-05-26 10:13:34,636 - src.processor - INFO - Procesando: C_VEN_PRE_MIGFFTF_SL para fecha 2026-05-26 en carpeta 20260526
2026-05-26 10:13:44,680 - src.processor - INFO - Registros encontrados: 0
2026-05-26 10:13:44,680 - src.processor - WARNING - Registros insuficientes (0) para C_VEN_PRE_MIGFFTF_SL. Mínimo requerido: 50. Archivo NO generado.
2026-05-26 10:13:44,682 - src.processor - INFO - Procesando: C_VEN_PRE_MIGFFT2_SL para fecha 2026-05-26 en carpeta 20260526
2026-05-26 10:13:50,557 - src.processor - INFO - Registros encontrados: 0
2026-05-26 10:13:50,558 - src.processor - WARNING - Registros insuficientes (0) para C_VEN_PRE_MIGFFT2_SL. Mínimo requerido: 50. Archivo NO generado.
2026-05-26 10:13:50,559 - src.processor - INFO - Procesando: C_VEN_PRE_MIGFFTD_SL para fecha 2026-05-26 en carpeta 20260526
2026-05-26 10:13:54,561 - src.processor - INFO - Registros encontrados: 0
2026-05-26 10:13:54,561 - src.processor - WARNING - Registros insuficientes (0) para C_VEN_PRE_MIGFFTD_SL. Mínimo requerido: 50. Archivo NO generado.
2026-05-26 10:13:54,562 - src.processor - INFO - Procesando: C_VEN_PRE_3X1INCD_AP para fecha 2026-05-26 en carpeta 20260526
2026-05-26 10:14:12,764 - src.processor - INFO - Registros encontrados: 448925
2026-05-26 10:14:17,646 - src.processor - INFO - Archivo omitido por el usuario: C_VEN_PRE_3X1INCD260526_AP.txt
2026-05-26 10:14:17,646 - src.processor - INFO - Procesando: C_VEN_PRE_3X1INCD_RCS para fecha 2026-05-26 en carpeta 20260526
2026-05-26 10:14:35,277 - src.processor - INFO - Registros encontrados: 500000
2026-05-26 10:14:41,445 - src.processor - INFO - Archivo omitido por el usuario: C_VEN_PRE_3X1INCD260526_RCS.txt
2026-05-26 10:14:41,445 - src.processor - INFO - Procesando: C_VEN_EQU_TR6MEHM_EP para fecha 2026-05-26 en carpeta 20260526
2026-05-26 10:14:53,778 - src.processor - INFO - Registros encontrados: 0
2026-05-26 10:14:53,779 - src.processor - WARNING - Registros insuficientes (0) para C_VEN_EQU_TR6MEHM_EP. Mínimo requerido: 50. Archivo NO generado.
2026-05-26 10:14:53,779 - src.processor - INFO - Procesando: C_INN_POS_PAYTRAC_SL para fecha 2026-05-26 en carpeta 20260526
2026-05-26 10:15:08,271 - src.processor - INFO - Registros encontrados: 183674
2026-05-26 10:15:15,295 - src.processor - INFO - Archivo omitido por el usuario: C_INN_POS_PAYTRAC260526_SL.txt
2026-05-26 10:15:15,296 - src.processor - INFO - Procesando: C_REN_POS_TREHSLT_SL para fecha 2026-05-26 en carpeta 20260526
2026-05-26 10:15:22,019 - src.processor - INFO - Registros encontrados: 15465
2026-05-26 10:15:29,431 - src.processor - INFO - Archivo omitido por el usuario: C_REN_POS_TREHSLT260526_SL.txt
2026-05-26 10:15:29,431 - src.processor - INFO - Procesando: C_INN_PRE_PAYTRAC_S0 para fecha 2026-05-26 en carpeta 20260526
2026-05-26 10:15:42,382 - src.processor - INFO - Registros encontrados: 300000
2026-05-26 10:15:47,071 - src.processor - INFO - Archivo omitido por el usuario: C_INN_PRE_PAYTRAC260526_S0.txt
2026-05-26 10:15:47,073 - src.processor - INFO - Procesando: N_AUT_HOG_USOTAMC_SL para fecha 2026-05-26 en carpeta 20260526
2026-05-26 10:15:54,179 - src.processor - INFO - Registros encontrados: 96397
2026-05-26 10:15:54,233 - src.processor - INFO - Archivo generado: N_AUT_HOG_USOTAMC260526_SL.txt (96397 registros)
2026-05-26 10:15:54,235 - src.processor - INFO - Procesando: N_AUT_POS_USOCDSS_AP para fecha 2026-05-26 en carpeta 20260526
2026-05-26 10:16:02,612 - src.processor - INFO - Registros encontrados: 94676
2026-05-26 10:16:02,668 - src.processor - INFO - Archivo generado: N_AUT_POS_USOCDSS260526_AP.txt (94676 registros)
2026-05-26 10:16:02,669 - src.processor - INFO - Procesando: N_AUT_POS_USORETA_SL para fecha 2026-05-26 en carpeta 20260526
2026-05-26 10:16:08,792 - src.processor - INFO - Registros encontrados: 93317
2026-05-26 10:16:08,839 - src.processor - INFO - Archivo generado: N_AUT_POS_USORETA260526_SL.txt (93317 registros)
2026-05-26 10:16:08,840 - src.processor - INFO - Procesando: N_VAS_HOG_CDVEALC_S0 para fecha 2026-05-26 en carpeta 20260526
2026-05-26 10:16:12,537 - src.processor - INFO - Registros encontrados: 44836
2026-05-26 10:16:12,559 - src.processor - INFO - Archivo generado: N_VAS_HOG_CDVEALC260526_S0.txt (44836 registros)
2026-05-26 10:16:12,560 - src.processor - INFO - Procesando: N_VAS_HOG_VIDRYFP_AP para fecha 2026-05-26 en carpeta 20260526
2026-05-26 10:16:16,828 - src.processor - INFO - Registros encontrados: 100000
2026-05-26 10:16:16,878 - src.processor - INFO - Archivo generado: N_VAS_HOG_VIDRYFP260526_AP.txt (100000 registros)
2026-05-26 10:16:16,879 - src.processor - INFO - Procesando: N_VAS_HOG_VIDRAYF_SL para fecha 2026-05-26 en carpeta 20260526
2026-05-26 10:16:24,435 - src.processor - INFO - Registros encontrados: 45259
2026-05-26 10:16:24,460 - src.processor - INFO - Archivo generado: N_VAS_HOG_VIDRAYF260526_SL.txt (45259 registros)
2026-05-26 10:16:24,461 - src.processor - INFO - Procesando: N_VAS_PRE_MUSGRVM_RCS para fecha 2026-05-26 en carpeta 20260526
2026-05-26 10:16:39,114 - src.processor - INFO - Registros encontrados: 283048
2026-05-26 10:16:39,248 - src.processor - INFO - Archivo generado: N_VAS_PRE_MUSGRVM260526_RCS.txt (283048 registros)
2026-05-26 10:16:39,618 - src.database - INFO - Conexión cerrada.
2026-05-26 10:16:39,618 - src.processor - INFO - Proceso finalizado.
2026-05-26 10:16:39,632 - Main - INFO - --- Ejecución completada exitosamente ---
2026-05-26 10:24:32,435 - Main - INFO - --- Iniciando Sistema de Generación de Audiencias ---
2026-05-26 10:24:32,449 - src.processor - INFO - Iniciando procesamiento de audiencias...
2026-05-26 10:24:32,452 - src.database - INFO - Intentando conectar a Teradata host: tdtvntg.claro.com.co...
2026-05-26 10:24:36,054 - src.database - INFO - Conexión a Teradata exitosa.
2026-05-26 10:24:36,056 - src.processor - INFO - Procesando: C_REN_POS_OTTPVCA_WPP para fecha 2026-05-26 en carpeta 20260526
2026-05-26 10:24:39,134 - src.processor - INFO - Registros encontrados: 150
2026-05-26 10:24:39,135 - src.processor - INFO - Archivo generado: C_REN_POS_OTTPVCA260526_WPP.txt (150 registros)
2026-05-26 10:24:39,137 - src.processor - INFO - Procesando: C_REN_POS_OTTPVCB_WPP para fecha 2026-05-26 en carpeta 20260526
2026-05-26 10:24:41,201 - src.processor - INFO - Registros encontrados: 150
2026-05-26 10:24:41,201 - src.processor - INFO - Archivo generado: C_REN_POS_OTTPVCB260526_WPP.txt (150 registros)
2026-05-26 10:24:41,302 - src.database - INFO - Conexión cerrada.
2026-05-26 10:24:41,303 - src.processor - INFO - Proceso finalizado.
2026-05-26 10:24:41,303 - Main - INFO - --- Ejecución completada exitosamente ---
2026-05-26 12:04:30,496 - Main - INFO - --- Iniciando Sistema de Generación de Audiencias ---
2026-05-26 12:04:30,517 - src.processor - INFO - Iniciando procesamiento de audiencias...
2026-05-26 12:04:30,517 - src.database - INFO - Intentando conectar a Teradata host: tdtvntg.claro.com.co...
2026-05-26 12:04:32,000 - src.database - INFO - Conexión a Teradata exitosa.
2026-05-26 12:04:32,007 - src.processor - INFO - Procesando: C_VEN_EQU_ESCAVPP_AP para fecha 2026-05-26 en carpeta 20260526
2026-05-26 12:04:38,797 - src.processor - INFO - Registros encontrados: 205717
2026-05-26 12:04:38,899 - src.processor - INFO - Archivo generado: C_VEN_EQU_ESCAVPP260526_AP.txt (205717 registros)
2026-05-26 12:04:38,975 - src.database - INFO - Conexión cerrada.
2026-05-26 12:04:38,975 - src.processor - INFO - Proceso finalizado.
2026-05-26 12:04:38,986 - Main - INFO - --- Ejecución completada exitosamente ---
2026-05-26 12:59:43,777 - Main - INFO - --- Iniciando Sistema de Generación de Audiencias ---
2026-05-26 12:59:43,791 - src.processor - INFO - Iniciando procesamiento de audiencias...
2026-05-26 12:59:43,811 - src.database - INFO - Intentando conectar a Teradata host: tdtvntg.claro.com.co...
2026-05-26 12:59:46,101 - src.database - INFO - Conexión a Teradata exitosa.
2026-05-26 12:59:46,105 - src.processor - INFO - Procesando: C_AUT_HOG_MERINMA_WPP para fecha 2026-05-27 en carpeta 20260527
2026-05-26 12:59:47,996 - src.processor - INFO - Registros encontrados: 1418
2026-05-26 12:59:47,998 - src.processor - INFO - Archivo generado: C_AUT_HOG_MERINMA260527_WPP.txt (1418 registros)
2026-05-26 12:59:48,000 - src.processor - INFO - Procesando: C_AUT_POS_MERIQMA_WPP para fecha 2026-05-27 en carpeta 20260527
2026-05-26 12:59:49,720 - src.processor - INFO - Registros encontrados: 8648
2026-05-26 12:59:49,726 - src.processor - INFO - Archivo generado: C_AUT_POS_MERIQMA260527_WPP.txt (8648 registros)
2026-05-26 12:59:49,727 - src.processor - INFO - Procesando: C_AUT_POS_MERBIMA_WPP para fecha 2026-05-27 en carpeta 20260527
2026-05-26 12:59:51,544 - src.processor - INFO - Registros encontrados: 7456
2026-05-26 12:59:51,549 - src.processor - INFO - Archivo generado: C_AUT_POS_MERBIMA260527_WPP.txt (7456 registros)
2026-05-26 12:59:51,550 - src.processor - INFO - Procesando: C_AUT_POS_MERPRMA_WPP para fecha 2026-05-27 en carpeta 20260527
2026-05-26 12:59:53,475 - src.processor - INFO - Registros encontrados: 7799
2026-05-26 12:59:53,482 - src.processor - INFO - Archivo generado: C_AUT_POS_MERPRMA260527_WPP.txt (7799 registros)
2026-05-26 12:59:53,483 - src.processor - INFO - Procesando: C_AUT_POS_MERMEMA_WPP para fecha 2026-05-27 en carpeta 20260527
2026-05-26 12:59:55,317 - src.processor - INFO - Registros encontrados: 15423
2026-05-26 12:59:55,326 - src.processor - INFO - Archivo generado: C_AUT_POS_MERMEMA260527_WPP.txt (15423 registros)
2026-05-26 12:59:55,327 - src.processor - INFO - Procesando: C_AUT_POS_USOMDMA_WPP para fecha 2026-05-27 en carpeta 20260527
2026-05-26 12:59:56,673 - src.processor - INFO - Registros encontrados: 4434
2026-05-26 12:59:56,677 - src.processor - INFO - Archivo generado: C_AUT_POS_USOMDMA260527_WPP.txt (4434 registros)
2026-05-26 12:59:56,679 - src.processor - INFO - Procesando: C_AUT_PRE_MERIACM_WPP para fecha 2026-05-27 en carpeta 20260527
2026-05-26 12:59:58,096 - src.processor - INFO - Registros encontrados: 61
2026-05-26 12:59:58,097 - src.processor - INFO - Archivo generado: C_AUT_PRE_MERIACM260527_WPP.txt (61 registros)
2026-05-26 12:59:58,140 - src.database - INFO - Conexión cerrada.
2026-05-26 12:59:58,140 - src.processor - INFO - Proceso finalizado.
2026-05-26 12:59:58,141 - Main - INFO - --- Ejecución completada exitosamente ---
2026-05-26 14:16:48,594 - Main - INFO - --- Iniciando Sistema de Generación de Audiencias ---
2026-05-26 14:16:48,616 - src.processor - INFO - Iniciando procesamiento de audiencias...
2026-05-26 14:16:48,627 - src.database - INFO - Intentando conectar a Teradata host: tdtvntg.claro.com.co...
2026-05-26 14:16:52,208 - src.database - INFO - Conexión a Teradata exitosa.
2026-05-26 14:16:52,217 - src.processor - INFO - Procesando: C_VEN_POS_MIGQBAN_WPP para fecha 2026-05-26 en carpeta 20260526
2026-05-26 14:16:53,901 - src.processor - INFO - Registros encontrados: 3807
2026-05-26 14:16:53,905 - src.processor - INFO - Archivo generado: C_VEN_POS_MIGQBAN260526_WPP.txt (3807 registros)
2026-05-26 14:16:53,906 - src.processor - INFO - Procesando: C_VEN_PRE_MIGAAT1_RCS para fecha 2026-05-26 en carpeta 20260526
2026-05-26 14:17:13,662 - src.processor - INFO - Registros encontrados: 404764
2026-05-26 14:17:13,850 - src.processor - INFO - Archivo generado: C_VEN_PRE_MIGAAT1260526_RCS.txt (404764 registros)
2026-05-26 14:17:13,850 - src.processor - INFO - Procesando: C_VEN_PRE_MIGAATA_RCS para fecha 2026-05-26 en carpeta 20260526
2026-05-26 14:17:15,653 - src.processor - INFO - Registros encontrados: 13206
2026-05-26 14:17:15,662 - src.processor - INFO - Archivo generado: C_VEN_PRE_MIGAATA260526_RCS.txt (13206 registros)
2026-05-26 14:17:15,665 - src.processor - INFO - Procesando: C_VEN_PRE_MIGCTWA_RCS para fecha 2026-05-26 en carpeta 20260526
2026-05-26 14:17:22,620 - src.processor - INFO - Registros encontrados: 167611
2026-05-26 14:17:22,689 - src.processor - INFO - Archivo generado: C_VEN_PRE_MIGCTWA260526_RCS.txt (167611 registros)
2026-05-26 14:17:22,689 - src.processor - INFO - Procesando: C_VEN_PRE_MIGFFT1_SL para fecha 2026-05-26 en carpeta 20260526
2026-05-26 14:18:13,688 - src.processor - INFO - Registros encontrados: 1183033
2026-05-26 14:18:14,262 - src.processor - INFO - Archivo generado: C_VEN_PRE_MIGFFT1260526_SL.txt (1183033 registros)
2026-05-26 14:18:14,263 - src.processor - INFO - Procesando: C_VEN_PRE_MIGFFTB_SL para fecha 2026-05-26 en carpeta 20260526
2026-05-26 14:18:54,447 - src.processor - INFO - Registros encontrados: 1183617
2026-05-26 14:18:55,057 - src.processor - INFO - Archivo generado: C_VEN_PRE_MIGFFTB260526_SL.txt (1183617 registros)
2026-05-26 14:18:55,058 - src.processor - INFO - Procesando: C_VEN_PRE_MIGCTWA_SL para fecha 2026-05-26 en carpeta 20260526
2026-05-26 14:18:57,555 - src.processor - INFO - Registros encontrados: 55391
2026-05-26 14:18:57,581 - src.processor - INFO - Archivo generado: C_VEN_PRE_MIGCTWA260526_SL.txt (55391 registros)
2026-05-26 14:18:57,582 - src.processor - INFO - Procesando: C_VEN_PRE_MIGFFTA_SL para fecha 2026-05-26 en carpeta 20260526
2026-05-26 14:19:39,731 - src.processor - INFO - Registros encontrados: 1183135
2026-05-26 14:19:40,285 - src.processor - INFO - Archivo generado: C_VEN_PRE_MIGFFTA260526_SL.txt (1183135 registros)
2026-05-26 14:19:40,286 - src.processor - INFO - Procesando: C_VEN_PRE_MIGFFTC_SL para fecha 2026-05-26 en carpeta 20260526
2026-05-26 14:19:42,226 - src.processor - INFO - Registros encontrados: 26266
2026-05-26 14:19:42,242 - src.processor - INFO - Archivo generado: C_VEN_PRE_MIGFFTC260526_SL.txt (26266 registros)
2026-05-26 14:19:42,243 - src.processor - INFO - Procesando: C_VEN_PRE_MIGAAT2_SL para fecha 2026-05-26 en carpeta 20260526
2026-05-26 14:19:59,617 - src.processor - INFO - Registros encontrados: 426891
2026-05-26 14:19:59,852 - src.processor - INFO - Archivo generado: C_VEN_PRE_MIGAAT2260526_SL.txt (426891 registros)
2026-05-26 14:19:59,853 - src.processor - INFO - Procesando: C_VEN_PRE_MIGCTWB_SL para fecha 2026-05-26 en carpeta 20260526
2026-05-26 14:20:06,685 - src.processor - INFO - Registros encontrados: 219800
2026-05-26 14:20:06,797 - src.processor - INFO - Archivo generado: C_VEN_PRE_MIGCTWB260526_SL.txt (219800 registros)
2026-05-26 14:20:06,822 - src.database - INFO - Conexión cerrada.
2026-05-26 14:20:06,822 - src.processor - INFO - Proceso finalizado.
2026-05-26 14:20:06,833 - Main - INFO - --- Ejecución completada exitosamente ---
2026-05-26 15:21:51,428 - Main - INFO - --- Iniciando Sistema de Generación de Audiencias ---
2026-05-26 15:21:51,462 - src.processor - INFO - Iniciando procesamiento de audiencias...
2026-05-26 15:21:51,490 - src.database - INFO - Intentando conectar a Teradata host: tdtvntg.claro.com.co...
2026-05-26 15:21:54,967 - src.database - INFO - Conexión a Teradata exitosa.
2026-05-26 15:21:54,978 - src.processor - INFO - Procesando: C_VEN_POS_VHBMM8A_S0 para fecha 2026-05-26 en carpeta 20260526
2026-05-26 15:22:06,545 - src.processor - INFO - Registros encontrados: 220594
2026-05-26 15:22:06,781 - src.processor - INFO - Archivo generado: C_VEN_POS_VHBMM8A260526_S0.txt (220594 registros)
2026-05-26 15:22:06,782 - src.processor - INFO - Procesando: C_VEN_POS_VHBMO8M_RCS para fecha 2026-05-26 en carpeta 20260526
2026-05-26 15:22:23,779 - src.processor - INFO - Registros encontrados: 323785
2026-05-26 15:22:24,172 - src.processor - INFO - Archivo generado: C_VEN_POS_VHBMO8M260526_RCS.txt (323785 registros)
2026-05-26 15:22:24,172 - src.processor - INFO - Procesando: C_VEN_POS_VHBMO8P_AP para fecha 2026-05-26 en carpeta 20260526
2026-05-26 15:22:30,239 - src.processor - INFO - Registros encontrados: 112459
2026-05-26 15:22:30,361 - src.processor - INFO - Archivo generado: C_VEN_POS_VHBMO8P260526_AP.txt (112459 registros)
2026-05-26 15:22:30,362 - src.processor - INFO - Procesando: C_VEN_POS_VHBMO8S_AP para fecha 2026-05-26 en carpeta 20260526
2026-05-26 15:22:31,985 - src.processor - INFO - Registros encontrados: 225
2026-05-26 15:22:31,988 - src.processor - INFO - Archivo generado: C_VEN_POS_VHBMO8S260526_AP.txt (225 registros)
2026-05-26 15:22:32,159 - src.database - INFO - Conexión cerrada.
2026-05-26 15:22:32,159 - src.processor - INFO - Proceso finalizado.
2026-05-26 15:22:32,160 - Main - INFO - --- Ejecución completada exitosamente ---
2026-05-26 15:33:17,081 - Main - INFO - --- Iniciando Sistema de Generación de Audiencias ---
2026-05-26 15:33:17,083 - src.processor - INFO - Iniciando procesamiento de audiencias...
2026-05-26 15:33:17,090 - src.database - INFO - Intentando conectar a Teradata host: tdtvntg.claro.com.co...
2026-05-26 15:33:18,713 - src.database - INFO - Conexión a Teradata exitosa.
2026-05-26 15:33:18,716 - src.processor - INFO - Procesando: C_CLU_PRE_ENTRCFM_SL para fecha 2026-05-26 en carpeta 20260526
2026-05-26 15:33:34,905 - src.processor - INFO - Registros encontrados: 319795
2026-05-26 15:33:35,339 - src.processor - INFO - Archivo generado: C_CLU_PRE_ENTRCFM260526_SL.txt (319795 registros)
2026-05-26 15:33:35,518 - src.database - INFO - Conexión cerrada.
2026-05-26 15:33:35,518 - src.processor - INFO - Proceso finalizado.
2026-05-26 15:33:35,543 - Main - INFO - --- Ejecución completada exitosamente ---
2026-05-26 16:23:15,275 - Main - INFO - --- Iniciando Sistema de Generación de Audiencias ---
2026-05-26 16:23:15,317 - src.processor - INFO - Iniciando procesamiento de audiencias...
2026-05-26 16:23:15,345 - src.database - INFO - Intentando conectar a Teradata host: tdtvntg.claro.com.co...
2026-05-26 16:23:19,881 - src.database - INFO - Conexión a Teradata exitosa.
2026-05-26 16:23:19,893 - src.processor - INFO - Procesando: N_AUT_HOG_USORETA_S0 para fecha 2026-05-27 en carpeta 20260527
2026-05-26 16:23:25,337 - src.processor - INFO - Registros encontrados: 100000
2026-05-26 16:23:42,771 - src.processor - INFO - Archivo omitido por el usuario: N_AUT_HOG_USORETA260527_S0.txt
2026-05-26 16:23:42,771 - src.processor - INFO - Procesando: N_AUT_POS_USORETA_S0 para fecha 2026-05-27 en carpeta 20260527
2026-05-26 16:23:48,083 - src.processor - INFO - Registros encontrados: 100000
2026-05-26 16:23:53,464 - src.processor - INFO - Archivo omitido por el usuario: N_AUT_POS_USORETA260527_S0.txt
2026-05-26 16:23:53,465 - src.processor - INFO - Procesando: N_VEN_POS_VHBMEEP_AP para fecha 2026-05-27 en carpeta 20260527
2026-05-26 16:23:58,638 - src.processor - INFO - Registros encontrados: 100000
2026-05-26 16:24:00,921 - src.processor - INFO - Archivo omitido por el usuario: N_VEN_POS_VHBMEEP260527_AP.txt
2026-05-26 16:24:00,921 - src.processor - INFO - Procesando: N_VAS_POS_CDVEALC_S0 para fecha 2026-05-27 en carpeta 20260527
2026-05-26 16:24:06,179 - src.processor - INFO - Registros encontrados: 100000
2026-05-26 16:24:11,323 - src.processor - INFO - Archivo omitido por el usuario: N_VAS_POS_CDVEALC260527_S0.txt
2026-05-26 16:24:11,325 - src.processor - INFO - Procesando: N_VAS_POS_MUSGRAM_RCS para fecha 2026-05-27 en carpeta 20260527
2026-05-26 16:24:16,296 - src.processor - INFO - Registros encontrados: 100000
2026-05-26 16:24:24,482 - src.processor - INFO - Archivo omitido por el usuario: N_VAS_POS_MUSGRAM260527_RCS.txt
2026-05-26 16:24:24,484 - src.processor - INFO - Procesando: N_VAS_POS_VIDRYFP_AP para fecha 2026-05-27 en carpeta 20260527
2026-05-26 16:24:29,921 - src.processor - INFO - Registros encontrados: 100000
2026-05-26 16:24:37,901 - src.processor - INFO - Archivo omitido por el usuario: N_VAS_POS_VIDRYFP260527_AP.txt
2026-05-26 16:24:37,902 - src.processor - INFO - Procesando: N_VAS_POS_VIDRAYF_SL para fecha 2026-05-27 en carpeta 20260527
2026-05-26 16:24:42,945 - src.processor - INFO - Registros encontrados: 100000
2026-05-26 16:24:45,734 - src.processor - INFO - Archivo omitido por el usuario: N_VAS_POS_VIDRAYF260527_SL.txt
2026-05-26 16:24:45,777 - src.database - INFO - Conexión cerrada.
2026-05-26 16:24:45,778 - src.processor - INFO - Proceso finalizado.
2026-05-26 16:24:45,782 - Main - INFO - --- Ejecución completada exitosamente ---
2026-05-26 16:29:45,551 - Main - INFO - --- Iniciando Sistema de Generación de Audiencias ---
2026-05-26 16:29:45,554 - src.processor - INFO - Iniciando procesamiento de audiencias...
2026-05-26 16:29:45,561 - src.database - INFO - Intentando conectar a Teradata host: tdtvntg.claro.com.co...
2026-05-26 16:29:49,317 - src.database - INFO - Conexión a Teradata exitosa.
2026-05-26 16:29:49,320 - src.processor - INFO - Procesando: N_VAS_POS_MUSGRAM_RCS para fecha 2026-05-27 en carpeta 20260527
2026-05-26 16:30:03,524 - src.processor - INFO - Registros encontrados: 300000
2026-05-26 16:30:06,877 - src.processor - INFO - Archivo generado: N_VAS_POS_MUSGRAM260527_RCS.txt (300000 registros)
2026-05-26 16:30:06,931 - src.database - INFO - Conexión cerrada.
2026-05-26 16:30:06,931 - src.processor - INFO - Proceso finalizado.
2026-05-26 16:30:06,961 - Main - INFO - --- Ejecución completada exitosamente ---
2026-05-26 17:57:46,928 - Main - INFO - --- Iniciando Sistema de Generación de Audiencias ---
2026-05-26 17:57:46,944 - src.processor - INFO - Iniciando procesamiento de audiencias...
2026-05-26 17:57:46,951 - src.database - INFO - Intentando conectar a Teradata host: tdtvntg.claro.com.co...
2026-05-26 17:57:48,466 - src.database - INFO - Conexión a Teradata exitosa.
2026-05-26 17:57:48,475 - src.processor - INFO - Procesando: C_AUT_HOG_MERIACP_AP para fecha 2026-05-27 en carpeta 20260527
2026-05-26 17:57:49,865 - src.processor - INFO - Registros encontrados: 3913
2026-05-26 17:57:49,868 - src.processor - INFO - Archivo generado: C_AUT_HOG_MERIACP260527_AP.txt (3913 registros)
2026-05-26 17:57:49,869 - src.processor - INFO - Procesando: C_AUT_POS_MERIACP_AP para fecha 2026-05-27 en carpeta 20260527
2026-05-26 17:57:51,325 - src.processor - INFO - Registros encontrados: 10223
2026-05-26 17:57:51,335 - src.processor - INFO - Archivo generado: C_AUT_POS_MERIACP260527_AP.txt (10223 registros)
2026-05-26 17:57:51,335 - src.processor - INFO - Procesando: C_AUT_PRE_MERIACP_AP para fecha 2026-05-27 en carpeta 20260527
2026-05-26 17:57:52,650 - src.processor - INFO - Registros encontrados: 2440
2026-05-26 17:57:52,653 - src.processor - INFO - Archivo generado: C_AUT_PRE_MERIACP260527_AP.txt (2440 registros)
2026-05-26 17:57:52,654 - src.processor - INFO - Procesando: C_AUT_HOG_MERIACS_AP para fecha 2026-05-27 en carpeta 20260527
2026-05-26 17:57:54,244 - src.processor - INFO - Registros encontrados: 7717
2026-05-26 17:57:54,252 - src.processor - INFO - Archivo generado: C_AUT_HOG_MERIACS260527_AP.txt (7717 registros)
2026-05-26 17:57:54,253 - src.processor - INFO - Procesando: C_AUT_POS_MERIACS_AP para fecha 2026-05-27 en carpeta 20260527
2026-05-26 17:57:56,057 - src.processor - INFO - Registros encontrados: 17246
2026-05-26 17:57:56,070 - src.processor - INFO - Archivo generado: C_AUT_POS_MERIACS260527_AP.txt (17246 registros)
2026-05-26 17:57:56,071 - src.processor - INFO - Procesando: C_AUT_PRE_MERIACS_AP para fecha 2026-05-27 en carpeta 20260527
2026-05-26 17:57:57,459 - src.processor - INFO - Registros encontrados: 0
2026-05-26 17:57:57,459 - src.processor - WARNING - Registros insuficientes (0) para C_AUT_PRE_MERIACS_AP. Mínimo requerido: 50. Archivo NO generado.
2026-05-26 17:57:57,460 - src.processor - INFO - Procesando: C_MER_HOG_ENTRMIM_RCS para fecha 2026-05-27 en carpeta 20260527
2026-05-26 17:57:58,841 - src.processor - INFO - Registros encontrados: 3482
2026-05-26 17:57:58,844 - src.processor - INFO - Archivo generado: C_MER_HOG_ENTRMIM260527_RCS.txt (3482 registros)
2026-05-26 17:57:58,845 - src.processor - INFO - Procesando: C_AUT_HOG_MERPRMA_RCS para fecha 2026-05-27 en carpeta 20260527
2026-05-26 17:58:00,195 - src.processor - INFO - Registros encontrados: 3326
2026-05-26 17:58:00,198 - src.processor - INFO - Archivo generado: C_AUT_HOG_MERPRMA260527_RCS.txt (3326 registros)
2026-05-26 17:58:00,200 - src.processor - INFO - Procesando: C_AUT_POS_MERPRMA_RCS para fecha 2026-05-27 en carpeta 20260527
2026-05-26 17:58:01,817 - src.processor - INFO - Registros encontrados: 15658
2026-05-26 17:58:01,827 - src.processor - INFO - Archivo generado: C_AUT_POS_MERPRMA260527_RCS.txt (15658 registros)
2026-05-26 17:58:01,828 - src.processor - INFO - Procesando: C_AUT_PRE_MERPRMA_RCS para fecha 2026-05-27 en carpeta 20260527
2026-05-26 17:58:03,353 - src.processor - INFO - Registros encontrados: 8223
2026-05-26 17:58:03,359 - src.processor - INFO - Archivo generado: C_AUT_PRE_MERPRMA260527_RCS.txt (8223 registros)
2026-05-26 17:58:03,532 - src.database - INFO - Conexión cerrada.
2026-05-26 17:58:03,532 - src.processor - INFO - Proceso finalizado.
2026-05-26 17:58:03,533 - Main - INFO - --- Ejecución completada exitosamente ---
2026-05-26 18:24:41,384 - Main - INFO - --- Iniciando Sistema de Generación de Audiencias ---
2026-05-26 18:24:41,399 - src.processor - INFO - Iniciando procesamiento de audiencias...
2026-05-26 18:24:41,399 - src.database - INFO - Intentando conectar a Teradata host: tdtvntg.claro.com.co...
2026-05-26 18:24:42,756 - src.database - INFO - Conexión a Teradata exitosa.
2026-05-26 18:24:42,758 - src.processor - INFO - Procesando: C_AUT_HOG_USOCMEM_S0 para fecha 2026-05-27 en carpeta 20260527
2026-05-26 18:24:44,162 - src.processor - INFO - Registros encontrados: 1574
2026-05-26 18:24:44,165 - src.processor - INFO - Archivo generado: C_AUT_HOG_USOCMEM260527_S0.txt (1574 registros)
2026-05-26 18:24:44,166 - src.processor - INFO - Procesando: C_AUT_POS_USOMBYS_AP para fecha 2026-05-27 en carpeta 20260527
2026-05-26 18:24:46,818 - src.processor - INFO - Registros encontrados: 50000
2026-05-26 18:24:46,850 - src.processor - INFO - Archivo generado: C_AUT_POS_USOMBYS260527_AP.txt (50000 registros)
2026-05-26 18:24:46,851 - src.processor - INFO - Procesando: C_AUT_POS_USOCMEM_S0 para fecha 2026-05-27 en carpeta 20260527
2026-05-26 18:24:48,541 - src.processor - INFO - Registros encontrados: 23740
2026-05-26 18:24:48,554 - src.processor - INFO - Archivo generado: C_AUT_POS_USOCMEM260527_S0.txt (23740 registros)
2026-05-26 18:24:48,556 - src.processor - INFO - Procesando: C_AUT_POS_USOCOMU_SL para fecha 2026-05-27 en carpeta 20260527
2026-05-26 18:24:50,044 - src.processor - INFO - Registros encontrados: 9083
2026-05-26 18:24:50,050 - src.processor - INFO - Archivo generado: C_AUT_POS_USOCOMU260527_SL.txt (9083 registros)
2026-05-26 18:24:50,051 - src.processor - INFO - Procesando: C_VEN_PRE_3X1INCD_AP para fecha 2026-05-27 en carpeta 20260527
2026-05-26 18:24:53,365 - src.processor - INFO - Registros encontrados: 102201
2026-05-26 18:24:53,409 - src.processor - INFO - Archivo generado: C_VEN_PRE_3X1INCD260527_AP.txt (102201 registros)
2026-05-26 18:24:53,409 - src.processor - INFO - Procesando: C_VEN_PRE_3X1INCD_RCS para fecha 2026-05-27 en carpeta 20260527
2026-05-26 18:25:04,003 - src.processor - INFO - Registros encontrados: 500000
2026-05-26 18:25:04,242 - src.processor - INFO - Archivo generado: C_VEN_PRE_3X1INCD260527_RCS.txt (500000 registros)
2026-05-26 18:25:04,242 - src.processor - INFO - Procesando: C_VEN_EQU_ESCAVHP_AP para fecha 2026-05-27 en carpeta 20260527
2026-05-26 18:25:05,968 - src.processor - INFO - Registros encontrados: 24535
2026-05-26 18:25:05,981 - src.processor - INFO - Archivo generado: C_VEN_EQU_ESCAVHP260527_AP.txt (24535 registros)
2026-05-26 18:25:05,982 - src.processor - INFO - Procesando: C_VEN_EQU_ESCAVHS_AP para fecha 2026-05-27 en carpeta 20260527
2026-05-26 18:25:09,565 - src.processor - INFO - Registros encontrados: 100551
2026-05-26 18:25:09,626 - src.processor - INFO - Archivo generado: C_VEN_EQU_ESCAVHS260527_AP.txt (100551 registros)
2026-05-26 18:25:09,628 - src.processor - INFO - Procesando: C_VEN_EQU_CFIMOHO_RCS para fecha 2026-05-27 en carpeta 20260527
2026-05-26 18:25:11,253 - src.processor - INFO - Registros encontrados: 14001
2026-05-26 18:25:11,261 - src.processor - INFO - Archivo generado: C_VEN_EQU_CFIMOHO260527_RCS.txt (14001 registros)
2026-05-26 18:25:11,262 - src.processor - INFO - Procesando: C_VEN_EQU_CFIMOHO_S0 para fecha 2026-05-27 en carpeta 20260527
2026-05-26 18:25:12,625 - src.processor - INFO - Registros encontrados: 2096
2026-05-26 18:25:12,630 - src.processor - INFO - Archivo generado: C_VEN_EQU_CFIMOHO260527_S0.txt (2096 registros)
2026-05-26 18:25:12,631 - src.processor - INFO - Procesando: C_VEN_EQU_CFIMOHO_SL para fecha 2026-05-27 en carpeta 20260527
2026-05-26 18:25:15,253 - src.processor - INFO - Registros encontrados: 65906
2026-05-26 18:25:15,289 - src.processor - INFO - Archivo generado: C_VEN_EQU_CFIMOHO260527_SL.txt (65906 registros)
2026-05-26 18:25:15,290 - src.processor - INFO - Procesando: C_INN_POS_AFIJOYD_S0 para fecha 2026-05-27 en carpeta 20260527
2026-05-26 18:25:16,635 - src.processor - INFO - Registros encontrados: 2739
2026-05-26 18:25:16,637 - src.processor - INFO - Archivo generado: C_INN_POS_AFIJOYD260527_S0.txt (2739 registros)
2026-05-26 18:25:16,638 - src.processor - INFO - Procesando: C_INN_POS_AFIJOYD_SL para fecha 2026-05-27 en carpeta 20260527
2026-05-26 18:25:18,046 - src.processor - INFO - Registros encontrados: 3095
2026-05-26 18:25:18,051 - src.processor - INFO - Archivo generado: C_INN_POS_AFIJOYD260527_SL.txt (3095 registros)
2026-05-26 18:25:18,052 - src.processor - INFO - Procesando: C_VEN_EQU_CFIMOPP_AP para fecha 2026-05-27 en carpeta 20260527
2026-05-26 18:25:19,347 - src.processor - INFO - Registros encontrados: 132
2026-05-26 18:25:19,348 - src.processor - INFO - Archivo generado: C_VEN_EQU_CFIMOPP260527_AP.txt (132 registros)
2026-05-26 18:25:19,349 - src.processor - INFO - Procesando: C_VEN_EQU_CFIMOPS_AP para fecha 2026-05-27 en carpeta 20260527
2026-05-26 18:25:20,816 - src.processor - INFO - Registros encontrados: 95
2026-05-26 18:25:20,820 - src.processor - INFO - Archivo generado: C_VEN_EQU_CFIMOPS260527_AP.txt (95 registros)
2026-05-26 18:25:20,821 - src.processor - INFO - Procesando: C_VEN_EQU_CFIMOPO_RCS para fecha 2026-05-27 en carpeta 20260527
2026-05-26 18:25:22,267 - src.processor - INFO - Registros encontrados: 5581
2026-05-26 18:25:22,271 - src.processor - INFO - Archivo generado: C_VEN_EQU_CFIMOPO260527_RCS.txt (5581 registros)
2026-05-26 18:25:22,272 - src.processor - INFO - Procesando: C_VEN_EQU_CFIMOPO_S0 para fecha 2026-05-27 en carpeta 20260527
2026-05-26 18:25:23,586 - src.processor - INFO - Registros encontrados: 0
2026-05-26 18:25:23,586 - src.processor - WARNING - Registros insuficientes (0) para C_VEN_EQU_CFIMOPO_S0. Mínimo requerido: 50. Archivo NO generado.
2026-05-26 18:25:23,588 - src.processor - INFO - Procesando: C_VEN_EQU_CLIECPO_SL para fecha 2026-05-27 en carpeta 20260527
2026-05-26 18:25:24,932 - src.processor - INFO - Registros encontrados: 2675
2026-05-26 18:25:24,935 - src.processor - INFO - Archivo generado: C_VEN_EQU_CLIECPO260527_SL.txt (2675 registros)
2026-05-26 18:25:24,936 - src.processor - INFO - Procesando: C_INN_PRE_AFIJOYD_SL para fecha 2026-05-27 en carpeta 20260527
2026-05-26 18:25:26,205 - src.processor - INFO - Registros encontrados: 0
2026-05-26 18:25:26,205 - src.processor - WARNING - Registros insuficientes (0) para C_INN_PRE_AFIJOYD_SL. Mínimo requerido: 50. Archivo NO generado.
2026-05-26 18:25:26,206 - src.processor - INFO - Procesando: C_INN_POS_PAYTRAC_S0 para fecha 2026-05-27 en carpeta 20260527
2026-05-26 18:25:27,803 - src.processor - INFO - Registros encontrados: 19230
2026-05-26 18:25:27,814 - src.processor - INFO - Archivo generado: C_INN_POS_PAYTRAC260527_S0.txt (19230 registros)
2026-05-26 18:25:27,815 - src.processor - WARNING - Canal desconocido 'IVR' en fila 20. Saltando.
2026-05-26 18:25:27,816 - src.processor - INFO - Procesando: C_REN_POS_TREPSLT_SL para fecha 2026-05-27 en carpeta 20260527
2026-05-26 18:25:33,969 - src.processor - INFO - Registros encontrados: 274149
2026-05-26 18:25:34,099 - src.processor - INFO - Archivo generado: C_REN_POS_TREPSLT260527_SL.txt (274149 registros)
2026-05-26 18:25:34,100 - src.processor - INFO - Procesando: C_INN_PRE_PAYTRAC_SL para fecha 2026-05-27 en carpeta 20260527
2026-05-26 18:25:36,890 - src.processor - INFO - Registros encontrados: 83641
2026-05-26 18:25:36,932 - src.processor - INFO - Archivo generado: C_INN_PRE_PAYTRAC260527_SL.txt (83641 registros)
2026-05-26 18:25:36,989 - src.database - INFO - Conexión cerrada.
2026-05-26 18:25:36,989 - src.processor - INFO - Proceso finalizado.
2026-05-26 18:25:36,993 - Main - INFO - --- Ejecución completada exitosamente ---
2026-05-27 08:12:28,116 - Main - INFO - --- Iniciando Sistema de Generación de Audiencias ---
2026-05-27 08:12:28,132 - src.processor - INFO - Iniciando procesamiento de audiencias...
2026-05-27 08:12:28,142 - src.database - INFO - Intentando conectar a Teradata host: tdtvntg.claro.com.co...
2026-05-27 08:12:30,434 - src.database - INFO - Conexión a Teradata exitosa.
2026-05-27 08:12:30,442 - src.processor - INFO - Procesando: C_VEN_PRE_MIGAAT1_RCS para fecha 2026-05-27 en carpeta 20260527
2026-05-27 08:12:39,917 - src.processor - INFO - Registros encontrados: 217328
2026-05-27 08:12:40,023 - src.processor - INFO - Archivo generado: C_VEN_PRE_MIGAAT1260527_RCS.txt (217328 registros)
2026-05-27 08:12:40,024 - src.processor - INFO - Procesando: C_VEN_PRE_MIGCTWC_RCS para fecha 2026-05-27 en carpeta 20260527
2026-05-27 08:12:44,618 - src.processor - INFO - Registros encontrados: 89804
2026-05-27 08:12:44,688 - src.processor - INFO - Archivo generado: C_VEN_PRE_MIGCTWC260527_RCS.txt (89804 registros)
2026-05-27 08:12:44,689 - src.processor - INFO - Procesando: C_VEN_PRE_MIGAATA_RCS para fecha 2026-05-27 en carpeta 20260527
2026-05-27 08:12:47,092 - src.processor - INFO - Registros encontrados: 6600
2026-05-27 08:12:47,097 - src.processor - INFO - Archivo generado: C_VEN_PRE_MIGAATA260527_RCS.txt (6600 registros)
2026-05-27 08:12:47,098 - src.processor - INFO - Procesando: C_VEN_PRE_MIGFFT1_SL para fecha 2026-05-27 en carpeta 20260527
2026-05-27 08:13:04,027 - src.processor - INFO - Registros encontrados: 706707
2026-05-27 08:13:04,398 - src.processor - INFO - Archivo generado: C_VEN_PRE_MIGFFT1260527_SL.txt (706707 registros)
2026-05-27 08:13:04,399 - src.processor - INFO - Procesando: C_VEN_PRE_MIGFFTB_SL para fecha 2026-05-27 en carpeta 20260527
2026-05-27 08:13:21,043 - src.processor - INFO - Registros encontrados: 706707
2026-05-27 08:13:21,428 - src.processor - INFO - Archivo generado: C_VEN_PRE_MIGFFTB260527_SL.txt (706707 registros)
2026-05-27 08:13:21,429 - src.processor - INFO - Procesando: C_VEN_PRE_MIGFFTA_SL para fecha 2026-05-27 en carpeta 20260527
2026-05-27 08:13:37,602 - src.processor - INFO - Registros encontrados: 706707
2026-05-27 08:13:37,975 - src.processor - INFO - Archivo generado: C_VEN_PRE_MIGFFTA260527_SL.txt (706707 registros)
2026-05-27 08:13:37,976 - src.processor - INFO - Procesando: C_VEN_PRE_MIGCTWC_SL para fecha 2026-05-27 en carpeta 20260527
2026-05-27 08:13:41,879 - src.processor - INFO - Registros encontrados: 117054
2026-05-27 08:13:41,953 - src.processor - INFO - Archivo generado: C_VEN_PRE_MIGCTWC260527_SL.txt (117054 registros)
2026-05-27 08:13:41,954 - src.processor - INFO - Procesando: C_VEN_PRE_MIGFFTC_SL para fecha 2026-05-27 en carpeta 20260527
2026-05-27 08:13:43,420 - src.processor - INFO - Registros encontrados: 7388
2026-05-27 08:13:43,427 - src.processor - INFO - Archivo generado: C_VEN_PRE_MIGFFTC260527_SL.txt (7388 registros)
2026-05-27 08:13:43,509 - src.database - INFO - Conexión cerrada.
2026-05-27 08:13:43,510 - src.processor - INFO - Proceso finalizado.
2026-05-27 08:13:43,513 - Main - INFO - --- Ejecución completada exitosamente ---
2026-05-27 08:51:50,853 - Main - INFO - --- Iniciando Sistema de Generación de Audiencias ---
2026-05-27 08:51:50,867 - src.processor - INFO - Iniciando procesamiento de audiencias...
2026-05-27 08:51:50,871 - src.database - INFO - Intentando conectar a Teradata host: tdtvntg.claro.com.co...
2026-05-27 08:51:56,779 - src.database - INFO - Conexión a Teradata exitosa.
2026-05-27 08:51:56,781 - src.processor - INFO - Procesando: C_REN_POS_OTTPVCA_WPP para fecha 2026-05-27 en carpeta 20260527
2026-05-27 08:52:00,640 - src.processor - INFO - Registros encontrados: 1000
2026-05-27 08:52:00,642 - src.processor - INFO - Archivo generado: C_REN_POS_OTTPVCA260527_WPP.txt (1000 registros)
2026-05-27 08:52:00,657 - src.processor - INFO - Procesando: C_REN_POS_OTTPVCB_WPP para fecha 2026-05-27 en carpeta 20260527
2026-05-27 08:52:04,617 - src.processor - INFO - Registros encontrados: 1000
2026-05-27 08:52:04,621 - src.processor - INFO - Archivo generado: C_REN_POS_OTTPVCB260527_WPP.txt (1000 registros)
2026-05-27 08:52:04,665 - src.database - INFO - Conexión cerrada.
2026-05-27 08:52:04,665 - src.processor - INFO - Proceso finalizado.
2026-05-27 08:52:04,665 - Main - INFO - --- Ejecución completada exitosamente ---
2026-05-27 09:40:51,648 - Main - INFO - --- Iniciando Sistema de Generación de Audiencias ---
2026-05-27 09:40:51,671 - src.processor - INFO - Iniciando procesamiento de audiencias...
2026-05-27 09:40:51,683 - src.database - INFO - Intentando conectar a Teradata host: tdtvntg.claro.com.co...
2026-05-27 09:40:53,322 - src.database - INFO - Conexión a Teradata exitosa.
2026-05-27 09:40:53,328 - src.processor - INFO - Procesando: C_VEN_POS_TERMCPA_RCS para fecha 2026-05-27 en carpeta 20260527
2026-05-27 09:40:56,398 - src.processor - INFO - Registros encontrados: 48371
2026-05-27 09:40:56,425 - src.processor - INFO - Archivo generado: C_VEN_POS_TERMCPA260527_RCS.txt (48371 registros)
2026-05-27 09:40:56,484 - src.database - INFO - Conexión cerrada.
2026-05-27 09:40:56,484 - src.processor - INFO - Proceso finalizado.
2026-05-27 09:40:56,487 - Main - INFO - --- Ejecución completada exitosamente ---
2026-05-27 17:01:26,806 - Main - INFO - --- Iniciando Sistema de Generación de Audiencias ---
2026-05-27 17:01:26,828 - src.processor - INFO - Iniciando procesamiento de audiencias...
2026-05-27 17:01:26,843 - src.database - INFO - Intentando conectar a Teradata host: tdtvntg.claro.com.co...
2026-05-27 17:01:28,840 - src.database - INFO - Conexión a Teradata exitosa.
2026-05-27 17:01:28,848 - src.processor - INFO - Procesando: C_REN_POS_OTTNBES_AP para fecha 2026-05-27 en carpeta 20260527
2026-05-27 17:01:36,375 - src.processor - INFO - Registros encontrados: 91343
2026-05-27 17:01:36,433 - src.processor - INFO - Archivo generado: C_REN_POS_OTTNBES260527_AP.txt (91343 registros)
2026-05-27 17:01:36,434 - src.processor - INFO - Procesando: C_REN_POS_OTTPVAE_RCS para fecha 2026-05-27 en carpeta 20260527
2026-05-27 17:01:38,663 - src.processor - INFO - Registros encontrados: 7593
2026-05-27 17:01:38,668 - src.processor - INFO - Archivo generado: C_REN_POS_OTTPVAE260527_RCS.txt (7593 registros)
2026-05-27 17:01:38,669 - src.processor - INFO - Procesando: C_CLU_PRE_ENTRCFM_SL para fecha 2026-05-27 en carpeta 20260527
2026-05-27 17:01:48,100 - src.processor - INFO - Registros encontrados: 300000
2026-05-27 17:01:48,246 - src.processor - INFO - Archivo generado: C_CLU_PRE_ENTRCFM260527_SL.txt (300000 registros)
2026-05-27 17:01:48,247 - src.processor - INFO - Procesando: C_REN_POS_OTTPVCA_WPP para fecha 2026-05-27 en carpeta 20260527
2026-05-27 17:01:49,678 - src.processor - INFO - Registros encontrados: 1000
2026-05-27 17:01:52,524 - src.processor - INFO - Archivo omitido por el usuario: C_REN_POS_OTTPVCA260527_WPP.txt
2026-05-27 17:01:52,524 - src.processor - INFO - Procesando: C_REN_POS_OTTPVCB_WPP para fecha 2026-05-27 en carpeta 20260527
2026-05-27 17:01:54,060 - src.processor - INFO - Registros encontrados: 1000
2026-05-27 17:01:59,165 - src.processor - INFO - Archivo omitido por el usuario: C_REN_POS_OTTPVCB260527_WPP.txt
2026-05-27 17:01:59,775 - src.database - INFO - Conexión cerrada.
2026-05-27 17:01:59,775 - src.processor - INFO - Proceso finalizado.
2026-05-27 17:01:59,775 - Main - INFO - --- Ejecución completada exitosamente ---
2026-05-27 17:03:06,183 - Main - INFO - --- Iniciando Sistema de Generación de Audiencias ---
2026-05-27 17:03:06,184 - src.processor - INFO - Iniciando procesamiento de audiencias...
2026-05-27 17:03:06,187 - src.database - INFO - Intentando conectar a Teradata host: tdtvntg.claro.com.co...
2026-05-27 17:03:07,755 - src.database - INFO - Conexión a Teradata exitosa.
2026-05-27 17:03:07,757 - src.processor - INFO - Procesando: C_REN_POS_OTTPVCA_WPP para fecha 2026-05-28 en carpeta 20260528
2026-05-27 17:03:09,397 - src.processor - INFO - Registros encontrados: 1500
2026-05-27 17:03:09,400 - src.processor - INFO - Archivo generado: C_REN_POS_OTTPVCA260528_WPP.txt (1500 registros)
2026-05-27 17:03:09,401 - src.processor - INFO - Procesando: C_REN_POS_OTTPVCB_WPP para fecha 2026-05-28 en carpeta 20260528
2026-05-27 17:03:10,855 - src.processor - INFO - Registros encontrados: 1500
2026-05-27 17:03:10,860 - src.processor - INFO - Archivo generado: C_REN_POS_OTTPVCB260528_WPP.txt (1500 registros)
2026-05-27 17:03:10,890 - src.database - INFO - Conexión cerrada.
2026-05-27 17:03:10,890 - src.processor - INFO - Proceso finalizado.
2026-05-27 17:03:10,891 - Main - INFO - --- Ejecución completada exitosamente ---
2026-05-27 17:45:58,403 - Main - INFO - --- Iniciando Sistema de Generación de Audiencias ---
2026-05-27 17:45:58,412 - src.processor - INFO - Iniciando procesamiento de audiencias...
2026-05-27 17:45:58,412 - src.database - INFO - Intentando conectar a Teradata host: tdtvntg.claro.com.co...
2026-05-27 17:46:00,415 - src.database - INFO - Conexión a Teradata exitosa.
2026-05-27 17:46:00,416 - src.processor - INFO - Procesando: C_AUT_HOG_MERMDMA_WPP para fecha 2026-05-28 en carpeta 20260528
2026-05-27 17:46:03,212 - src.processor - INFO - Registros encontrados: 3257
2026-05-27 17:46:03,215 - src.processor - INFO - Archivo generado: C_AUT_HOG_MERMDMA260528_WPP.txt (3257 registros)
2026-05-27 17:46:03,216 - src.processor - INFO - Procesando: C_AUT_HOG_USOCLFS_AP para fecha 2026-05-28 en carpeta 20260528
2026-05-27 17:46:07,328 - src.processor - INFO - Registros encontrados: 30000
2026-05-27 17:46:07,348 - src.processor - INFO - Archivo generado: C_AUT_HOG_USOCLFS260528_AP.txt (30000 registros)
2026-05-27 17:46:07,349 - src.processor - INFO - Procesando: C_AUT_HOG_USOCUMM_S0 para fecha 2026-05-28 en carpeta 20260528
2026-05-27 17:46:10,220 - src.processor - INFO - Registros encontrados: 9864
2026-05-27 17:46:10,226 - src.processor - INFO - Archivo generado: C_AUT_HOG_USOCUMM260528_S0.txt (9864 registros)
2026-05-27 17:46:10,227 - src.processor - INFO - Procesando: C_AUT_POS_MERMEMA_WPP para fecha 2026-05-28 en carpeta 20260528
2026-05-27 17:46:13,371 - src.processor - INFO - Registros encontrados: 1922
2026-05-27 17:46:13,373 - src.processor - INFO - Archivo generado: C_AUT_POS_MERMEMA260528_WPP.txt (1922 registros)
2026-05-27 17:46:13,374 - src.processor - INFO - Procesando: C_AUT_POS_USOCULF_S0 para fecha 2026-05-28 en carpeta 20260528
2026-05-27 17:46:16,963 - src.processor - INFO - Registros encontrados: 412
2026-05-27 17:46:16,965 - src.processor - INFO - Archivo generado: C_AUT_POS_USOCULF260528_S0.txt (412 registros)
2026-05-27 17:46:16,966 - src.processor - INFO - Procesando: C_AUT_POS_USOCUMM_S0 para fecha 2026-05-28 en carpeta 20260528
2026-05-27 17:46:20,046 - src.processor - INFO - Registros encontrados: 0
2026-05-27 17:46:20,047 - src.processor - WARNING - Registros insuficientes (0) para C_AUT_POS_USOCUMM_S0. Mínimo requerido: 50. Archivo NO generado.
2026-05-27 17:46:20,048 - src.processor - INFO - Procesando: C_AUT_PRE_MERPRMB_S0 para fecha 2026-05-28 en carpeta 20260528
2026-05-27 17:46:23,378 - src.processor - INFO - Registros encontrados: 16383
2026-05-27 17:46:23,389 - src.processor - INFO - Archivo generado: C_AUT_PRE_MERPRMB260528_S0.txt (16383 registros)
2026-05-27 17:46:23,391 - src.processor - INFO - Procesando: C_AUT_PRE_USOCA3B_SL para fecha 2026-05-28 en carpeta 20260528
2026-05-27 17:46:27,345 - src.processor - INFO - Registros encontrados: 72949
2026-05-27 17:46:27,374 - src.processor - INFO - Archivo generado: C_AUT_PRE_USOCA3B260528_SL.txt (72949 registros)
2026-05-27 17:46:27,382 - src.processor - INFO - Procesando: C_VEN_CON_OF41OFA_AP para fecha 2026-05-28 en carpeta 20260528
2026-05-27 17:46:29,600 - src.processor - INFO - Registros encontrados: 3809
2026-05-27 17:46:45,829 - src.processor - INFO - Archivo generado: C_VEN_CON_OF41OFA260528_AP.txt (3809 registros)
2026-05-27 17:46:45,830 - src.processor - INFO - Procesando: C_VEN_CON_OF41OFB_AP para fecha 2026-05-28 en carpeta 20260528
2026-05-27 17:46:49,993 - src.processor - INFO - Registros encontrados: 55183
2026-05-27 17:46:50,025 - src.processor - INFO - Archivo generado: C_VEN_CON_OF41OFB260528_AP.txt (55183 registros)
2026-05-27 17:46:50,026 - src.processor - INFO - Procesando: C_VEN_HOG_VMBHM4O_S0 para fecha 2026-05-28 en carpeta 20260528
2026-05-27 17:46:51,851 - src.processor - INFO - Registros encontrados: 8317
2026-05-27 17:47:00,501 - src.processor - INFO - Archivo generado: C_VEN_HOG_VMBHM4O260528_S0.txt (8317 registros)
2026-05-27 17:47:00,501 - src.processor - INFO - Procesando: C_VEN_HOG_VMBHO31_RCS para fecha 2026-05-28 en carpeta 20260528
2026-05-27 17:47:03,144 - src.processor - INFO - Registros encontrados: 1023
2026-05-27 17:47:09,674 - src.processor - INFO - Archivo generado: C_VEN_HOG_VMBHO31260528_RCS.txt (1023 registros)
2026-05-27 17:47:09,675 - src.processor - INFO - Procesando: C_VEN_HOG_VMBHO31_S0 para fecha 2026-05-28 en carpeta 20260528
2026-05-27 17:47:12,395 - src.processor - INFO - Registros encontrados: 975
2026-05-27 17:47:15,277 - src.processor - INFO - Archivo generado: C_VEN_HOG_VMBHO31260528_S0.txt (975 registros)
2026-05-27 17:47:15,278 - src.processor - INFO - Procesando: C_VEN_HOG_VMBHO31_SL para fecha 2026-05-28 en carpeta 20260528
2026-05-27 17:47:18,878 - src.processor - INFO - Registros encontrados: 0
2026-05-27 17:47:18,878 - src.processor - WARNING - Registros insuficientes (0) para C_VEN_HOG_VMBHO31_SL. Mínimo requerido: 50. Archivo NO generado.
2026-05-27 17:47:18,880 - src.processor - INFO - Procesando: C_VEN_HOG_VMBHO31_WPP para fecha 2026-05-28 en carpeta 20260528
2026-05-27 17:47:23,041 - src.processor - INFO - Registros encontrados: 0
2026-05-27 17:47:23,041 - src.processor - WARNING - Registros insuficientes (0) para C_VEN_HOG_VMBHO31_WPP. Mínimo requerido: 50. Archivo NO generado.
2026-05-27 17:47:23,042 - src.processor - INFO - Procesando: C_VEN_HOG_VMBHO3P_AP para fecha 2026-05-28 en carpeta 20260528
2026-05-27 17:47:26,394 - src.processor - INFO - Registros encontrados: 337
2026-05-27 17:47:29,452 - src.processor - INFO - Archivo generado: C_VEN_HOG_VMBHO3P260528_AP.txt (337 registros)
2026-05-27 17:47:29,452 - src.processor - INFO - Procesando: C_VEN_HOG_VMBHO3S_AP para fecha 2026-05-28 en carpeta 20260528
2026-05-27 17:47:33,564 - src.processor - INFO - Registros encontrados: 0
2026-05-27 17:47:33,564 - src.processor - WARNING - Registros insuficientes (0) para C_VEN_HOG_VMBHO3S_AP. Mínimo requerido: 50. Archivo NO generado.
2026-05-27 17:47:33,565 - src.processor - INFO - Procesando: C_VEN_HOG_VMBHO4A_RCS para fecha 2026-05-28 en carpeta 20260528
2026-05-27 17:47:36,527 - src.processor - INFO - Registros encontrados: 164
2026-05-27 17:47:36,528 - src.processor - INFO - Archivo generado: C_VEN_HOG_VMBHO4A260528_RCS.txt (164 registros)
2026-05-27 17:47:36,529 - src.processor - INFO - Procesando: C_VEN_HOG_VMBHO4A_SL para fecha 2026-05-28 en carpeta 20260528
2026-05-27 17:47:39,517 - src.processor - INFO - Registros encontrados: 22798
2026-05-27 17:47:39,529 - src.processor - INFO - Archivo generado: C_VEN_HOG_VMBHO4A260528_SL.txt (22798 registros)
2026-05-27 17:47:39,530 - src.processor - INFO - Procesando: C_VEN_HOG_VMBHO4M_EP para fecha 2026-05-28 en carpeta 20260528
2026-05-27 17:47:43,512 - src.processor - INFO - Registros encontrados: 974
2026-05-27 17:47:43,515 - src.processor - INFO - Archivo generado: C_VEN_HOG_VMBHO4M260528_EP.txt (974 registros)
2026-05-27 17:47:43,515 - src.processor - INFO - Procesando: C_VEN_HOG_VMBHO4M_S0 para fecha 2026-05-28 en carpeta 20260528
2026-05-27 17:47:46,554 - src.processor - INFO - Registros encontrados: 6600
2026-05-27 17:47:46,559 - src.processor - INFO - Archivo generado: C_VEN_HOG_VMBHO4M260528_S0.txt (6600 registros)
2026-05-27 17:47:46,560 - src.processor - INFO - Procesando: C_VEN_HOG_VMBHO4M_WPP para fecha 2026-05-28 en carpeta 20260528
2026-05-27 17:47:49,196 - src.processor - INFO - Registros encontrados: 3871
2026-05-27 17:47:49,200 - src.processor - INFO - Archivo generado: C_VEN_HOG_VMBHO4M260528_WPP.txt (3871 registros)
2026-05-27 17:47:49,201 - src.processor - INFO - Procesando: C_VEN_HOG_VMBHO4P_AP para fecha 2026-05-28 en carpeta 20260528
2026-05-27 17:47:52,169 - src.processor - INFO - Registros encontrados: 3097
2026-05-27 17:47:52,174 - src.processor - INFO - Archivo generado: C_VEN_HOG_VMBHO4P260528_AP.txt (3097 registros)
2026-05-27 17:47:52,175 - src.processor - INFO - Procesando: C_VEN_HOG_VMBHO4S_AP para fecha 2026-05-28 en carpeta 20260528
2026-05-27 17:47:55,705 - src.processor - INFO - Registros encontrados: 10188
2026-05-27 17:47:55,716 - src.processor - INFO - Archivo generado: C_VEN_HOG_VMBHO4S260528_AP.txt (10188 registros)
2026-05-27 17:47:55,717 - src.processor - INFO - Procesando: C_VEN_HOG_VMHO4MY_SL para fecha 2026-05-28 en carpeta 20260528
2026-05-27 17:48:01,285 - src.processor - INFO - Registros encontrados: 154311
2026-05-27 17:48:34,840 - src.processor - INFO - Archivo generado: C_VEN_HOG_VMHO4MY260528_SL.txt (154311 registros)
2026-05-27 17:48:34,841 - src.processor - INFO - Procesando: C_VEN_POS_VHBMAAA_SL para fecha 2026-05-28 en carpeta 20260528
2026-05-27 17:48:37,613 - src.processor - INFO - Registros encontrados: 10267
2026-05-27 17:51:58,632 - src.processor - INFO - Archivo generado: C_VEN_POS_VHBMAAA260528_SL.txt (10267 registros)
2026-05-27 17:51:58,633 - src.processor - INFO - Procesando: C_VEN_POS_VHBMAAM_EP para fecha 2026-05-28 en carpeta 20260528
2026-05-27 17:52:03,217 - src.processor - INFO - Registros encontrados: 43881
2026-05-27 17:52:03,252 - src.processor - INFO - Archivo generado: C_VEN_POS_VHBMAAM260528_EP.txt (43881 registros)
2026-05-27 17:52:03,260 - src.processor - INFO - Procesando: C_VEN_POS_VHBMAAM_RCS para fecha 2026-05-28 en carpeta 20260528
2026-05-27 17:52:05,893 - src.processor - INFO - Registros encontrados: 15503
2026-05-27 17:52:24,084 - src.processor - INFO - Archivo generado: C_VEN_POS_VHBMAAM260528_RCS.txt (15503 registros)
2026-05-27 17:52:24,085 - src.processor - INFO - Procesando: C_VEN_POS_VHBMACA_SL para fecha 2026-05-28 en carpeta 20260528
2026-05-27 17:52:27,174 - src.processor - INFO - Registros encontrados: 38461
2026-05-27 17:54:04,606 - src.processor - INFO - Archivo generado: C_VEN_POS_VHBMACA260528_SL.txt (38461 registros)
2026-05-27 17:54:04,607 - src.processor - INFO - Procesando: C_VEN_POS_VHBMACP_EP para fecha 2026-05-28 en carpeta 20260528
2026-05-27 17:54:09,593 - src.processor - INFO - Registros encontrados: 91932
2026-05-27 17:54:09,680 - src.processor - INFO - Archivo generado: C_VEN_POS_VHBMACP260528_EP.txt (91932 registros)
2026-05-27 17:54:09,681 - src.processor - INFO - Procesando: C_VEN_POS_VHBMACP_RCS para fecha 2026-05-28 en carpeta 20260528
2026-05-27 17:54:11,387 - src.processor - INFO - Registros encontrados: 20348
2026-05-27 17:54:34,558 - src.processor - INFO - Archivo generado: C_VEN_POS_VHBMACP260528_RCS.txt (20348 registros)
2026-05-27 17:54:34,558 - src.processor - INFO - Procesando: C_VEN_POS_VHBMADA_SL para fecha 2026-05-28 en carpeta 20260528
2026-05-27 17:54:36,721 - src.processor - INFO - Registros encontrados: 1451
2026-05-27 17:55:08,844 - src.processor - INFO - Archivo generado: C_VEN_POS_VHBMADA260528_SL.txt (1451 registros)
2026-05-27 17:55:08,845 - src.processor - INFO - Procesando: C_VEN_POS_VHBMADI_EP para fecha 2026-05-28 en carpeta 20260528
2026-05-27 17:55:11,861 - src.processor - INFO - Registros encontrados: 3742
2026-05-27 17:55:11,866 - src.processor - INFO - Archivo generado: C_VEN_POS_VHBMADI260528_EP.txt (3742 registros)
2026-05-27 17:55:11,868 - src.processor - INFO - Procesando: C_VEN_POS_VHBMADI_RCS para fecha 2026-05-28 en carpeta 20260528
2026-05-27 17:55:13,940 - src.processor - INFO - Registros encontrados: 1050
2026-05-27 17:55:45,492 - src.processor - INFO - Archivo generado: C_VEN_POS_VHBMADI260528_RCS.txt (1050 registros)
2026-05-27 17:55:45,493 - src.processor - INFO - Procesando: C_VEN_POS_VHBMAFA_SL para fecha 2026-05-28 en carpeta 20260528
2026-05-27 17:55:47,825 - src.processor - INFO - Registros encontrados: 7635
2026-05-27 17:55:51,185 - src.processor - INFO - Archivo generado: C_VEN_POS_VHBMAFA260528_SL.txt (7635 registros)
2026-05-27 17:55:51,186 - src.processor - INFO - Procesando: C_VEN_POS_VHBMAFU_EP para fecha 2026-05-28 en carpeta 20260528
2026-05-27 17:55:54,674 - src.processor - INFO - Registros encontrados: 28543
2026-05-27 17:55:54,702 - src.processor - INFO - Archivo generado: C_VEN_POS_VHBMAFU260528_EP.txt (28543 registros)
2026-05-27 17:55:54,703 - src.processor - INFO - Procesando: C_VEN_POS_VHBMAFU_RCS para fecha 2026-05-28 en carpeta 20260528
2026-05-27 17:55:57,147 - src.processor - INFO - Registros encontrados: 7256
2026-05-27 17:57:27,207 - src.processor - INFO - Archivo generado: C_VEN_POS_VHBMAFU260528_RCS.txt (7256 registros)
2026-05-27 17:57:27,208 - src.processor - INFO - Procesando: C_VEN_POS_VHBMAJA_SL para fecha 2026-05-28 en carpeta 20260528
2026-05-27 17:57:30,721 - src.processor - INFO - Registros encontrados: 77135
2026-05-27 17:57:35,426 - src.processor - INFO - Archivo generado: C_VEN_POS_VHBMAJA260528_SL.txt (77135 registros)
2026-05-27 17:57:35,427 - src.processor - INFO - Procesando: C_VEN_POS_VHBMAJM_EP para fecha 2026-05-28 en carpeta 20260528
2026-05-27 17:57:41,687 - src.processor - INFO - Registros encontrados: 92437
2026-05-27 17:57:41,778 - src.processor - INFO - Archivo generado: C_VEN_POS_VHBMAJM260528_EP.txt (92437 registros)
2026-05-27 17:57:41,779 - src.processor - INFO - Procesando: C_VEN_POS_VHBMAJM_RCS para fecha 2026-05-28 en carpeta 20260528
2026-05-27 17:57:44,648 - src.processor - INFO - Registros encontrados: 38148
2026-05-27 17:57:48,775 - src.processor - INFO - Archivo generado: C_VEN_POS_VHBMAJM260528_RCS.txt (38148 registros)
2026-05-27 17:57:48,776 - src.processor - INFO - Procesando: C_VEN_POS_VHBMM82_AP para fecha 2026-05-28 en carpeta 20260528
2026-05-27 17:57:59,406 - src.processor - INFO - Registros encontrados: 451798
2026-05-27 17:57:59,616 - src.processor - INFO - Archivo generado: C_VEN_POS_VHBMM82260528_AP.txt (451798 registros)
2026-05-27 17:57:59,617 - src.processor - INFO - Procesando: C_VEN_POS_VHBMM82_RCS para fecha 2026-05-28 en carpeta 20260528
2026-05-27 17:58:09,233 - src.processor - INFO - Registros encontrados: 378959
2026-05-27 17:58:09,409 - src.processor - INFO - Archivo generado: C_VEN_POS_VHBMM82260528_RCS.txt (378959 registros)
2026-05-27 17:58:09,410 - src.processor - INFO - Procesando: C_VEN_POS_VHBMM82_S0 para fecha 2026-05-28 en carpeta 20260528
2026-05-27 17:58:15,474 - src.processor - INFO - Registros encontrados: 242727
2026-05-27 17:58:15,587 - src.processor - INFO - Archivo generado: C_VEN_POS_VHBMM82260528_S0.txt (242727 registros)
2026-05-27 17:58:15,588 - src.processor - INFO - Procesando: C_VEN_POS_VHBMM8A_EP para fecha 2026-05-28 en carpeta 20260528
2026-05-27 17:58:21,699 - src.processor - INFO - Registros encontrados: 80386
2026-05-27 17:58:21,774 - src.processor - INFO - Archivo generado: C_VEN_POS_VHBMM8A260528_EP.txt (80386 registros)
2026-05-27 17:58:21,775 - src.processor - INFO - Procesando: C_VEN_POS_VHBMM8A_WPP para fecha 2026-05-28 en carpeta 20260528
2026-05-27 17:58:25,458 - src.processor - INFO - Registros encontrados: 93124
2026-05-27 17:58:25,503 - src.processor - INFO - Archivo generado: C_VEN_POS_VHBMM8A260528_WPP.txt (93124 registros)
2026-05-27 17:58:25,504 - src.processor - INFO - Procesando: C_VEN_POS_VHBMMU8_SL para fecha 2026-05-28 en carpeta 20260528
2026-05-27 17:58:32,870 - src.processor - INFO - Registros encontrados: 318237
2026-05-27 17:58:33,024 - src.processor - INFO - Archivo generado: C_VEN_POS_VHBMMU8260528_SL.txt (318237 registros)
2026-05-27 17:58:33,024 - src.processor - INFO - Procesando: C_VEN_POS_VHBMO5B_WPP para fecha 2026-05-28 en carpeta 20260528
2026-05-27 17:58:35,086 - src.processor - INFO - Registros encontrados: 13165
2026-05-27 17:58:54,714 - src.processor - INFO - Archivo generado: C_VEN_POS_VHBMO5B260528_WPP.txt (13165 registros)
2026-05-27 17:58:54,715 - src.processor - INFO - Procesando: C_VEN_POS_VHBMO8S_AP para fecha 2026-05-28 en carpeta 20260528
2026-05-27 17:59:04,128 - src.processor - INFO - Registros encontrados: 341042
2026-05-27 17:59:04,328 - src.processor - INFO - Archivo generado: C_VEN_POS_VHBMO8S260528_AP.txt (341042 registros)
2026-05-27 17:59:04,329 - src.processor - INFO - Procesando: C_VEN_PRE_MIGAAT2_RCS para fecha 2026-05-28 en carpeta 20260528
2026-05-27 17:59:07,986 - src.processor - INFO - Registros encontrados: 93717
2026-05-27 17:59:28,659 - src.processor - INFO - Archivo generado: C_VEN_PRE_MIGAAT2260528_RCS.txt (93717 registros)
2026-05-27 17:59:28,660 - src.processor - INFO - Procesando: C_VEN_PRE_MIGAATB_RCS para fecha 2026-05-28 en carpeta 20260528
2026-05-27 17:59:31,968 - src.processor - INFO - Registros encontrados: 101000
2026-05-27 17:59:36,731 - src.processor - INFO - Archivo generado: C_VEN_PRE_MIGAATB260528_RCS.txt (101000 registros)
2026-05-27 17:59:36,732 - src.processor - INFO - Procesando: C_VEN_PRE_MIGCTWA_RCS para fecha 2026-05-28 en carpeta 20260528
2026-05-27 17:59:39,644 - src.processor - INFO - Registros encontrados: 80388
2026-05-27 17:59:45,164 - src.processor - INFO - Archivo generado: C_VEN_PRE_MIGCTWA260528_RCS.txt (80388 registros)
2026-05-27 17:59:45,165 - src.processor - INFO - Procesando: C_VEN_PRE_MIGCTWA_SL para fecha 2026-05-28 en carpeta 20260528
2026-05-27 17:59:46,926 - src.processor - INFO - Registros encontrados: 26500
2026-05-27 18:00:01,147 - src.processor - INFO - Archivo generado: C_VEN_PRE_MIGCTWA260528_SL.txt (26500 registros)
2026-05-27 18:00:01,148 - src.processor - INFO - Procesando: C_VEN_PRE_MIGFFT2_SL para fecha 2026-05-28 en carpeta 20260528
2026-05-27 18:00:10,390 - src.processor - INFO - Registros encontrados: 440000
2026-05-27 18:01:55,475 - src.processor - INFO - Archivo generado: C_VEN_PRE_MIGFFT2260528_SL.txt (440000 registros)
2026-05-27 18:01:55,476 - src.processor - INFO - Procesando: C_VEN_PRE_MIGFFTD_SL para fecha 2026-05-28 en carpeta 20260528
2026-05-27 18:02:05,709 - src.processor - INFO - Registros encontrados: 440000
2026-05-27 18:02:14,321 - src.processor - INFO - Archivo generado: C_VEN_PRE_MIGFFTD260528_SL.txt (440000 registros)
2026-05-27 18:02:14,321 - src.processor - INFO - Procesando: C_VEN_PRE_MIGFFTE_SL para fecha 2026-05-28 en carpeta 20260528
2026-05-27 18:02:25,694 - src.processor - INFO - Registros encontrados: 386638
2026-05-27 18:02:28,336 - src.processor - INFO - Archivo generado: C_VEN_PRE_MIGFFTE260528_SL.txt (386638 registros)
2026-05-27 18:02:28,337 - src.processor - INFO - Procesando: C_VEN_PRE_MIGFFTF_SL para fecha 2026-05-28 en carpeta 20260528
2026-05-27 18:02:40,771 - src.processor - INFO - Registros encontrados: 440000
2026-05-27 18:02:44,290 - src.processor - INFO - Archivo generado: C_VEN_PRE_MIGFFTF260528_SL.txt (440000 registros)
2026-05-27 18:02:44,291 - src.processor - INFO - Procesando: C_VEN_PRE_3X1INCD_AP para fecha 2026-05-28 en carpeta 20260528
2026-05-27 18:02:53,691 - src.processor - INFO - Registros encontrados: 403317
2026-05-27 18:02:53,894 - src.processor - INFO - Archivo generado: C_VEN_PRE_3X1INCD260528_AP.txt (403317 registros)
2026-05-27 18:02:53,895 - src.processor - INFO - Procesando: C_VEN_PRE_3X1INCD_RCS para fecha 2026-05-28 en carpeta 20260528
2026-05-27 18:03:05,423 - src.processor - INFO - Registros encontrados: 499988
2026-05-27 18:03:05,656 - src.processor - INFO - Archivo generado: C_VEN_PRE_3X1INCD260528_RCS.txt (499988 registros)
2026-05-27 18:03:05,657 - src.processor - INFO - Procesando: C_INN_POS_AFIJOYD_SL para fecha 2026-05-28 en carpeta 20260528
2026-05-27 18:03:08,159 - src.processor - INFO - Registros encontrados: 1224
2026-05-27 18:03:08,162 - src.processor - INFO - Archivo generado: C_INN_POS_AFIJOYD260528_SL.txt (1224 registros)
2026-05-27 18:03:08,164 - src.processor - INFO - Procesando: C_VEN_EQU_CFIMOHO_RCS para fecha 2026-05-28 en carpeta 20260528
2026-05-27 18:03:11,023 - src.processor - INFO - Registros encontrados: 28603
2026-05-27 18:03:11,037 - src.processor - INFO - Archivo generado: C_VEN_EQU_CFIMOHO260528_RCS.txt (28603 registros)
2026-05-27 18:03:11,038 - src.processor - INFO - Procesando: C_VEN_EQU_CFIMOHO_S0 para fecha 2026-05-28 en carpeta 20260528
2026-05-27 18:03:13,674 - src.processor - INFO - Registros encontrados: 16115
2026-05-27 18:03:13,683 - src.processor - INFO - Archivo generado: C_VEN_EQU_CFIMOHO260528_S0.txt (16115 registros)
2026-05-27 18:03:13,684 - src.processor - INFO - Procesando: C_VEN_EQU_CFIMOHP_AP para fecha 2026-05-28 en carpeta 20260528
2026-05-27 18:03:18,196 - src.processor - INFO - Registros encontrados: 34850
2026-05-27 18:03:18,220 - src.processor - INFO - Archivo generado: C_VEN_EQU_CFIMOHP260528_AP.txt (34850 registros)
2026-05-27 18:03:18,221 - src.processor - INFO - Procesando: C_VEN_EQU_CFIMOHS_AP para fecha 2026-05-28 en carpeta 20260528
2026-05-27 18:03:24,553 - src.processor - INFO - Registros encontrados: 82410
2026-05-27 18:03:24,605 - src.processor - INFO - Archivo generado: C_VEN_EQU_CFIMOHS260528_AP.txt (82410 registros)
2026-05-27 18:03:24,606 - src.processor - INFO - Procesando: C_VEN_EQU_CFIMOPO_RCS para fecha 2026-05-28 en carpeta 20260528
2026-05-27 18:03:26,818 - src.processor - INFO - Registros encontrados: 4856
2026-05-27 18:03:26,821 - src.processor - INFO - Archivo generado: C_VEN_EQU_CFIMOPO260528_RCS.txt (4856 registros)
2026-05-27 18:03:26,823 - src.processor - INFO - Procesando: C_VEN_EQU_CFIMOPO_S0 para fecha 2026-05-28 en carpeta 20260528
2026-05-27 18:03:29,267 - src.processor - INFO - Registros encontrados: 2161
2026-05-27 18:03:29,269 - src.processor - INFO - Archivo generado: C_VEN_EQU_CFIMOPO260528_S0.txt (2161 registros)
2026-05-27 18:03:29,270 - src.processor - INFO - Procesando: C_VEN_EQU_CFIMOPP_AP para fecha 2026-05-28 en carpeta 20260528
2026-05-27 18:03:31,442 - src.processor - INFO - Registros encontrados: 4341
2026-05-27 18:03:31,445 - src.processor - INFO - Archivo generado: C_VEN_EQU_CFIMOPP260528_AP.txt (4341 registros)
2026-05-27 18:03:31,446 - src.processor - INFO - Procesando: C_VEN_EQU_CFIMOPS_AP para fecha 2026-05-28 en carpeta 20260528
2026-05-27 18:03:34,696 - src.processor - INFO - Registros encontrados: 17057
2026-05-27 18:03:34,710 - src.processor - INFO - Archivo generado: C_VEN_EQU_CFIMOPS260528_AP.txt (17057 registros)
2026-05-27 18:03:34,711 - src.processor - INFO - Procesando: C_VEN_EQU_CLIEBHO_SL para fecha 2026-05-28 en carpeta 20260528
2026-05-27 18:03:36,988 - src.processor - INFO - Registros encontrados: 7532
2026-05-27 18:03:36,994 - src.processor - INFO - Archivo generado: C_VEN_EQU_CLIEBHO260528_SL.txt (7532 registros)
2026-05-27 18:03:36,995 - src.processor - INFO - Procesando: C_VEN_EQU_CLIECPO_SL para fecha 2026-05-28 en carpeta 20260528
2026-05-27 18:03:39,107 - src.processor - INFO - Registros encontrados: 5538
2026-05-27 18:03:39,114 - src.processor - INFO - Archivo generado: C_VEN_EQU_CLIECPO260528_SL.txt (5538 registros)
2026-05-27 18:03:39,115 - src.processor - WARNING - Canal desconocido 'IVR' en fila 69. Saltando.
2026-05-27 18:03:39,116 - src.processor - INFO - Procesando: C_INN_POS_PAYTRAC_SL para fecha 2026-05-28 en carpeta 20260528
2026-05-27 18:03:41,220 - src.processor - INFO - Registros encontrados: 12823
2026-05-27 18:03:41,228 - src.processor - INFO - Archivo generado: C_INN_POS_PAYTRAC260528_SL.txt (12823 registros)
2026-05-27 18:03:41,229 - src.processor - INFO - Procesando: C_INN_PRE_PAYTRAC_S0 para fecha 2026-05-28 en carpeta 20260528
2026-05-27 18:03:44,238 - src.processor - INFO - Registros encontrados: 70960
2026-05-27 18:03:44,278 - src.processor - INFO - Archivo generado: C_INN_PRE_PAYTRAC260528_S0.txt (70960 registros)
2026-05-27 18:03:44,278 - src.processor - INFO - Procesando: C_REN_POS_OTTPVCA_WPP para fecha 2026-05-28 en carpeta 20260528
2026-05-27 18:03:45,995 - src.processor - INFO - Registros encontrados: 1500
2026-05-27 18:04:04,884 - src.processor - INFO - Archivo generado: C_REN_POS_OTTPVCA260528_WPP.txt (1500 registros)
2026-05-27 18:04:04,885 - src.processor - INFO - Procesando: C_REN_POS_OTTPVCB_WPP para fecha 2026-05-28 en carpeta 20260528
2026-05-27 18:04:06,547 - src.processor - INFO - Registros encontrados: 1500
2026-05-27 18:04:10,709 - src.processor - INFO - Archivo generado: C_REN_POS_OTTPVCB260528_WPP.txt (1500 registros)
2026-05-27 18:04:10,710 - src.processor - INFO - Procesando: C_REN_POS_TRERSLT_SL para fecha 2026-05-28 en carpeta 20260528
2026-05-27 18:04:14,266 - src.processor - INFO - Registros encontrados: 115497
2026-05-27 18:04:14,327 - src.processor - INFO - Archivo generado: C_REN_POS_TRERSLT260528_SL.txt (115497 registros)
2026-05-27 18:04:14,328 - src.processor - INFO - Procesando: N_AUT_POS_USOCLDA_SL para fecha 2026-05-28 en carpeta 20260528
2026-05-27 18:04:17,871 - src.processor - INFO - Registros encontrados: 100000
2026-05-27 18:04:21,455 - src.processor - INFO - Archivo generado: N_AUT_POS_USOCLDA260528_SL.txt (100000 registros)
2026-05-27 18:04:21,456 - src.processor - INFO - Procesando: N_VAS_HOG_VIDRAYF_S0 para fecha 2026-05-28 en carpeta 20260528
2026-05-27 18:04:24,556 - src.processor - INFO - Registros encontrados: 100000
2026-05-27 18:04:26,805 - src.processor - INFO - Archivo generado: N_VAS_HOG_VIDRAYF260528_S0.txt (100000 registros)
2026-05-27 18:04:26,806 - src.processor - INFO - Procesando: N_VAS_HOG_VIDRYFP_AP para fecha 2026-05-28 en carpeta 20260528
2026-05-27 18:04:29,990 - src.processor - INFO - Registros encontrados: 100000
2026-05-27 18:04:31,732 - src.processor - INFO - Archivo generado: N_VAS_HOG_VIDRYFP260528_AP.txt (100000 registros)
2026-05-27 18:04:31,733 - src.processor - INFO - Procesando: N_VAS_POS_MUS1MAM_RCS para fecha 2026-05-28 en carpeta 20260528
2026-05-27 18:04:37,654 - src.processor - INFO - Registros encontrados: 233542
2026-05-27 18:04:37,762 - src.processor - INFO - Archivo generado: N_VAS_POS_MUS1MAM260528_RCS.txt (233542 registros)
2026-05-27 18:04:37,763 - src.processor - INFO - Procesando: N_VAS_PRE_CDVNTQF_S0 para fecha 2026-05-28 en carpeta 20260528
2026-05-27 18:04:41,006 - src.processor - INFO - Registros encontrados: 100000
2026-05-27 18:04:43,556 - src.processor - INFO - Archivo generado: N_VAS_PRE_CDVNTQF260528_S0.txt (100000 registros)
2026-05-27 18:04:43,608 - src.database - INFO - Conexión cerrada.
2026-05-27 18:04:43,608 - src.processor - INFO - Proceso finalizado.
2026-05-27 18:04:43,614 - Main - INFO - --- Ejecución completada exitosamente ---
2026-05-28 08:06:35,161 - Main - INFO - --- Iniciando Sistema de Generación de Audiencias ---
2026-05-28 08:06:35,182 - src.processor - INFO - Iniciando procesamiento de audiencias...
2026-05-28 08:06:35,196 - src.database - INFO - Intentando conectar a Teradata host: tdtvntg.claro.com.co...
2026-05-28 08:06:37,482 - src.database - INFO - Conexión a Teradata exitosa.
2026-05-28 08:06:37,493 - src.processor - INFO - Procesando: C_VEN_PRE_MIGFFT2_SL para fecha 2026-05-28 en carpeta 20260528
2026-05-28 08:06:54,424 - src.processor - INFO - Registros encontrados: 540000
2026-05-28 08:06:59,343 - src.processor - INFO - Archivo generado: C_VEN_PRE_MIGFFT2260528_SL.txt (540000 registros)
2026-05-28 08:06:59,344 - src.processor - INFO - Procesando: C_VEN_PRE_MIGFFTD_SL para fecha 2026-05-28 en carpeta 20260528
2026-05-28 08:07:18,598 - src.processor - INFO - Registros encontrados: 540000
2026-05-28 08:07:23,310 - src.processor - INFO - Archivo generado: C_VEN_PRE_MIGFFTD260528_SL.txt (540000 registros)
2026-05-28 08:07:23,311 - src.processor - INFO - Procesando: C_VEN_PRE_MIGFFTE_SL para fecha 2026-05-28 en carpeta 20260528
2026-05-28 08:07:38,833 - src.processor - INFO - Registros encontrados: 486638
2026-05-28 08:07:42,438 - src.processor - INFO - Archivo generado: C_VEN_PRE_MIGFFTE260528_SL.txt (486638 registros)
2026-05-28 08:07:42,454 - src.processor - INFO - Procesando: C_VEN_PRE_MIGFFTF_SL para fecha 2026-05-28 en carpeta 20260528
2026-05-28 08:08:00,362 - src.processor - INFO - Registros encontrados: 540000
2026-05-28 08:08:14,393 - src.processor - INFO - Archivo generado: C_VEN_PRE_MIGFFTF260528_SL.txt (540000 registros)
2026-05-28 08:08:14,508 - src.database - INFO - Conexión cerrada.
2026-05-28 08:08:14,508 - src.processor - INFO - Proceso finalizado.
2026-05-28 08:08:14,536 - Main - INFO - --- Ejecución completada exitosamente ---
2026-05-28 11:41:56,885 - Main - INFO - --- Iniciando Sistema de Generación de Audiencias ---
2026-05-28 11:41:56,888 - src.processor - INFO - Iniciando procesamiento de audiencias...
2026-05-28 11:41:56,892 - src.database - INFO - Intentando conectar a Teradata host: tdtvntg.claro.com.co...
2026-05-28 11:41:58,236 - src.database - INFO - Conexión a Teradata exitosa.
2026-05-28 11:41:58,240 - src.processor - INFO - Procesando: C_VEN_PRE_MIGCTWB_SL para fecha 2026-05-28 en carpeta 20260528
2026-05-28 11:41:59,590 - src.processor - INFO - Registros encontrados: 97
2026-05-28 11:41:59,592 - src.processor - INFO - Archivo generado: C_VEN_PRE_MIGCTWB260528_SL.txt (97 registros)
2026-05-28 11:41:59,593 - src.processor - INFO - Procesando: C_VEN_PRE_MIGAAT2_SL para fecha 2026-05-28 en carpeta 20260528
2026-05-28 11:42:00,995 - src.processor - INFO - Registros encontrados: 2425
2026-05-28 11:42:01,001 - src.processor - INFO - Archivo generado: C_VEN_PRE_MIGAAT2260528_SL.txt (2425 registros)
2026-05-28 11:42:01,038 - src.database - INFO - Conexión cerrada.
2026-05-28 11:42:01,038 - src.processor - INFO - Proceso finalizado.
2026-05-28 11:42:01,039 - Main - INFO - --- Ejecución completada exitosamente ---
2026-05-28 12:47:14,192 - Main - INFO - --- Iniciando Sistema de Generación de Audiencias ---
2026-05-28 12:47:14,208 - src.processor - INFO - Iniciando procesamiento de audiencias...
2026-05-28 12:47:14,215 - src.database - INFO - Intentando conectar a Teradata host: tdtvntg.claro.com.co...
2026-05-28 12:47:15,580 - src.database - INFO - Conexión a Teradata exitosa.
2026-05-28 12:47:15,587 - src.processor - INFO - Procesando: C_VEN_PRE_MIGCTWB_SL para fecha 2026-05-29 en carpeta 20260529
2026-05-28 12:47:16,958 - src.processor - INFO - Registros encontrados: 97
2026-05-28 12:47:16,960 - src.processor - INFO - Archivo generado: C_VEN_PRE_MIGCTWB260529_SL.txt (97 registros)
2026-05-28 12:47:16,961 - src.processor - INFO - Procesando: C_VEN_PRE_MIGAAT2_SL para fecha 2026-05-29 en carpeta 20260529
2026-05-28 12:47:18,342 - src.processor - INFO - Registros encontrados: 2425
2026-05-28 12:47:18,348 - src.processor - INFO - Archivo generado: C_VEN_PRE_MIGAAT2260529_SL.txt (2425 registros)
2026-05-28 12:47:18,373 - src.database - INFO - Conexión cerrada.
2026-05-28 12:47:18,374 - src.processor - INFO - Proceso finalizado.
2026-05-28 12:47:18,375 - Main - INFO - --- Ejecución completada exitosamente ---
2026-05-28 12:51:27,444 - Main - INFO - --- Iniciando Sistema de Generación de Audiencias ---
2026-05-28 12:51:27,445 - src.processor - INFO - Iniciando procesamiento de audiencias...
2026-05-28 12:51:27,449 - src.database - INFO - Intentando conectar a Teradata host: tdtvntg.claro.com.co...
2026-05-28 12:51:28,748 - src.database - INFO - Conexión a Teradata exitosa.
2026-05-28 12:51:28,749 - src.processor - INFO - Procesando: C_VEN_PRE_MIGCTWB_SL para fecha 2026-05-30 en carpeta 20260530
2026-05-28 12:51:30,127 - src.processor - INFO - Registros encontrados: 97
2026-05-28 12:51:30,128 - src.processor - INFO - Archivo generado: C_VEN_PRE_MIGCTWB260530_SL.txt (97 registros)
2026-05-28 12:51:30,129 - src.processor - INFO - Procesando: C_VEN_PRE_MIGAAT2_SL para fecha 2026-05-30 en carpeta 20260530
2026-05-28 12:51:31,526 - src.processor - INFO - Registros encontrados: 2425
2026-05-28 12:51:31,532 - src.processor - INFO - Archivo generado: C_VEN_PRE_MIGAAT2260530_SL.txt (2425 registros)
2026-05-28 12:51:31,557 - src.database - INFO - Conexión cerrada.
2026-05-28 12:51:31,558 - src.processor - INFO - Proceso finalizado.
2026-05-28 12:51:31,558 - Main - INFO - --- Ejecución completada exitosamente ---
2026-05-28 16:04:49,777 - Main - INFO - --- Iniciando Sistema de Generación de Audiencias ---
2026-05-28 16:04:49,793 - src.processor - INFO - Iniciando procesamiento de audiencias...
2026-05-28 16:04:49,807 - src.database - INFO - Intentando conectar a Teradata host: tdtvntg.claro.com.co...
2026-05-28 16:04:51,134 - src.database - INFO - Conexión a Teradata exitosa.
2026-05-28 16:04:51,142 - src.processor - INFO - Procesando: C_VEN_PRE_MIGCTWB_SL para fecha 2026-05-29 en carpeta 20260529
2026-05-28 16:04:52,473 - src.processor - INFO - Registros encontrados: 97
2026-05-28 16:04:55,587 - src.processor - INFO - Archivo generado: C_VEN_PRE_MIGCTWB260529_SL.txt (97 registros)
2026-05-28 16:04:55,588 - src.processor - INFO - Procesando: C_VEN_PRE_MIGAAT2_SL para fecha 2026-05-29 en carpeta 20260529
2026-05-28 16:04:57,021 - src.processor - INFO - Registros encontrados: 2425
2026-05-28 16:04:59,132 - src.processor - INFO - Archivo generado: C_VEN_PRE_MIGAAT2260529_SL.txt (2425 registros)
2026-05-28 16:04:59,168 - src.database - INFO - Conexión cerrada.
2026-05-28 16:04:59,168 - src.processor - INFO - Proceso finalizado.
2026-05-28 16:04:59,169 - Main - INFO - --- Ejecución completada exitosamente ---
2026-05-29 09:28:00,191 - Main - INFO - --- Iniciando Sistema de Generación de Audiencias ---
2026-05-29 09:28:00,210 - src.processor - INFO - Iniciando procesamiento de audiencias...
2026-05-29 09:28:00,225 - src.database - INFO - Intentando conectar a Teradata host: tdtvntg.claro.com.co...
2026-05-29 09:28:03,191 - src.database - INFO - Conexión a Teradata exitosa.
2026-05-29 09:28:03,196 - src.processor - INFO - Procesando: C_VEN_PRE_MIGAAT1_RCS para fecha 2026-05-29 en carpeta 20260529
2026-05-29 09:28:16,245 - src.processor - INFO - Registros encontrados: 210682
2026-05-29 09:28:16,341 - src.processor - INFO - Archivo generado: C_VEN_PRE_MIGAAT1260529_RCS.txt (210682 registros)
2026-05-29 09:28:16,341 - src.processor - INFO - Procesando: C_VEN_PRE_MIGAATA_RCS para fecha 2026-05-29 en carpeta 20260529
2026-05-29 09:28:23,353 - src.processor - INFO - Registros encontrados: 6548
2026-05-29 09:28:23,355 - src.processor - INFO - Archivo generado: C_VEN_PRE_MIGAATA260529_RCS.txt (6548 registros)
2026-05-29 09:28:23,360 - src.processor - INFO - Procesando: C_VEN_PRE_MIGCTWB_RCS para fecha 2026-05-29 en carpeta 20260529
2026-05-29 09:28:31,767 - src.processor - INFO - Registros encontrados: 87095
2026-05-29 09:28:31,811 - src.processor - INFO - Archivo generado: C_VEN_PRE_MIGCTWB260529_RCS.txt (87095 registros)
2026-05-29 09:28:31,812 - src.processor - INFO - Procesando: C_VEN_PRE_MIGCTWB_SL para fecha 2026-05-29 en carpeta 20260529
2026-05-29 09:28:41,762 - src.processor - INFO - Registros encontrados: 110102
2026-05-29 09:28:41,831 - src.processor - INFO - Archivo generado: C_VEN_PRE_MIGCTWB260529_SL.txt (110102 registros)
2026-05-29 09:28:41,832 - src.processor - INFO - Procesando: C_VEN_PRE_MIGFFT1_SL para fecha 2026-05-29 en carpeta 20260529
2026-05-29 09:29:01,948 - src.processor - INFO - Registros encontrados: 629479
2026-05-29 09:29:02,349 - src.processor - INFO - Archivo generado: C_VEN_PRE_MIGFFT1260529_SL.txt (629479 registros)
2026-05-29 09:29:02,350 - src.processor - INFO - Procesando: C_VEN_PRE_MIGFFTA_SL para fecha 2026-05-29 en carpeta 20260529
2026-05-29 09:29:26,224 - src.processor - INFO - Registros encontrados: 629479
2026-05-29 09:29:26,520 - src.processor - INFO - Archivo generado: C_VEN_PRE_MIGFFTA260529_SL.txt (629479 registros)
2026-05-29 09:29:26,521 - src.processor - INFO - Procesando: C_VEN_PRE_MIGFFTB_SL para fecha 2026-05-29 en carpeta 20260529
2026-05-29 09:29:50,105 - src.processor - INFO - Registros encontrados: 629479
2026-05-29 09:29:50,399 - src.processor - INFO - Archivo generado: C_VEN_PRE_MIGFFTB260529_SL.txt (629479 registros)
2026-05-29 09:29:50,400 - src.processor - INFO - Procesando: C_VEN_PRE_MIGFFTC_SL para fecha 2026-05-29 en carpeta 20260529
2026-05-29 09:29:57,445 - src.processor - INFO - Registros encontrados: 7226
2026-05-29 09:29:57,450 - src.processor - INFO - Archivo generado: C_VEN_PRE_MIGFFTC260529_SL.txt (7226 registros)
2026-05-29 09:29:58,220 - src.database - INFO - Conexión cerrada.
2026-05-29 09:29:58,220 - src.processor - INFO - Proceso finalizado.
2026-05-29 09:29:58,224 - Main - INFO - --- Ejecución completada exitosamente ---
2026-05-29 09:31:46,276 - Main - INFO - --- Iniciando Sistema de Generación de Audiencias ---
2026-05-29 09:31:46,291 - src.processor - INFO - Iniciando procesamiento de audiencias...
2026-05-29 09:31:46,297 - src.database - INFO - Intentando conectar a Teradata host: tdtvntg.claro.com.co...
2026-05-29 09:31:48,269 - src.database - INFO - Conexión a Teradata exitosa.
2026-05-29 09:31:48,270 - src.processor - WARNING - Canal desconocido 'IVR' en fila 0. Saltando.
2026-05-29 09:31:48,367 - src.database - INFO - Conexión cerrada.
2026-05-29 09:31:48,367 - src.processor - INFO - Proceso finalizado.
2026-05-29 09:31:48,367 - Main - INFO - --- Ejecución completada exitosamente ---
2026-05-29 11:09:13,812 - Main - INFO - --- Iniciando Sistema de Generación de Audiencias ---
2026-05-29 11:09:13,831 - src.processor - INFO - Iniciando procesamiento de audiencias...
2026-05-29 11:09:13,834 - src.database - INFO - Intentando conectar a Teradata host: tdtvntg.claro.com.co...
2026-05-29 11:09:15,378 - src.database - INFO - Conexión a Teradata exitosa.
2026-05-29 11:09:15,380 - src.processor - INFO - Procesando: C_VEN_PRE_MIGAATB_RCS para fecha 2026-05-29 en carpeta 20260529
2026-05-29 11:09:23,133 - src.processor - INFO - Registros encontrados: 146109
2026-05-29 11:09:23,201 - src.processor - INFO - Archivo generado: C_VEN_PRE_MIGAATB260529_RCS.txt (146109 registros)
2026-05-29 11:09:23,202 - src.processor - INFO - Procesando: C_VEN_PRE_MIGAATB_SL para fecha 2026-05-29 en carpeta 20260529
2026-05-29 11:09:33,522 - src.processor - INFO - Registros encontrados: 230000
2026-05-29 11:09:33,635 - src.processor - INFO - Archivo generado: C_VEN_PRE_MIGAATB260529_SL.txt (230000 registros)
2026-05-29 11:09:33,954 - src.database - INFO - Conexión cerrada.
2026-05-29 11:09:33,955 - src.processor - INFO - Proceso finalizado.
2026-05-29 11:09:33,965 - Main - INFO - --- Ejecución completada exitosamente ---
2026-05-29 14:10:49,010 - Main - INFO - --- Iniciando Sistema de Generación de Audiencias ---
2026-05-29 14:10:49,029 - src.processor - INFO - Iniciando procesamiento de audiencias...
2026-05-29 14:10:49,033 - src.database - INFO - Intentando conectar a Teradata host: tdtvntg.claro.com.co...
2026-05-29 14:10:50,452 - src.database - INFO - Conexión a Teradata exitosa.
2026-05-29 14:10:50,457 - src.processor - INFO - Procesando: C_VEN_PRE_MIGAAT2_RCS para fecha 2026-05-30 en carpeta 20260530
2026-05-29 14:11:00,539 - src.processor - INFO - Registros encontrados: 421279
2026-05-29 14:11:00,740 - src.processor - INFO - Archivo generado: C_VEN_PRE_MIGAAT2260530_RCS.txt (421279 registros)
2026-05-29 14:11:00,741 - src.processor - INFO - Procesando: C_VEN_PRE_MIGAAT2_WPP para fecha 2026-05-30 en carpeta 20260530
2026-05-29 14:11:02,144 - src.processor - INFO - Registros encontrados: 0
2026-05-29 14:11:02,144 - src.processor - WARNING - Registros insuficientes (0) para C_VEN_PRE_MIGAAT2_WPP. Mínimo requerido: 50. Archivo NO generado.
2026-05-29 14:11:02,145 - src.processor - INFO - Procesando: C_VEN_PRE_MIGAATB_RCS para fecha 2026-05-30 en carpeta 20260530
2026-05-29 14:11:06,987 - src.processor - INFO - Registros encontrados: 146109
2026-05-29 14:11:07,068 - src.processor - INFO - Archivo generado: C_VEN_PRE_MIGAATB260530_RCS.txt (146109 registros)
2026-05-29 14:11:07,070 - src.processor - INFO - Procesando: C_VEN_PRE_MIGCTWB_WPP para fecha 2026-05-30 en carpeta 20260530
2026-05-29 14:11:09,083 - src.processor - INFO - Registros encontrados: 0
2026-05-29 14:11:09,083 - src.processor - WARNING - Registros insuficientes (0) para C_VEN_PRE_MIGCTWB_WPP. Mínimo requerido: 50. Archivo NO generado.
2026-05-29 14:11:09,084 - src.processor - INFO - Procesando: C_VEN_PRE_MIGCTWC_RCS para fecha 2026-05-30 en carpeta 20260530
2026-05-29 14:11:15,819 - src.processor - INFO - Registros encontrados: 174183
2026-05-29 14:11:15,905 - src.processor - INFO - Archivo generado: C_VEN_PRE_MIGCTWC260530_RCS.txt (174183 registros)
2026-05-29 14:11:15,906 - src.processor - INFO - Procesando: C_VEN_PRE_MIGCTWC_SL para fecha 2026-05-30 en carpeta 20260530
2026-05-29 14:11:25,736 - src.processor - INFO - Registros encontrados: 220197
2026-05-29 14:11:25,850 - src.processor - INFO - Archivo generado: C_VEN_PRE_MIGCTWC260530_SL.txt (220197 registros)
2026-05-29 14:11:25,851 - src.processor - INFO - Procesando: C_VEN_PRE_MIGFFT2_SL para fecha 2026-05-30 en carpeta 20260530
2026-05-29 14:11:48,247 - src.processor - INFO - Registros encontrados: 944001
2026-05-29 14:11:48,711 - src.processor - INFO - Archivo generado: C_VEN_PRE_MIGFFT2260530_SL.txt (944001 registros)
2026-05-29 14:11:48,712 - src.processor - INFO - Procesando: C_VEN_PRE_MIGFFTD_SL para fecha 2026-05-30 en carpeta 20260530
2026-05-29 14:12:10,617 - src.processor - INFO - Registros encontrados: 944001
2026-05-29 14:12:11,069 - src.processor - INFO - Archivo generado: C_VEN_PRE_MIGFFTD260530_SL.txt (944001 registros)
2026-05-29 14:12:11,069 - src.processor - INFO - Procesando: C_VEN_PRE_MIGFFTE_SL para fecha 2026-05-30 en carpeta 20260530
2026-05-29 14:12:33,704 - src.processor - INFO - Registros encontrados: 944001
2026-05-29 14:12:34,179 - src.processor - INFO - Archivo generado: C_VEN_PRE_MIGFFTE260530_SL.txt (944001 registros)
2026-05-29 14:12:34,179 - src.processor - INFO - Procesando: C_VEN_PRE_MIGFFTF_SL para fecha 2026-05-30 en carpeta 20260530
2026-05-29 14:12:56,773 - src.processor - INFO - Registros encontrados: 944000
2026-05-29 14:12:57,228 - src.processor - INFO - Archivo generado: C_VEN_PRE_MIGFFTF260530_SL.txt (944000 registros)
2026-05-29 14:12:57,229 - src.processor - INFO - Procesando: C_VEN_PRE_MIGAATB_RCS para fecha 2026-05-30 en carpeta 20260530
2026-05-29 14:13:02,028 - src.processor - INFO - Registros encontrados: 146109
2026-05-29 14:13:55,383 - src.processor - INFO - Archivo generado: C_VEN_PRE_MIGAATB260530_RCS.txt (146109 registros)
2026-05-29 14:13:55,383 - src.processor - INFO - Procesando: C_VEN_PRE_MIGAATB_SL para fecha 2026-05-30 en carpeta 20260530
2026-05-29 14:14:08,583 - src.processor - INFO - Registros encontrados: 465721
2026-05-29 14:14:08,813 - src.processor - INFO - Archivo generado: C_VEN_PRE_MIGAATB260530_SL.txt (465721 registros)
2026-05-29 14:14:08,863 - src.database - INFO - Conexión cerrada.
2026-05-29 14:14:08,863 - src.processor - INFO - Proceso finalizado.
2026-05-29 14:14:08,879 - Main - INFO - --- Ejecución completada exitosamente ---
2026-06-01 08:17:33,499 - Main - INFO - --- Iniciando Sistema de Generación de Audiencias ---
2026-06-01 08:17:33,528 - src.processor - INFO - Iniciando procesamiento de audiencias...
2026-06-01 08:17:33,537 - src.database - INFO - Intentando conectar a Teradata host: tdtvntg.claro.com.co...
2026-06-01 08:17:37,348 - src.database - INFO - Conexión a Teradata exitosa.
2026-06-01 08:17:37,357 - src.processor - INFO - Procesando: C_VEN_PRE_MIGFFT1_SL para fecha 2026-06-01 en carpeta 20260601
2026-06-01 08:18:19,610 - src.processor - INFO - Registros encontrados: 725921
2026-06-01 08:18:20,424 - src.processor - INFO - Archivo generado: C_VEN_PRE_MIGFFT1260601_SL.txt (725921 registros)
2026-06-01 08:18:20,427 - src.processor - INFO - Procesando: C_VEN_PRE_MIGFFTB_SL para fecha 2026-06-01 en carpeta 20260601
2026-06-01 08:19:00,097 - src.processor - INFO - Registros encontrados: 725920
2026-06-01 08:19:01,320 - src.processor - INFO - Archivo generado: C_VEN_PRE_MIGFFTB260601_SL.txt (725920 registros)
2026-06-01 08:19:01,322 - src.processor - INFO - Procesando: C_VEN_PRE_MIGFFTA_SL para fecha 2026-06-01 en carpeta 20260601
2026-06-01 08:19:46,014 - src.processor - INFO - Registros encontrados: 725921
2026-06-01 08:19:47,001 - src.processor - INFO - Archivo generado: C_VEN_PRE_MIGFFTA260601_SL.txt (725921 registros)
2026-06-01 08:19:47,003 - src.processor - INFO - Procesando: C_VEN_PRE_MIGFFTB_RCS para fecha 2026-06-01 en carpeta 20260601
2026-06-01 08:21:14,737 - src.processor - INFO - Registros encontrados: 2052740
2026-06-01 08:21:16,941 - src.processor - INFO - Archivo generado: C_VEN_PRE_MIGFFTB260601_RCS.txt (2052740 registros)
2026-06-01 08:21:16,943 - src.processor - INFO - Procesando: C_VEN_PRE_MIGFFTC_SL para fecha 2026-06-01 en carpeta 20260601
2026-06-01 08:21:20,962 - src.processor - INFO - Registros encontrados: 32164
2026-06-01 08:21:21,006 - src.processor - INFO - Archivo generado: C_VEN_PRE_MIGFFTC260601_SL.txt (32164 registros)
2026-06-01 08:21:21,045 - src.database - INFO - Conexión cerrada.
2026-06-01 08:21:21,047 - src.processor - INFO - Proceso finalizado.
2026-06-01 08:21:21,051 - Main - INFO - --- Ejecución completada exitosamente ---
2026-06-01 12:25:50,295 - Main - INFO - --- Iniciando Sistema de Generación de Audiencias ---
2026-06-01 12:25:50,309 - src.processor - INFO - Iniciando procesamiento de audiencias...
2026-06-01 12:25:50,323 - src.database - INFO - Intentando conectar a Teradata host: tdtvntg.claro.com.co...
2026-06-01 12:25:52,897 - src.database - INFO - Conexión a Teradata exitosa.
2026-06-01 12:25:52,903 - src.processor - INFO - Procesando: C_VEN_PRE_MIGFFT1_SL para fecha 2026-06-01 en carpeta 20260601
2026-06-01 12:26:06,573 - src.processor - INFO - Registros encontrados: 544440
2026-06-01 12:26:37,204 - src.processor - INFO - Archivo generado: C_VEN_PRE_MIGFFT1260601_SL.txt (544440 registros)
2026-06-01 12:26:37,205 - src.processor - INFO - Procesando: C_VEN_PRE_MIGFFTB_SL para fecha 2026-06-01 en carpeta 20260601
2026-06-01 12:26:51,367 - src.processor - INFO - Registros encontrados: 544440
2026-06-01 12:26:57,700 - src.processor - INFO - Archivo generado: C_VEN_PRE_MIGFFTB260601_SL.txt (544440 registros)
2026-06-01 12:26:57,701 - src.processor - INFO - Procesando: C_VEN_PRE_MIGFFTA_SL para fecha 2026-06-01 en carpeta 20260601
2026-06-01 12:27:11,650 - src.processor - INFO - Registros encontrados: 544440
2026-06-01 12:27:14,004 - src.processor - INFO - Archivo generado: C_VEN_PRE_MIGFFTA260601_SL.txt (544440 registros)
2026-06-01 12:27:14,005 - src.processor - INFO - Procesando: C_VEN_PRE_MIGFFTB_RCS para fecha 2026-06-01 en carpeta 20260601
2026-06-01 12:27:15,431 - src.processor - INFO - Registros encontrados: 0
2026-06-01 12:27:15,432 - src.processor - WARNING - Registros insuficientes (0) para C_VEN_PRE_MIGFFTB_RCS. Mínimo requerido: 50. Archivo NO generado.
2026-06-01 12:27:15,433 - src.processor - INFO - Procesando: C_VEN_PRE_MIGFFTC_SL para fecha 2026-06-01 en carpeta 20260601
2026-06-01 12:27:31,871 - src.processor - INFO - Registros encontrados: 544440
2026-06-01 12:27:34,668 - src.processor - INFO - Archivo generado: C_VEN_PRE_MIGFFTC260601_SL.txt (544440 registros)
2026-06-01 12:27:34,669 - src.processor - INFO - Procesando: C_VEN_PRE_MIGCTWA_RCS para fecha 2026-06-01 en carpeta 20260601
2026-06-01 12:27:40,761 - src.processor - INFO - Registros encontrados: 189341
2026-06-01 12:27:40,850 - src.processor - INFO - Archivo generado: C_VEN_PRE_MIGCTWA260601_RCS.txt (189341 registros)
2026-06-01 12:27:40,850 - src.processor - INFO - Procesando: C_VEN_PRE_MIGCTWA_SL para fecha 2026-06-01 en carpeta 20260601
2026-06-01 12:27:45,483 - src.processor - INFO - Registros encontrados: 136972
2026-06-01 12:27:45,548 - src.processor - INFO - Archivo generado: C_VEN_PRE_MIGCTWA260601_SL.txt (136972 registros)
2026-06-01 12:27:45,550 - src.processor - INFO - Procesando: C_VEN_POS_MIGQBAN_WPP para fecha 2026-06-01 en carpeta 20260601
2026-06-01 12:27:47,031 - src.processor - INFO - Registros encontrados: 0
2026-06-01 12:27:47,032 - src.processor - WARNING - Registros insuficientes (0) para C_VEN_POS_MIGQBAN_WPP. Mínimo requerido: 50. Archivo NO generado.
2026-06-01 12:27:47,032 - src.processor - INFO - Procesando: C_VEN_PRE_MIGFFT1_RCS para fecha 2026-06-01 en carpeta 20260601
2026-06-01 12:27:48,535 - src.processor - INFO - Registros encontrados: 0
2026-06-01 12:27:48,535 - src.processor - WARNING - Registros insuficientes (0) para C_VEN_PRE_MIGFFT1_RCS. Mínimo requerido: 50. Archivo NO generado.
2026-06-01 12:27:48,536 - src.processor - INFO - Procesando: C_VEN_PRE_MIGPADA_WPP para fecha 2026-06-01 en carpeta 20260601
2026-06-01 12:27:50,406 - src.processor - INFO - Registros encontrados: 9948
2026-06-01 12:27:50,412 - src.processor - INFO - Archivo generado: C_VEN_PRE_MIGPADA260601_WPP.txt (9948 registros)
2026-06-01 12:27:50,462 - src.database - INFO - Conexión cerrada.
2026-06-01 12:27:50,463 - src.processor - INFO - Proceso finalizado.
2026-06-01 12:27:50,464 - Main - INFO - --- Ejecución completada exitosamente ---
2026-06-01 12:34:02,613 - Main - INFO - --- Iniciando Sistema de Generación de Audiencias ---
2026-06-01 12:34:02,627 - src.processor - INFO - Iniciando procesamiento de audiencias...
2026-06-01 12:34:02,630 - src.database - INFO - Intentando conectar a Teradata host: tdtvntg.claro.com.co...
2026-06-01 12:34:04,133 - src.database - INFO - Conexión a Teradata exitosa.
2026-06-01 12:34:04,135 - src.processor - INFO - Procesando: C_VEN_PRE_MIGFFT1_SL para fecha 2026-06-01 en carpeta 20260601
2026-06-01 12:34:17,600 - src.processor - INFO - Registros encontrados: 544440
2026-06-01 12:34:20,374 - src.processor - INFO - Archivo generado: C_VEN_PRE_MIGFFT1260601_SL.txt (544440 registros)
2026-06-01 12:34:20,375 - src.processor - INFO - Procesando: C_VEN_PRE_MIGFFTB_SL para fecha 2026-06-01 en carpeta 20260601
2026-06-01 12:34:33,907 - src.processor - INFO - Registros encontrados: 544440
2026-06-01 12:34:35,987 - src.processor - INFO - Archivo generado: C_VEN_PRE_MIGFFTB260601_SL.txt (544440 registros)
2026-06-01 12:34:35,988 - src.processor - INFO - Procesando: C_VEN_PRE_MIGFFTA_SL para fecha 2026-06-01 en carpeta 20260601
2026-06-01 12:34:49,437 - src.processor - INFO - Registros encontrados: 544440
2026-06-01 12:34:52,345 - src.processor - INFO - Archivo generado: C_VEN_PRE_MIGFFTA260601_SL.txt (544440 registros)
2026-06-01 12:34:52,346 - src.processor - INFO - Procesando: C_VEN_PRE_MIGFFTB_RCS para fecha 2026-06-01 en carpeta 20260601
2026-06-01 12:34:58,740 - src.processor - INFO - Registros encontrados: 229246
2026-06-01 12:35:02,446 - src.processor - INFO - Archivo generado: C_VEN_PRE_MIGFFTB260601_RCS.txt (229246 registros)
2026-06-01 12:35:02,447 - src.processor - INFO - Procesando: C_VEN_PRE_MIGFFTC_SL para fecha 2026-06-01 en carpeta 20260601
2026-06-01 12:35:16,053 - src.processor - INFO - Registros encontrados: 544440
2026-06-01 12:35:18,300 - src.processor - INFO - Archivo generado: C_VEN_PRE_MIGFFTC260601_SL.txt (544440 registros)
2026-06-01 12:35:18,301 - src.processor - INFO - Procesando: C_VEN_PRE_MIGCTWA_RCS para fecha 2026-06-01 en carpeta 20260601
2026-06-01 12:35:25,012 - src.processor - INFO - Registros encontrados: 189341
2026-06-01 12:35:26,828 - src.processor - INFO - Archivo generado: C_VEN_PRE_MIGCTWA260601_RCS.txt (189341 registros)
2026-06-01 12:35:26,829 - src.processor - INFO - Procesando: C_VEN_PRE_MIGCTWA_SL para fecha 2026-06-01 en carpeta 20260601
2026-06-01 12:35:31,227 - src.processor - INFO - Registros encontrados: 136972
2026-06-01 12:35:36,371 - src.processor - INFO - Archivo generado: C_VEN_PRE_MIGCTWA260601_SL.txt (136972 registros)
2026-06-01 12:35:36,372 - src.processor - INFO - Procesando: C_VEN_POS_MIGQBAN_WPP para fecha 2026-06-01 en carpeta 20260601
2026-06-01 12:35:37,881 - src.processor - INFO - Registros encontrados: 4480
2026-06-01 12:35:37,884 - src.processor - INFO - Archivo generado: C_VEN_POS_MIGQBAN260601_WPP.txt (4480 registros)
2026-06-01 12:35:37,885 - src.processor - INFO - Procesando: C_VEN_PRE_MIGFFT1_RCS para fecha 2026-06-01 en carpeta 20260601
2026-06-01 12:35:44,899 - src.processor - INFO - Registros encontrados: 229246
2026-06-01 12:35:45,009 - src.processor - INFO - Archivo generado: C_VEN_PRE_MIGFFT1260601_RCS.txt (229246 registros)
2026-06-01 12:35:45,010 - src.processor - INFO - Procesando: C_VEN_PRE_MIGPADA_WPP para fecha 2026-06-01 en carpeta 20260601
2026-06-01 12:35:46,743 - src.processor - INFO - Registros encontrados: 9948
2026-06-01 12:36:05,998 - src.processor - INFO - Archivo generado: C_VEN_PRE_MIGPADA260601_WPP.txt (9948 registros)
2026-06-01 12:36:06,028 - src.database - INFO - Conexión cerrada.
2026-06-01 12:36:06,028 - src.processor - INFO - Proceso finalizado.
2026-06-01 12:36:06,029 - Main - INFO - --- Ejecución completada exitosamente ---
2026-06-01 18:45:58,543 - Main - INFO - --- Iniciando Sistema de Generación de Audiencias ---
2026-06-01 18:45:58,559 - src.processor - INFO - Iniciando procesamiento de audiencias...
2026-06-01 18:45:58,567 - src.database - INFO - Intentando conectar a Teradata host: tdtvntg.claro.com.co...
2026-06-01 18:46:00,572 - src.database - INFO - Conexión a Teradata exitosa.
2026-06-01 18:46:00,578 - src.processor - INFO - Procesando: C_VEN_PRE_MIGFFT1_SL para fecha 2026-06-02 en carpeta 20260602
2026-06-01 18:46:04,192 - src.processor - INFO - Registros encontrados: 125028
2026-06-01 18:46:04,257 - src.processor - INFO - Archivo generado: C_VEN_PRE_MIGFFT1260602_SL.txt (125028 registros)
2026-06-01 18:46:04,258 - src.processor - INFO - Procesando: C_VEN_PRE_MIGFFT2_RCS para fecha 2026-06-02 en carpeta 20260602
2026-06-01 18:46:05,834 - src.processor - INFO - Registros encontrados: 7651
2026-06-01 18:46:05,842 - src.processor - INFO - Archivo generado: C_VEN_PRE_MIGFFT2260602_RCS.txt (7651 registros)
2026-06-01 18:46:05,843 - src.processor - INFO - Procesando: C_VEN_PRE_MIGFFTA_RCS para fecha 2026-06-02 en carpeta 20260602
2026-06-01 18:46:25,711 - src.processor - INFO - Registros encontrados: 1025936
2026-06-01 18:46:26,246 - src.processor - INFO - Archivo generado: C_VEN_PRE_MIGFFTA260602_RCS.txt (1025936 registros)
2026-06-01 18:46:26,246 - src.processor - INFO - Procesando: C_VEN_PRE_MIGFFTA_SL para fecha 2026-06-02 en carpeta 20260602
2026-06-01 18:46:34,457 - src.processor - INFO - Registros encontrados: 362796
2026-06-01 18:46:34,634 - src.processor - INFO - Archivo generado: C_VEN_PRE_MIGFFTA260602_SL.txt (362796 registros)
2026-06-01 18:46:34,636 - src.processor - INFO - Procesando: C_VEN_PRE_MIGFFTB_RCS para fecha 2026-06-02 en carpeta 20260602
2026-06-01 18:46:40,477 - src.processor - INFO - Registros encontrados: 229211
2026-06-01 18:46:40,594 - src.processor - INFO - Archivo generado: C_VEN_PRE_MIGFFTB260602_RCS.txt (229211 registros)
2026-06-01 18:46:40,596 - src.processor - INFO - Procesando: C_VEN_PRE_MIGFFTB_SL para fecha 2026-06-02 en carpeta 20260602
2026-06-01 18:46:48,570 - src.processor - INFO - Registros encontrados: 362796
2026-06-01 18:46:48,756 - src.processor - INFO - Archivo generado: C_VEN_PRE_MIGFFTB260602_SL.txt (362796 registros)
2026-06-01 18:46:48,756 - src.processor - INFO - Procesando: C_VEN_PRE_MIGFFTC_SL para fecha 2026-06-02 en carpeta 20260602
2026-06-01 18:46:56,847 - src.processor - INFO - Registros encontrados: 362796
2026-06-01 18:46:57,022 - src.processor - INFO - Archivo generado: C_VEN_PRE_MIGFFTC260602_SL.txt (362796 registros)
2026-06-01 18:46:57,023 - src.processor - INFO - Procesando: C_VEN_PRE_MIGFFTE_SL para fecha 2026-06-02 en carpeta 20260602
2026-06-01 18:46:58,665 - src.processor - INFO - Registros encontrados: 8139
2026-06-01 18:46:58,675 - src.processor - INFO - Archivo generado: C_VEN_PRE_MIGFFTE260602_SL.txt (8139 registros)
2026-06-01 18:46:58,676 - src.processor - INFO - Procesando: C_VEN_PRE_MIGFFTF_SL para fecha 2026-06-02 en carpeta 20260602
2026-06-01 18:47:02,431 - src.processor - INFO - Registros encontrados: 125028
2026-06-01 18:47:02,494 - src.processor - INFO - Archivo generado: C_VEN_PRE_MIGFFTF260602_SL.txt (125028 registros)
2026-06-01 18:47:02,524 - src.database - INFO - Conexión cerrada.
2026-06-01 18:47:02,524 - src.processor - INFO - Proceso finalizado.
2026-06-01 18:47:02,531 - Main - INFO - --- Ejecución completada exitosamente ---
2026-06-01 19:02:44,554 - Main - INFO - --- Iniciando Sistema de Generación de Audiencias ---
2026-06-01 19:02:44,555 - src.processor - INFO - Iniciando procesamiento de audiencias...
2026-06-01 19:02:44,564 - src.database - INFO - Intentando conectar a Teradata host: tdtvntg.claro.com.co...
2026-06-01 19:02:45,929 - src.database - INFO - Conexión a Teradata exitosa.
2026-06-01 19:02:45,933 - src.processor - WARNING - Canal desconocido 'IVR' en fila 0. Saltando.
2026-06-01 19:02:45,952 - src.database - INFO - Conexión cerrada.
2026-06-01 19:02:45,953 - src.processor - INFO - Proceso finalizado.
2026-06-01 19:02:45,953 - Main - INFO - --- Ejecución completada exitosamente ---
2026-06-02 15:44:09,985 - Main - INFO - --- Iniciando Sistema de Generación de Audiencias ---
2026-06-02 15:44:09,985 - src.processor - INFO - Iniciando procesamiento de audiencias...
2026-06-02 15:44:09,985 - src.database - INFO - Intentando conectar a Teradata host: tdtvntg.claro.com.co...
2026-06-02 15:44:12,685 - src.database - INFO - Conexión a Teradata exitosa.
2026-06-02 15:44:12,687 - src.processor - WARNING - Canal desconocido 'IVR' en fila 0. Saltando.
2026-06-02 15:44:12,746 - src.database - INFO - Conexión cerrada.
2026-06-02 15:44:12,747 - src.processor - INFO - Proceso finalizado.
2026-06-02 15:44:12,747 - Main - INFO - --- Ejecución completada exitosamente ---
2026-06-02 18:56:31,508 - Main - INFO - --- Iniciando Sistema de Generación de Audiencias ---
2026-06-02 18:56:31,547 - src.processor - INFO - Iniciando procesamiento de audiencias...
2026-06-02 18:56:31,561 - src.database - INFO - Intentando conectar a Teradata host: tdtvntg.claro.com.co...
2026-06-02 18:56:33,182 - src.database - INFO - Conexión a Teradata exitosa.
2026-06-02 18:56:33,190 - src.processor - WARNING - Canal desconocido 'IVR' en fila 0. Saltando.
2026-06-02 18:56:33,215 - src.database - INFO - Conexión cerrada.
2026-06-02 18:56:33,222 - src.processor - INFO - Proceso finalizado.
2026-06-02 18:56:33,223 - Main - INFO - --- Ejecución completada exitosamente ---
2026-06-09 07:36:27,886 - Main - INFO - --- Iniciando Sistema de Generación de Audiencias ---
2026-06-09 07:36:27,916 - src.processor - INFO - Iniciando procesamiento de audiencias...
2026-06-09 07:36:27,944 - src.database - INFO - Intentando conectar a Teradata host: tdtvntg.claro.com.co...
2026-06-09 07:36:30,828 - src.database - INFO - Conexión a Teradata exitosa.
2026-06-09 07:36:30,859 - src.processor - INFO - Procesando: C_VEN_PRE_MIGFFTE_SL para fecha 2026-06-09 en carpeta 20260609
2026-06-09 07:36:47,472 - src.processor - INFO - Registros encontrados: 632317
2026-06-09 07:36:47,853 - src.processor - INFO - Archivo generado: C_VEN_PRE_MIGFFTE260609_SL.txt (632317 registros)
2026-06-09 07:36:47,854 - src.processor - INFO - Procesando: C_VEN_PRE_MIGFUFA_WPP para fecha 2026-06-09 en carpeta 20260609
2026-06-09 07:36:49,814 - src.processor - INFO - Registros encontrados: 4253
2026-06-09 07:36:49,821 - src.processor - INFO - Archivo generado: C_VEN_PRE_MIGFUFA260609_WPP.txt (4253 registros)
2026-06-09 07:36:49,822 - src.processor - INFO - Procesando: C_VEN_PRE_MIGFFT2_RCS para fecha 2026-06-09 en carpeta 20260609
2026-06-09 07:36:51,600 - src.processor - INFO - Registros encontrados: 7175
2026-06-09 07:36:51,607 - src.processor - INFO - Archivo generado: C_VEN_PRE_MIGFFT2260609_RCS.txt (7175 registros)
2026-06-09 07:36:51,608 - src.processor - INFO - Procesando: C_VEN_PRE_MIGCTWA_RCS para fecha 2026-06-09 en carpeta 20260609
2026-06-09 07:36:56,890 - src.processor - INFO - Registros encontrados: 178842
2026-06-09 07:36:57,002 - src.processor - INFO - Archivo generado: C_VEN_PRE_MIGCTWA260609_RCS.txt (178842 registros)
2026-06-09 07:36:57,004 - src.processor - INFO - Procesando: C_VEN_PRE_MIGCTWA_SL para fecha 2026-06-09 en carpeta 20260609
2026-06-09 07:37:04,184 - src.processor - INFO - Registros encontrados: 279536
2026-06-09 07:37:04,371 - src.processor - INFO - Archivo generado: C_VEN_PRE_MIGCTWA260609_SL.txt (279536 registros)
2026-06-09 07:37:04,373 - src.processor - INFO - Procesando: C_VEN_PRE_MIGFFT2_SL para fecha 2026-06-09 en carpeta 20260609
2026-06-09 07:37:21,279 - src.processor - INFO - Registros encontrados: 783948
2026-06-09 07:37:21,668 - src.processor - INFO - Archivo generado: C_VEN_PRE_MIGFFT2260609_SL.txt (783948 registros)
2026-06-09 07:37:21,668 - src.processor - INFO - Procesando: C_VEN_PRE_MIGFFTB_RCS para fecha 2026-06-09 en carpeta 20260609
2026-06-09 07:37:25,299 - src.processor - INFO - Registros encontrados: 51335
2026-06-09 07:37:25,329 - src.processor - INFO - Archivo generado: C_VEN_PRE_MIGFFTB260609_RCS.txt (51335 registros)
2026-06-09 07:37:25,371 - src.database - INFO - Conexión cerrada.
2026-06-09 07:37:25,372 - src.processor - INFO - Proceso finalizado.
2026-06-09 07:37:25,375 - Main - INFO - --- Ejecución completada exitosamente ---
2026-06-09 07:38:11,206 - Main - INFO - --- Iniciando Sistema de Generación de Audiencias ---
2026-06-09 07:38:11,207 - src.processor - INFO - Iniciando procesamiento de audiencias...
2026-06-09 07:38:11,210 - src.database - INFO - Intentando conectar a Teradata host: tdtvntg.claro.com.co...
2026-06-09 07:38:12,478 - src.database - INFO - Conexión a Teradata exitosa.
2026-06-09 07:38:12,480 - src.processor - INFO - Procesando: C_VEN_PRE_MIGFFTE_SL para fecha 2026-06-09 en carpeta 20260609
2026-06-09 07:38:28,628 - src.processor - INFO - Registros encontrados: 632317
2026-06-09 07:38:32,541 - src.processor - INFO - Archivo generado: C_VEN_PRE_MIGFFTE260609_SL.txt (632317 registros)
2026-06-09 07:38:32,542 - src.processor - INFO - Procesando: C_VEN_PRE_MIGFUFA_WPP para fecha 2026-06-09 en carpeta 20260609
2026-06-09 07:38:35,358 - src.processor - INFO - Registros encontrados: 4253
2026-06-09 07:38:42,298 - src.processor - INFO - Archivo generado: C_VEN_PRE_MIGFUFA260609_WPP.txt (4253 registros)
2026-06-09 07:38:42,299 - src.processor - INFO - Procesando: C_VEN_PRE_MIGFFT2_RCS para fecha 2026-06-09 en carpeta 20260609
2026-06-09 07:38:45,047 - src.processor - INFO - Registros encontrados: 7175
2026-06-09 07:38:48,562 - src.processor - INFO - Archivo generado: C_VEN_PRE_MIGFFT2260609_RCS.txt (7175 registros)
2026-06-09 07:38:48,562 - src.processor - INFO - Procesando: C_VEN_PRE_MIGCTWA_RCS para fecha 2026-06-09 en carpeta 20260609
2026-06-09 07:38:54,216 - src.processor - INFO - Registros encontrados: 178842
2026-06-09 07:39:01,761 - src.processor - INFO - Archivo generado: C_VEN_PRE_MIGCTWA260609_RCS.txt (178842 registros)
2026-06-09 07:39:01,762 - src.processor - INFO - Procesando: C_VEN_PRE_MIGCTWA_SL para fecha 2026-06-09 en carpeta 20260609
2026-06-09 07:39:08,892 - src.processor - INFO - Registros encontrados: 279536
2026-06-09 07:39:12,538 - src.processor - INFO - Archivo generado: C_VEN_PRE_MIGCTWA260609_SL.txt (279536 registros)
2026-06-09 07:39:12,539 - src.processor - INFO - Procesando: C_VEN_PRE_MIGFFTF_SL para fecha 2026-06-09 en carpeta 20260609
2026-06-09 07:39:27,664 - src.processor - INFO - Registros encontrados: 591410
2026-06-09 07:39:27,941 - src.processor - INFO - Archivo generado: C_VEN_PRE_MIGFFTF260609_SL.txt (591410 registros)
2026-06-09 07:39:27,942 - src.processor - INFO - Procesando: C_VEN_PRE_MIGFFT2_SL para fecha 2026-06-09 en carpeta 20260609
2026-06-09 07:39:46,692 - src.processor - INFO - Registros encontrados: 783948
2026-06-09 07:39:51,172 - src.processor - INFO - Archivo generado: C_VEN_PRE_MIGFFT2260609_SL.txt (783948 registros)
2026-06-09 07:39:51,173 - src.processor - INFO - Procesando: C_VEN_PRE_MIGFFTD_SL para fecha 2026-06-09 en carpeta 20260609
2026-06-09 07:40:07,080 - src.processor - INFO - Registros encontrados: 591410
2026-06-09 07:40:07,352 - src.processor - INFO - Archivo generado: C_VEN_PRE_MIGFFTD260609_SL.txt (591410 registros)
2026-06-09 07:40:07,353 - src.processor - INFO - Procesando: C_VEN_PRE_MIGFFTB_RCS para fecha 2026-06-09 en carpeta 20260609
2026-06-09 07:40:10,462 - src.processor - INFO - Registros encontrados: 51335
2026-06-09 07:40:14,824 - src.processor - INFO - Archivo generado: C_VEN_PRE_MIGFFTB260609_RCS.txt (51335 registros)
2026-06-09 07:40:14,853 - src.database - INFO - Conexión cerrada.
2026-06-09 07:40:14,853 - src.processor - INFO - Proceso finalizado.
2026-06-09 07:40:14,856 - Main - INFO - --- Ejecución completada exitosamente ---
2026-06-10 09:45:15,237 - Main - INFO - --- Iniciando Sistema de Generación de Audiencias ---
2026-06-10 09:45:15,237 - src.processor - INFO - Iniciando procesamiento de audiencias...
2026-06-10 09:45:15,257 - src.database - INFO - Intentando conectar a Teradata host: tdtvntg.claro.com.co...
2026-06-10 09:45:16,934 - src.database - INFO - Conexión a Teradata exitosa.
2026-06-10 09:45:16,940 - src.processor - INFO - Procesando: C_VEN_PRE_MIGFFT1_SL para fecha 2026-06-10 en carpeta 20260610
2026-06-10 09:45:25,028 - src.processor - INFO - Registros encontrados: 0
2026-06-10 09:45:25,029 - src.processor - WARNING - Registros insuficientes (0) para C_VEN_PRE_MIGFFT1_SL. Mínimo requerido: 50. Archivo NO generado.
2026-06-10 09:45:25,030 - src.processor - INFO - Procesando: C_VEN_PRE_MIGCTWB_SL para fecha 2026-06-10 en carpeta 20260610
2026-06-10 09:45:35,825 - src.processor - INFO - Registros encontrados: 110000
2026-06-10 09:45:35,885 - src.processor - INFO - Archivo generado: C_VEN_PRE_MIGCTWB260610_SL.txt (110000 registros)
2026-06-10 09:45:35,886 - src.processor - INFO - Procesando: C_VEN_PRE_MIGFUFA_WPP para fecha 2026-06-10 en carpeta 20260610
2026-06-10 09:45:43,798 - src.processor - INFO - Registros encontrados: 29
2026-06-10 09:45:43,799 - src.processor - WARNING - Registros insuficientes (29) para C_VEN_PRE_MIGFUFA_WPP. Mínimo requerido: 50. Archivo NO generado.
2026-06-10 09:45:43,799 - src.processor - INFO - Procesando: C_VEN_PRE_MIGCTWB_RCS para fecha 2026-06-10 en carpeta 20260610
2026-06-10 09:45:53,663 - src.processor - INFO - Registros encontrados: 36324
2026-06-10 09:45:53,684 - src.processor - INFO - Archivo generado: C_VEN_PRE_MIGCTWB260610_RCS.txt (36324 registros)
2026-06-10 09:45:53,686 - src.processor - INFO - Procesando: C_VEN_PRE_MIGFFTA_RCS para fecha 2026-06-10 en carpeta 20260610
2026-06-10 09:46:02,218 - src.processor - INFO - Registros encontrados: 65290
2026-06-10 09:46:02,251 - src.processor - INFO - Archivo generado: C_VEN_PRE_MIGFFTA260610_RCS.txt (65290 registros)
2026-06-10 09:46:02,252 - src.processor - INFO - Procesando: C_VEN_PRE_MIGFFTB_SL para fecha 2026-06-10 en carpeta 20260610
2026-06-10 09:46:14,760 - src.processor - INFO - Registros encontrados: 301333
2026-06-10 09:46:14,897 - src.processor - INFO - Archivo generado: C_VEN_PRE_MIGFFTB260610_SL.txt (301333 registros)
2026-06-10 09:46:14,897 - src.processor - INFO - Procesando: C_VEN_PRE_MIGFFTA_SL para fecha 2026-06-10 en carpeta 20260610
2026-06-10 09:46:31,618 - src.processor - INFO - Registros encontrados: 301333
2026-06-10 09:46:31,756 - src.processor - INFO - Archivo generado: C_VEN_PRE_MIGFFTA260610_SL.txt (301333 registros)
2026-06-10 09:46:31,758 - src.processor - INFO - Procesando: C_VEN_PRE_MIGFFT1_RCS para fecha 2026-06-10 en carpeta 20260610
2026-06-10 09:46:47,212 - src.processor - INFO - Registros encontrados: 389223
2026-06-10 09:46:47,398 - src.processor - INFO - Archivo generado: C_VEN_PRE_MIGFFT1260610_RCS.txt (389223 registros)
2026-06-10 09:46:48,153 - src.database - INFO - Conexión cerrada.
2026-06-10 09:46:48,153 - src.processor - INFO - Proceso finalizado.
2026-06-10 09:46:48,173 - Main - INFO - --- Ejecución completada exitosamente ---
2026-06-10 09:47:59,703 - Main - INFO - --- Iniciando Sistema de Generación de Audiencias ---
2026-06-10 09:47:59,703 - src.processor - INFO - Iniciando procesamiento de audiencias...
2026-06-10 09:47:59,713 - src.database - INFO - Intentando conectar a Teradata host: tdtvntg.claro.com.co...
2026-06-10 09:48:03,289 - src.database - INFO - Conexión a Teradata exitosa.
2026-06-10 09:48:03,291 - src.processor - INFO - Procesando: C_VEN_PRE_MIGFFTC_SL para fecha 2026-06-10 en carpeta 20260610
2026-06-10 09:48:14,090 - src.processor - INFO - Registros encontrados: 300975
2026-06-10 09:48:14,230 - src.processor - INFO - Archivo generado: C_VEN_PRE_MIGFFTC260610_SL.txt (300975 registros)
2026-06-10 09:48:14,263 - src.database - INFO - Conexión cerrada.
2026-06-10 09:48:14,263 - src.processor - INFO - Proceso finalizado.
2026-06-10 09:48:14,277 - Main - INFO - --- Ejecución completada exitosamente ---
2026-06-11 08:00:17,821 - Main - INFO - --- Iniciando Sistema de Generación de Audiencias ---
2026-06-11 08:00:17,835 - src.processor - INFO - Iniciando procesamiento de audiencias...
2026-06-11 08:00:17,839 - src.database - INFO - Intentando conectar a Teradata host: tdtvntg.claro.com.co...
2026-06-11 08:00:21,788 - src.database - INFO - Conexión a Teradata exitosa.
2026-06-11 08:00:21,793 - src.processor - INFO - Procesando: C_VEN_PRE_MIGCTWC_RCS para fecha 2026-06-11 en carpeta 20260611
2026-06-11 08:00:27,052 - src.processor - INFO - Registros encontrados: 151659
2026-06-11 08:00:27,127 - src.processor - INFO - Archivo generado: C_VEN_PRE_MIGCTWC260611_RCS.txt (151659 registros)
2026-06-11 08:00:27,128 - src.processor - INFO - Procesando: C_VEN_PRE_MIGFFTE_SL para fecha 2026-06-11 en carpeta 20260611
2026-06-11 08:00:32,712 - src.processor - INFO - Registros encontrados: 206732
2026-06-11 08:00:32,809 - src.processor - INFO - Archivo generado: C_VEN_PRE_MIGFFTE260611_SL.txt (206732 registros)
2026-06-11 08:00:32,810 - src.processor - INFO - Procesando: C_VEN_PRE_MIGFUFA_WPP para fecha 2026-06-11 en carpeta 20260611
2026-06-11 08:00:34,565 - src.processor - INFO - Registros encontrados: 3909
2026-06-11 08:00:34,569 - src.processor - INFO - Archivo generado: C_VEN_PRE_MIGFUFA260611_WPP.txt (3909 registros)
2026-06-11 08:00:34,570 - src.processor - INFO - Procesando: C_VEN_PRE_MIGFFT2_RCS para fecha 2026-06-11 en carpeta 20260611
2026-06-11 08:00:36,827 - src.processor - INFO - Registros encontrados: 6025
2026-06-11 08:00:36,833 - src.processor - INFO - Archivo generado: C_VEN_PRE_MIGFFT2260611_RCS.txt (6025 registros)
2026-06-11 08:00:36,834 - src.processor - INFO - Procesando: C_VEN_PRE_MIGFFTF_SL para fecha 2026-06-11 en carpeta 20260611
2026-06-11 08:00:43,485 - src.processor - INFO - Registros encontrados: 204089
2026-06-11 08:00:43,593 - src.processor - INFO - Archivo generado: C_VEN_PRE_MIGFFTF260611_SL.txt (204089 registros)
2026-06-11 08:00:43,594 - src.processor - INFO - Procesando: C_VEN_PRE_MIGFFT2_SL para fecha 2026-06-11 en carpeta 20260611
2026-06-11 08:01:00,642 - src.processor - INFO - Registros encontrados: 772248
2026-06-11 08:01:01,027 - src.processor - INFO - Archivo generado: C_VEN_PRE_MIGFFT2260611_SL.txt (772248 registros)
2026-06-11 08:01:01,028 - src.processor - INFO - Procesando: C_VEN_PRE_MIGFFTD_SL para fecha 2026-06-11 en carpeta 20260611
2026-06-11 08:01:07,823 - src.processor - INFO - Registros encontrados: 209765
2026-06-11 08:01:07,922 - src.processor - INFO - Archivo generado: C_VEN_PRE_MIGFFTD260611_SL.txt (209765 registros)
2026-06-11 08:01:07,922 - src.processor - INFO - Procesando: C_VEN_PRE_MIGCTWC_SL para fecha 2026-06-11 en carpeta 20260611
2026-06-11 08:01:12,953 - src.processor - INFO - Registros encontrados: 122140
2026-06-11 08:01:13,006 - src.processor - INFO - Archivo generado: C_VEN_PRE_MIGCTWC260611_SL.txt (122140 registros)
2026-06-11 08:01:13,006 - src.processor - INFO - Procesando: C_VEN_PRE_MIGFFTB_RCS para fecha 2026-06-11 en carpeta 20260611
2026-06-11 08:01:18,653 - src.processor - INFO - Registros encontrados: 3282
2026-06-11 08:01:18,656 - src.processor - INFO - Archivo generado: C_VEN_PRE_MIGFFTB260611_RCS.txt (3282 registros)
2026-06-11 08:01:18,766 - src.database - INFO - Conexión cerrada.
2026-06-11 08:01:18,767 - src.processor - INFO - Proceso finalizado.
2026-06-11 08:01:18,768 - Main - INFO - --- Ejecución completada exitosamente ---
2026-06-12 12:12:52,981 - Main - INFO - --- Iniciando Sistema de Generación de Audiencias ---
2026-06-12 12:12:53,011 - src.processor - INFO - Iniciando procesamiento de audiencias...
2026-06-12 12:12:53,031 - src.database - INFO - Intentando conectar a Teradata host: tdtvntg.claro.com.co...
2026-06-12 12:12:57,026 - src.database - INFO - Conexión a Teradata exitosa.
2026-06-12 12:12:57,036 - src.processor - INFO - Procesando: C_VEN_PRE_MIGCTWA_SL para fecha 2026-06-12 en carpeta 20260612
2026-06-12 12:13:23,579 - src.processor - INFO - Registros encontrados: 155464
2026-06-12 12:13:23,754 - src.processor - INFO - Archivo generado: C_VEN_PRE_MIGCTWA260612_SL.txt (155464 registros)
2026-06-12 12:13:23,755 - src.processor - INFO - Procesando: C_VEN_PRE_MIGFFT1_RCS para fecha 2026-06-12 en carpeta 20260612
2026-06-12 12:13:39,196 - src.processor - INFO - Registros encontrados: 30566
2026-06-12 12:13:39,230 - src.processor - INFO - Archivo generado: C_VEN_PRE_MIGFFT1260612_RCS.txt (30566 registros)
2026-06-12 12:13:39,233 - src.processor - INFO - Procesando: C_VEN_PRE_MIGFFT1_SL para fecha 2026-06-12 en carpeta 20260612
2026-06-12 12:14:25,316 - src.processor - INFO - Registros encontrados: 693728
2026-06-12 12:14:26,049 - src.processor - INFO - Archivo generado: C_VEN_PRE_MIGFFT1260612_SL.txt (693728 registros)
2026-06-12 12:14:26,050 - src.processor - INFO - Procesando: C_VEN_PRE_MIGFFTA_RCS para fecha 2026-06-12 en carpeta 20260612
2026-06-12 12:14:37,635 - src.processor - INFO - Registros encontrados: 22903
2026-06-12 12:14:37,674 - src.processor - INFO - Archivo generado: C_VEN_PRE_MIGFFTA260612_RCS.txt (22903 registros)
2026-06-12 12:14:37,676 - src.processor - INFO - Procesando: C_VEN_PRE_MIGFFTA_SL para fecha 2026-06-12 en carpeta 20260612
2026-06-12 12:14:58,682 - src.processor - INFO - Registros encontrados: 289107
2026-06-12 12:14:58,990 - src.processor - INFO - Archivo generado: C_VEN_PRE_MIGFFTA260612_SL.txt (289107 registros)
2026-06-12 12:14:58,991 - src.processor - INFO - Procesando: C_VEN_PRE_MIGFFTB_SL para fecha 2026-06-12 en carpeta 20260612
2026-06-12 12:15:36,701 - src.processor - INFO - Registros encontrados: 596751
2026-06-12 12:15:37,348 - src.processor - INFO - Archivo generado: C_VEN_PRE_MIGFFTB260612_SL.txt (596751 registros)
2026-06-12 12:15:37,348 - src.processor - INFO - Procesando: C_VEN_PRE_MIGFFTC_SL para fecha 2026-06-12 en carpeta 20260612
2026-06-12 12:16:27,329 - src.processor - INFO - Registros encontrados: 883418
2026-06-12 12:16:28,275 - src.processor - INFO - Archivo generado: C_VEN_PRE_MIGFFTC260612_SL.txt (883418 registros)
2026-06-12 12:16:28,276 - src.processor - INFO - Procesando: C_VEN_PRE_MIGFUFA_WPP para fecha 2026-06-12 en carpeta 20260612
2026-06-12 12:16:44,172 - src.processor - INFO - Registros encontrados: 2270
2026-06-12 12:16:44,179 - src.processor - INFO - Archivo generado: C_VEN_PRE_MIGFUFA260612_WPP.txt (2270 registros)
2026-06-12 12:16:44,768 - src.database - INFO - Conexión cerrada.
2026-06-12 12:16:44,769 - src.processor - INFO - Proceso finalizado.
2026-06-12 12:16:44,771 - Main - INFO - --- Ejecución completada exitosamente ---
2026-06-17 12:19:52,814 - Main - INFO - --- Iniciando Sistema de Generación de Audiencias ---
2026-06-17 12:19:52,832 - src.processor - INFO - Iniciando procesamiento de audiencias...
2026-06-17 12:19:52,838 - src.database - INFO - Intentando conectar a Teradata host: tdtvntg.claro.com.co...
2026-06-17 12:19:56,725 - src.database - INFO - Conexión a Teradata exitosa.
2026-06-17 12:19:56,730 - src.processor - INFO - Procesando: C_VEN_PRE_MIGCTWA_RCS para fecha 2026-06-17 en carpeta 20260617
2026-06-17 12:20:09,137 - src.processor - INFO - Registros encontrados: 86060
2026-06-17 12:20:09,182 - src.processor - INFO - Archivo generado: C_VEN_PRE_MIGCTWA260617_RCS.txt (86060 registros)
2026-06-17 12:20:09,183 - src.processor - INFO - Procesando: C_VEN_PRE_MIGCTWA_SL para fecha 2026-06-17 en carpeta 20260617
2026-06-17 12:20:19,196 - src.processor - INFO - Registros encontrados: 37256
2026-06-17 12:20:19,219 - src.processor - INFO - Archivo generado: C_VEN_PRE_MIGCTWA260617_SL.txt (37256 registros)
2026-06-17 12:20:19,220 - src.processor - INFO - Procesando: C_VEN_PRE_MIGCTWB_RCS para fecha 2026-06-17 en carpeta 20260617
2026-06-17 12:20:35,447 - src.processor - INFO - Registros encontrados: 242070
2026-06-17 12:20:35,571 - src.processor - INFO - Archivo generado: C_VEN_PRE_MIGCTWB260617_RCS.txt (242070 registros)
2026-06-17 12:20:35,573 - src.processor - INFO - Procesando: C_VEN_PRE_MIGCTWB_SL para fecha 2026-06-17 en carpeta 20260617
2026-06-17 12:20:50,976 - src.processor - INFO - Registros encontrados: 82108
2026-06-17 12:20:51,023 - src.processor - INFO - Archivo generado: C_VEN_PRE_MIGCTWB260617_SL.txt (82108 registros)
2026-06-17 12:20:51,024 - src.processor - INFO - Procesando: C_VEN_PRE_MIGCTWC_RCS para fecha 2026-06-17 en carpeta 20260617
2026-06-17 12:21:00,939 - src.processor - INFO - Registros encontrados: 7718
2026-06-17 12:21:00,944 - src.processor - INFO - Archivo generado: C_VEN_PRE_MIGCTWC260617_RCS.txt (7718 registros)
2026-06-17 12:21:00,945 - src.processor - INFO - Procesando: C_VEN_PRE_MIGCTWC_SL para fecha 2026-06-17 en carpeta 20260617
2026-06-17 12:21:12,163 - src.processor - INFO - Registros encontrados: 2967
2026-06-17 12:21:12,168 - src.processor - INFO - Archivo generado: C_VEN_PRE_MIGCTWC260617_SL.txt (2967 registros)
2026-06-17 12:21:12,168 - src.processor - INFO - Procesando: C_VEN_PRE_MIGFFT1_RCS para fecha 2026-06-17 en carpeta 20260617
2026-06-17 12:21:33,874 - src.processor - INFO - Registros encontrados: 355829
2026-06-17 12:21:34,045 - src.processor - INFO - Archivo generado: C_VEN_PRE_MIGFFT1260617_RCS.txt (355829 registros)
2026-06-17 12:21:34,047 - src.processor - INFO - Procesando: C_VEN_PRE_MIGFUFA_WPP para fecha 2026-06-17 en carpeta 20260617
2026-06-17 12:21:48,586 - src.processor - INFO - Registros encontrados: 2155
2026-06-17 12:21:48,589 - src.processor - INFO - Archivo generado: C_VEN_PRE_MIGFUFA260617_WPP.txt (2155 registros)
2026-06-17 12:21:48,590 - src.processor - INFO - Procesando: C_VEN_PRE_MIGPMT1_WPP para fecha 2026-06-17 en carpeta 20260617
2026-06-17 12:21:57,924 - src.processor - INFO - Registros encontrados: 9951
2026-06-17 12:21:57,930 - src.processor - INFO - Archivo generado: C_VEN_PRE_MIGPMT1260617_WPP.txt (9951 registros)
2026-06-17 12:21:57,931 - src.processor - INFO - Procesando: C_VEN_PRE_MIGPMT2_RCS para fecha 2026-06-17 en carpeta 20260617
2026-06-17 12:22:04,885 - src.processor - INFO - Registros encontrados: 19747
2026-06-17 12:22:04,898 - src.processor - INFO - Archivo generado: C_VEN_PRE_MIGPMT2260617_RCS.txt (19747 registros)
2026-06-17 12:22:04,899 - src.processor - INFO - Procesando: C_VEN_PRE_MIGPMT2_SL para fecha 2026-06-17 en carpeta 20260617
2026-06-17 12:22:09,665 - src.processor - INFO - Registros encontrados: 0
2026-06-17 12:22:09,666 - src.processor - WARNING - Registros insuficientes (0) para C_VEN_PRE_MIGPMT2_SL. Mínimo requerido: 50. Archivo NO generado.
2026-06-17 12:22:09,667 - src.processor - INFO - Procesando: C_VEN_PRE_MIGPMT2_WPP para fecha 2026-06-17 en carpeta 20260617
2026-06-17 12:22:15,953 - src.processor - INFO - Registros encontrados: 559
2026-06-17 12:22:15,956 - src.processor - INFO - Archivo generado: C_VEN_PRE_MIGPMT2260617_WPP.txt (559 registros)
2026-06-17 12:22:15,957 - src.processor - INFO - Procesando: C_VEN_PRE_MIGPMTB_RCS para fecha 2026-06-17 en carpeta 20260617
2026-06-17 12:22:55,053 - src.processor - INFO - Registros encontrados: 786715
2026-06-17 12:22:55,431 - src.processor - INFO - Archivo generado: C_VEN_PRE_MIGPMTB260617_RCS.txt (786715 registros)
2026-06-17 12:22:55,432 - src.processor - INFO - Procesando: C_VEN_PRE_MIGPMTD_SL para fecha 2026-06-17 en carpeta 20260617
2026-06-17 12:23:21,353 - src.processor - INFO - Registros encontrados: 362940
2026-06-17 12:23:21,579 - src.processor - INFO - Archivo generado: C_VEN_PRE_MIGPMTD260617_SL.txt (362940 registros)
2026-06-17 12:23:21,580 - src.processor - INFO - Procesando: C_VEN_PRE_MIGPMTE_SL para fecha 2026-06-17 en carpeta 20260617
2026-06-17 12:23:51,127 - src.processor - INFO - Registros encontrados: 736762
2026-06-17 12:23:51,512 - src.processor - INFO - Archivo generado: C_VEN_PRE_MIGPMTE260617_SL.txt (736762 registros)
2026-06-17 12:23:51,513 - src.processor - INFO - Procesando: C_VEN_PRE_MIGPMTF_SL para fecha 2026-06-17 en carpeta 20260617
2026-06-17 12:24:01,140 - src.processor - INFO - Registros encontrados: 20402
2026-06-17 12:24:01,153 - src.processor - INFO - Archivo generado: C_VEN_PRE_MIGPMTF260617_SL.txt (20402 registros)
2026-06-17 12:24:01,154 - src.processor - INFO - Procesando: C_VEN_PRE_PTBPMT1_WPP para fecha 2026-06-17 en carpeta 20260617
2026-06-17 12:24:11,262 - src.processor - INFO - Registros encontrados: 10544
2026-06-17 12:24:11,274 - src.processor - INFO - Archivo generado: C_VEN_PRE_PTBPMT1260617_WPP.txt (10544 registros)
2026-06-17 12:24:11,275 - src.processor - INFO - Procesando: C_VEN_PRE_PTBPRMB_SL para fecha 2026-06-17 en carpeta 20260617
2026-06-17 12:24:20,166 - src.processor - INFO - Registros encontrados: 0
2026-06-17 12:24:20,166 - src.processor - WARNING - Registros insuficientes (0) para C_VEN_PRE_PTBPRMB_SL. Mínimo requerido: 50. Archivo NO generado.
2026-06-17 12:24:20,167 - src.processor - INFO - Procesando: C_VEN_PRE_PTBPRMB_WPP para fecha 2026-06-17 en carpeta 20260617
2026-06-17 12:24:26,373 - src.processor - INFO - Registros encontrados: 0
2026-06-17 12:24:26,374 - src.processor - WARNING - Registros insuficientes (0) para C_VEN_PRE_PTBPRMB_WPP. Mínimo requerido: 50. Archivo NO generado.
2026-06-17 12:24:26,592 - src.database - INFO - Conexión cerrada.
2026-06-17 12:24:26,592 - src.processor - INFO - Proceso finalizado.
2026-06-17 12:24:26,593 - Main - INFO - --- Ejecución completada exitosamente ---
2026-06-18 16:51:02,510 - Main - INFO - --- Iniciando Sistema de Generación de Audiencias ---
2026-06-18 16:51:02,529 - src.processor - INFO - Iniciando procesamiento de audiencias...
2026-06-18 16:51:02,529 - Main - CRITICAL - Error inesperado en la ejecución principal: Faltan credenciales de Teradata en Config.json: ['TD_USER', 'TD_PASSWORD']
2026-06-18 16:51:35,613 - Main - INFO - --- Iniciando Sistema de Generación de Audiencias ---
2026-06-18 16:51:35,614 - src.processor - INFO - Iniciando procesamiento de audiencias...
2026-06-18 16:51:35,615 - Main - CRITICAL - Error inesperado en la ejecución principal: Faltan credenciales de Teradata en Config.json: ['TD_USER', 'TD_PASSWORD']
2026-06-18 16:57:03,772 - Main - INFO - --- Iniciando Sistema de Generación de Audiencias ---
2026-06-18 16:57:03,774 - src.processor - INFO - Iniciando procesamiento de audiencias...
2026-06-18 16:57:03,779 - src.database - INFO - Intentando conectar a Teradata host: tdtvntg.claro.com.co...
2026-06-18 16:57:06,618 - src.database - INFO - Conexión a Teradata exitosa.
2026-06-18 16:57:06,620 - src.processor - INFO - Procesando: C_VEN_PRE_MIGCTWA_RCS para fecha 2026-06-19 en carpeta 20260619
2026-06-18 16:57:08,305 - src.processor - INFO - Registros encontrados: 17072
2026-06-18 16:57:08,318 - src.processor - INFO - Archivo generado: C_VEN_PRE_MIGCTWA260619_RCS.txt (17072 registros)
2026-06-18 16:57:08,319 - src.processor - INFO - Procesando: C_VEN_PRE_MIGCTWA_SL para fecha 2026-06-19 en carpeta 20260619
2026-06-18 16:57:12,030 - src.processor - INFO - Registros encontrados: 106683
2026-06-18 16:57:12,088 - src.processor - INFO - Archivo generado: C_VEN_PRE_MIGCTWA260619_SL.txt (106683 registros)
2026-06-18 16:57:12,089 - src.processor - INFO - Procesando: C_VEN_PRE_MIGCTWB_RCS para fecha 2026-06-19 en carpeta 20260619
2026-06-18 16:57:18,104 - src.processor - INFO - Registros encontrados: 176534
2026-06-18 16:57:18,263 - src.processor - INFO - Archivo generado: C_VEN_PRE_MIGCTWB260619_RCS.txt (176534 registros)
2026-06-18 16:57:18,266 - src.processor - INFO - Procesando: C_VEN_PRE_MIGCTWB_SL para fecha 2026-06-19 en carpeta 20260619
2026-06-18 16:57:22,416 - src.processor - INFO - Registros encontrados: 122243
2026-06-18 16:57:22,495 - src.processor - INFO - Archivo generado: C_VEN_PRE_MIGCTWB260619_SL.txt (122243 registros)
2026-06-18 16:57:22,498 - src.processor - INFO - Procesando: C_VEN_PRE_MIGCTWC_RCS para fecha 2026-06-19 en carpeta 20260619
2026-06-18 16:57:23,717 - src.processor - INFO - Registros encontrados: 1300
2026-06-18 16:57:23,720 - src.processor - INFO - Archivo generado: C_VEN_PRE_MIGCTWC260619_RCS.txt (1300 registros)
2026-06-18 16:57:23,721 - src.processor - INFO - Procesando: C_VEN_PRE_MIGCTWC_SL para fecha 2026-06-19 en carpeta 20260619
2026-06-18 16:57:24,971 - src.processor - INFO - Registros encontrados: 1803
2026-06-18 16:57:24,973 - src.processor - INFO - Archivo generado: C_VEN_PRE_MIGCTWC260619_SL.txt (1803 registros)
2026-06-18 16:57:24,974 - src.processor - INFO - Procesando: C_VEN_PRE_MIGFFT1_RCS para fecha 2026-06-19 en carpeta 20260619
2026-06-18 16:57:32,934 - src.processor - INFO - Registros encontrados: 225173
2026-06-18 16:57:33,107 - src.processor - INFO - Archivo generado: C_VEN_PRE_MIGFFT1260619_RCS.txt (225173 registros)
2026-06-18 16:57:33,108 - src.processor - INFO - Procesando: C_VEN_PRE_MIGFFTD_SL para fecha 2026-06-19 en carpeta 20260619
2026-06-18 16:57:34,694 - src.processor - INFO - Registros encontrados: 6643
2026-06-18 16:57:34,700 - src.processor - INFO - Archivo generado: C_VEN_PRE_MIGFFTD260619_SL.txt (6643 registros)
2026-06-18 16:57:34,701 - src.processor - INFO - Procesando: C_VEN_PRE_MIGFUFA_WPP para fecha 2026-06-19 en carpeta 20260619
2026-06-18 16:57:36,741 - src.processor - INFO - Registros encontrados: 27446
2026-06-18 16:57:36,762 - src.processor - INFO - Archivo generado: C_VEN_PRE_MIGFUFA260619_WPP.txt (27446 registros)
2026-06-18 16:57:36,764 - src.processor - INFO - Procesando: C_VEN_PRE_MIGPMT1_WPP para fecha 2026-06-19 en carpeta 20260619
2026-06-18 16:57:38,105 - src.processor - INFO - Registros encontrados: 7758
2026-06-18 16:57:38,111 - src.processor - INFO - Archivo generado: C_VEN_PRE_MIGPMT1260619_WPP.txt (7758 registros)
2026-06-18 16:57:38,113 - src.processor - INFO - Procesando: C_VEN_PRE_MIGPMT2_RCS para fecha 2026-06-19 en carpeta 20260619
2026-06-18 16:57:39,731 - src.processor - INFO - Registros encontrados: 5952
2026-06-18 16:57:39,739 - src.processor - INFO - Archivo generado: C_VEN_PRE_MIGPMT2260619_RCS.txt (5952 registros)
2026-06-18 16:57:39,742 - src.processor - INFO - Procesando: C_VEN_PRE_MIGPMT2_SL para fecha 2026-06-19 en carpeta 20260619
2026-06-18 16:57:41,117 - src.processor - INFO - Registros encontrados: 6560
2026-06-18 16:57:41,123 - src.processor - INFO - Archivo generado: C_VEN_PRE_MIGPMT2260619_SL.txt (6560 registros)
2026-06-18 16:57:41,125 - src.processor - INFO - Procesando: C_VEN_PRE_MIGPMT2_WPP para fecha 2026-06-19 en carpeta 20260619
2026-06-18 16:57:42,410 - src.processor - INFO - Registros encontrados: 5651
2026-06-18 16:57:42,416 - src.processor - INFO - Archivo generado: C_VEN_PRE_MIGPMT2260619_WPP.txt (5651 registros)
2026-06-18 16:57:42,417 - src.processor - INFO - Procesando: C_VEN_PRE_MIGPMTB_RCS para fecha 2026-06-19 en carpeta 20260619
2026-06-18 16:58:08,384 - src.processor - INFO - Registros encontrados: 741687
2026-06-18 16:58:08,839 - src.processor - INFO - Archivo generado: C_VEN_PRE_MIGPMTB260619_RCS.txt (741687 registros)
2026-06-18 16:58:08,840 - src.processor - INFO - Procesando: C_VEN_PRE_MIGPMTE_SL para fecha 2026-06-19 en carpeta 20260619
2026-06-18 16:58:38,410 - src.processor - INFO - Registros encontrados: 964751
2026-06-18 16:58:38,969 - src.processor - INFO - Archivo generado: C_VEN_PRE_MIGPMTE260619_SL.txt (964751 registros)
2026-06-18 16:58:38,970 - src.processor - INFO - Procesando: C_VEN_PRE_MIGPMTF_SL para fecha 2026-06-19 en carpeta 20260619
2026-06-18 16:58:41,163 - src.processor - INFO - Registros encontrados: 0
2026-06-18 16:58:41,164 - src.processor - WARNING - Registros insuficientes (0) para C_VEN_PRE_MIGPMTF_SL. Mínimo requerido: 50. Archivo NO generado.
2026-06-18 16:58:41,165 - src.processor - INFO - Procesando: C_VEN_PRE_PTBPMT1_WPP para fecha 2026-06-19 en carpeta 20260619
2026-06-18 16:58:43,572 - src.processor - INFO - Registros encontrados: 9367
2026-06-18 16:58:43,578 - src.processor - INFO - Archivo generado: C_VEN_PRE_PTBPMT1260619_WPP.txt (9367 registros)
2026-06-18 16:58:43,579 - src.processor - INFO - Procesando: C_VEN_PRE_PTBPRMB_SL para fecha 2026-06-19 en carpeta 20260619
2026-06-18 16:58:45,630 - src.processor - INFO - Registros encontrados: 0
2026-06-18 16:58:45,631 - src.processor - WARNING - Registros insuficientes (0) para C_VEN_PRE_PTBPRMB_SL. Mínimo requerido: 50. Archivo NO generado.
2026-06-18 16:58:45,632 - src.processor - INFO - Procesando: C_VEN_PRE_PTBPRMB_WPP para fecha 2026-06-19 en carpeta 20260619
2026-06-18 16:58:47,346 - src.processor - INFO - Registros encontrados: 0
2026-06-18 16:58:47,346 - src.processor - WARNING - Registros insuficientes (0) para C_VEN_PRE_PTBPRMB_WPP. Mínimo requerido: 50. Archivo NO generado.
2026-06-18 16:58:47,419 - src.database - INFO - Conexión cerrada.
2026-06-18 16:58:47,420 - src.processor - INFO - Proceso finalizado.
2026-06-18 16:58:47,422 - Main - INFO - --- Ejecución completada exitosamente ---
2026-06-19 09:28:05,094 - Main - INFO - --- Iniciando Sistema de Generación de Audiencias ---
2026-06-19 09:28:05,115 - src.processor - INFO - Iniciando procesamiento de audiencias...
2026-06-19 09:28:05,136 - src.database - INFO - Intentando conectar a Teradata host: tdtvntg.claro.com.co...
2026-06-19 09:28:07,539 - src.database - INFO - Conexión a Teradata exitosa.
2026-06-19 09:28:07,550 - src.processor - INFO - Procesando: C_VEN_PRE_MIGCTWA_RCS para fecha 2026-06-20 en carpeta 20260620
2026-06-19 09:28:10,179 - src.processor - INFO - Registros encontrados: 8484
2026-06-19 09:28:10,193 - src.processor - INFO - Archivo generado: C_VEN_PRE_MIGCTWA260620_RCS.txt (8484 registros)
2026-06-19 09:28:10,196 - src.processor - INFO - Procesando: C_VEN_PRE_MIGCTWA_SL para fecha 2026-06-20 en carpeta 20260620
2026-06-19 09:28:14,348 - src.processor - INFO - Registros encontrados: 53392
2026-06-19 09:28:14,412 - src.processor - INFO - Archivo generado: C_VEN_PRE_MIGCTWA260620_SL.txt (53392 registros)
2026-06-19 09:28:14,414 - src.processor - INFO - Procesando: C_VEN_PRE_MIGCTWB_RCS para fecha 2026-06-20 en carpeta 20260620
2026-06-19 09:28:19,460 - src.processor - INFO - Registros encontrados: 88242
2026-06-19 09:28:19,554 - src.processor - INFO - Archivo generado: C_VEN_PRE_MIGCTWB260620_RCS.txt (88242 registros)
2026-06-19 09:28:19,555 - src.processor - INFO - Procesando: C_VEN_PRE_MIGCTWB_SL para fecha 2026-06-20 en carpeta 20260620
2026-06-19 09:28:23,192 - src.processor - INFO - Registros encontrados: 61131
2026-06-19 09:28:23,266 - src.processor - INFO - Archivo generado: C_VEN_PRE_MIGCTWB260620_SL.txt (61131 registros)
2026-06-19 09:28:23,268 - src.processor - INFO - Procesando: C_VEN_PRE_MIGCTWC_RCS para fecha 2026-06-20 en carpeta 20260620
2026-06-19 09:28:24,861 - src.processor - INFO - Registros encontrados: 648
2026-06-19 09:28:24,864 - src.processor - INFO - Archivo generado: C_VEN_PRE_MIGCTWC260620_RCS.txt (648 registros)
2026-06-19 09:28:24,865 - src.processor - INFO - Procesando: C_VEN_PRE_MIGCTWC_SL para fecha 2026-06-20 en carpeta 20260620
2026-06-19 09:28:26,051 - src.processor - INFO - Registros encontrados: 903
2026-06-19 09:28:26,054 - src.processor - INFO - Archivo generado: C_VEN_PRE_MIGCTWC260620_SL.txt (903 registros)
2026-06-19 09:28:26,056 - src.processor - INFO - Procesando: C_VEN_PRE_MIGFFT1_RCS para fecha 2026-06-20 en carpeta 20260620
2026-06-19 09:28:34,823 - src.processor - INFO - Registros encontrados: 170992
2026-06-19 09:28:35,023 - src.processor - INFO - Archivo generado: C_VEN_PRE_MIGFFT1260620_RCS.txt (170992 registros)
2026-06-19 09:28:35,025 - src.processor - INFO - Procesando: C_VEN_PRE_MIGPMT1_RCS para fecha 2026-06-20 en carpeta 20260620
2026-06-19 09:28:41,701 - src.processor - INFO - Registros encontrados: 5728
2026-06-19 09:28:41,710 - src.processor - INFO - Archivo generado: C_VEN_PRE_MIGPMT1260620_RCS.txt (5728 registros)
2026-06-19 09:28:41,712 - src.processor - INFO - Procesando: C_VEN_PRE_MIGPMT1_SL para fecha 2026-06-20 en carpeta 20260620
2026-06-19 09:28:49,151 - src.processor - INFO - Registros encontrados: 3288
2026-06-19 09:28:49,157 - src.processor - INFO - Archivo generado: C_VEN_PRE_MIGPMT1260620_SL.txt (3288 registros)
2026-06-19 09:28:49,159 - src.processor - INFO - Procesando: C_VEN_PRE_MIGPMT1_WPP para fecha 2026-06-20 en carpeta 20260620
2026-06-19 09:28:55,352 - src.processor - INFO - Registros encontrados: 7870
2026-06-19 09:28:55,364 - src.processor - INFO - Archivo generado: C_VEN_PRE_MIGPMT1260620_WPP.txt (7870 registros)
2026-06-19 09:28:55,364 - src.processor - INFO - Procesando: C_VEN_PRE_MIGPMT2_WPP para fecha 2026-06-20 en carpeta 20260620
2026-06-19 09:28:59,727 - src.processor - INFO - Registros encontrados: 7956
2026-06-19 09:28:59,738 - src.processor - INFO - Archivo generado: C_VEN_PRE_MIGPMT2260620_WPP.txt (7956 registros)
2026-06-19 09:28:59,738 - src.processor - INFO - Procesando: C_VEN_PRE_MIGPMTA_RCS para fecha 2026-06-20 en carpeta 20260620
2026-06-19 09:29:32,503 - src.processor - INFO - Registros encontrados: 730956
2026-06-19 09:29:33,304 - src.processor - INFO - Archivo generado: C_VEN_PRE_MIGPMTA260620_RCS.txt (730956 registros)
2026-06-19 09:29:33,312 - src.processor - INFO - Procesando: C_VEN_PRE_MIGPMTA_SL para fecha 2026-06-20 en carpeta 20260620
2026-06-19 09:30:18,113 - src.processor - INFO - Registros encontrados: 965240
2026-06-19 09:30:19,275 - src.processor - INFO - Archivo generado: C_VEN_PRE_MIGPMTA260620_SL.txt (965240 registros)
2026-06-19 09:30:19,275 - src.processor - INFO - Procesando: C_VEN_PRE_MIGPMTB_SL para fecha 2026-06-20 en carpeta 20260620
2026-06-19 09:30:29,681 - src.processor - INFO - Registros encontrados: 176224
2026-06-19 09:30:29,898 - src.processor - INFO - Archivo generado: C_VEN_PRE_MIGPMTB260620_SL.txt (176224 registros)
2026-06-19 09:30:29,901 - src.processor - INFO - Procesando: C_VEN_PRE_MIGPMTC_SL para fecha 2026-06-20 en carpeta 20260620
2026-06-19 09:30:38,372 - src.processor - INFO - Registros encontrados: 3288
2026-06-19 09:30:38,379 - src.processor - INFO - Archivo generado: C_VEN_PRE_MIGPMTC260620_SL.txt (3288 registros)
2026-06-19 09:30:38,381 - src.processor - INFO - Procesando: C_VEN_PRE_PTBPMT1_SL para fecha 2026-06-20 en carpeta 20260620
2026-06-19 09:30:47,164 - src.processor - INFO - Registros encontrados: 0
2026-06-19 09:30:47,164 - src.processor - WARNING - Registros insuficientes (0) para C_VEN_PRE_PTBPMT1_SL. Mínimo requerido: 50. Archivo NO generado.
2026-06-19 09:30:47,165 - src.processor - INFO - Procesando: C_VEN_PRE_PTBPMT1_WPP para fecha 2026-06-20 en carpeta 20260620
2026-06-19 09:30:54,426 - src.processor - INFO - Registros encontrados: 4435
2026-06-19 09:30:54,435 - src.processor - INFO - Archivo generado: C_VEN_PRE_PTBPMT1260620_WPP.txt (4435 registros)
2026-06-19 09:30:54,436 - src.processor - INFO - Procesando: C_VEN_PRE_PTBPRMB_WPP para fecha 2026-06-20 en carpeta 20260620
2026-06-19 09:31:00,660 - src.processor - INFO - Registros encontrados: 0
2026-06-19 09:31:00,661 - src.processor - WARNING - Registros insuficientes (0) para C_VEN_PRE_PTBPRMB_WPP. Mínimo requerido: 50. Archivo NO generado.
2026-06-19 09:31:01,154 - src.database - INFO - Conexión cerrada.
2026-06-19 09:31:01,189 - src.processor - INFO - Proceso finalizado.
2026-06-19 09:31:01,213 - Main - INFO - --- Ejecución completada exitosamente ---
2026-06-22 07:24:11,158 - Main - INFO - --- Iniciando Sistema de Generación de Audiencias ---
2026-06-22 07:24:11,172 - src.processor - INFO - Iniciando procesamiento de audiencias...
2026-06-22 07:24:11,178 - src.database - INFO - Intentando conectar a Teradata host: tdtvntg.claro.com.co...
2026-06-22 07:24:13,000 - src.database - INFO - Conexión a Teradata exitosa.
2026-06-22 07:24:13,002 - src.processor - INFO - Procesando: C_AUT_HOG_MERCACJ_WPP para fecha 2026-06-22 en carpeta 20260622
2026-06-22 07:24:14,437 - src.processor - INFO - Registros encontrados: 10914
2026-06-22 07:24:14,444 - src.processor - INFO - Archivo generado: C_AUT_HOG_MERCACJ260622_WPP.txt (10914 registros)
2026-06-22 07:24:14,445 - src.processor - INFO - Procesando: C_AUT_POS_MERBANB_WPP para fecha 2026-06-22 en carpeta 20260622
2026-06-22 07:24:15,930 - src.processor - INFO - Registros encontrados: 17794
2026-06-22 07:24:15,941 - src.processor - INFO - Archivo generado: C_AUT_POS_MERBANB260622_WPP.txt (17794 registros)
2026-06-22 07:24:15,941 - src.processor - INFO - Procesando: C_VEN_POS_VHBMO5Z_WPP para fecha 2026-06-22 en carpeta 20260622
2026-06-22 07:24:17,315 - src.processor - INFO - Registros encontrados: 10255
2026-06-22 07:24:17,321 - src.processor - INFO - Archivo generado: C_VEN_POS_VHBMO5Z260622_WPP.txt (10255 registros)
2026-06-22 07:24:17,322 - src.processor - INFO - Procesando: C_VEN_PRE_MIGFUFA_WPP para fecha 2026-06-22 en carpeta 20260622
2026-06-22 07:24:19,058 - src.processor - INFO - Registros encontrados: 27325
2026-06-22 07:24:19,071 - src.processor - INFO - Archivo generado: C_VEN_PRE_MIGFUFA260622_WPP.txt (27325 registros)
2026-06-22 07:24:19,073 - src.processor - INFO - Procesando: C_VEN_PRE_MIGPMT1_WPP para fecha 2026-06-22 en carpeta 20260622
2026-06-22 07:24:20,497 - src.processor - INFO - Registros encontrados: 15678
2026-06-22 07:24:20,506 - src.processor - INFO - Archivo generado: C_VEN_PRE_MIGPMT1260622_WPP.txt (15678 registros)
2026-06-22 07:24:20,507 - src.processor - INFO - Procesando: C_VEN_PRE_MIGPMT2_WPP para fecha 2026-06-22 en carpeta 20260622
2026-06-22 07:24:21,985 - src.processor - INFO - Registros encontrados: 15845
2026-06-22 07:24:21,994 - src.processor - INFO - Archivo generado: C_VEN_PRE_MIGPMT2260622_WPP.txt (15845 registros)
2026-06-22 07:24:21,996 - src.processor - INFO - Procesando: C_VAS_POS_VIDMIYM_WPP para fecha 2026-06-22 en carpeta 20260622
2026-06-22 07:24:24,141 - src.processor - INFO - Registros encontrados: 50000
2026-06-22 07:24:24,169 - src.processor - INFO - Archivo generado: C_VAS_POS_VIDMIYM260622_WPP.txt (50000 registros)
2026-06-22 07:24:24,216 - src.database - INFO - Conexión cerrada.
2026-06-22 07:24:24,216 - src.processor - INFO - Proceso finalizado.
2026-06-22 07:24:24,219 - Main - INFO - --- Ejecución completada exitosamente ---
2026-06-22 10:21:21,167 - Main - INFO - --- Iniciando Sistema de Generación de Audiencias ---
2026-06-22 10:21:21,195 - src.processor - INFO - Iniciando procesamiento de audiencias...
2026-06-22 10:21:21,206 - src.database - INFO - Intentando conectar a Teradata host: tdtvntg.claro.com.co...
2026-06-22 10:21:23,114 - src.database - INFO - Conexión a Teradata exitosa.
2026-06-22 10:21:23,118 - src.processor - INFO - Procesando: C_REN_POS_OTTPVCB_WPP para fecha 2026-06-22 en carpeta 20260622
2026-06-22 10:21:28,455 - src.processor - INFO - Registros encontrados: 10035
2026-06-22 10:21:31,290 - src.processor - INFO - Archivo generado: C_REN_POS_OTTPVCB260622_WPP.txt (10035 registros)
2026-06-22 10:21:31,327 - src.database - INFO - Conexión cerrada.
2026-06-22 10:21:31,327 - src.processor - INFO - Proceso finalizado.
2026-06-22 10:21:31,330 - Main - INFO - --- Ejecución completada exitosamente ---
2026-06-22 13:41:24,811 - Main - INFO - --- Iniciando Sistema de Generación de Audiencias ---
2026-06-22 13:41:24,826 - src.processor - INFO - Iniciando procesamiento de audiencias...
2026-06-22 13:41:24,838 - src.database - INFO - Intentando conectar a Teradata host: tdtvntg.claro.com.co...
2026-06-22 13:41:26,340 - src.database - INFO - Conexión a Teradata exitosa.
2026-06-22 13:41:26,345 - src.processor - INFO - Procesando: C_REN_POS_OTTPVCA_WPP para fecha 2026-06-23 en carpeta 20260623
2026-06-22 13:41:27,789 - src.processor - INFO - Registros encontrados: 10000
2026-06-22 13:41:27,795 - src.processor - INFO - Archivo generado: C_REN_POS_OTTPVCA260623_WPP.txt (10000 registros)
2026-06-22 13:41:27,797 - src.processor - INFO - Procesando: C_REN_POS_OTTPVCB_WPP para fecha 2026-06-23 en carpeta 20260623
2026-06-22 13:41:29,258 - src.processor - INFO - Registros encontrados: 10000
2026-06-22 13:41:29,264 - src.processor - INFO - Archivo generado: C_REN_POS_OTTPVCB260623_WPP.txt (10000 registros)
2026-06-22 13:41:29,291 - src.database - INFO - Conexión cerrada.
2026-06-22 13:41:29,291 - src.processor - INFO - Proceso finalizado.
2026-06-22 13:41:29,291 - Main - INFO - --- Ejecución completada exitosamente ---
2026-06-22 13:41:42,967 - Main - INFO - --- Iniciando Sistema de Generación de Audiencias ---
2026-06-22 13:41:42,969 - src.processor - INFO - Iniciando procesamiento de audiencias...
2026-06-22 13:41:42,973 - src.database - INFO - Intentando conectar a Teradata host: tdtvntg.claro.com.co...
2026-06-22 13:41:44,428 - src.database - INFO - Conexión a Teradata exitosa.
2026-06-22 13:41:44,429 - src.processor - INFO - Procesando: C_REN_POS_OTTPVCA_WPP para fecha 2026-06-24 en carpeta 20260624
2026-06-22 13:41:45,838 - src.processor - INFO - Registros encontrados: 10000
2026-06-22 13:41:45,843 - src.processor - INFO - Archivo generado: C_REN_POS_OTTPVCA260624_WPP.txt (10000 registros)
2026-06-22 13:41:45,844 - src.processor - INFO - Procesando: C_REN_POS_OTTPVCB_WPP para fecha 2026-06-24 en carpeta 20260624
2026-06-22 13:41:47,370 - src.processor - INFO - Registros encontrados: 10000
2026-06-22 13:41:47,377 - src.processor - INFO - Archivo generado: C_REN_POS_OTTPVCB260624_WPP.txt (10000 registros)
2026-06-22 13:41:47,433 - src.database - INFO - Conexión cerrada.
2026-06-22 13:41:47,434 - src.processor - INFO - Proceso finalizado.
2026-06-22 13:41:47,435 - Main - INFO - --- Ejecución completada exitosamente ---
2026-06-22 13:41:56,990 - Main - INFO - --- Iniciando Sistema de Generación de Audiencias ---
2026-06-22 13:41:56,991 - src.processor - INFO - Iniciando procesamiento de audiencias...
2026-06-22 13:41:56,995 - src.database - INFO - Intentando conectar a Teradata host: tdtvntg.claro.com.co...
2026-06-22 13:41:58,408 - src.database - INFO - Conexión a Teradata exitosa.
2026-06-22 13:41:58,410 - src.processor - INFO - Procesando: C_REN_POS_OTTPVCA_WPP para fecha 2026-06-25 en carpeta 20260625
2026-06-22 13:41:59,847 - src.processor - INFO - Registros encontrados: 10000
2026-06-22 13:41:59,853 - src.processor - INFO - Archivo generado: C_REN_POS_OTTPVCA260625_WPP.txt (10000 registros)
2026-06-22 13:41:59,855 - src.processor - INFO - Procesando: C_REN_POS_OTTPVCB_WPP para fecha 2026-06-25 en carpeta 20260625
2026-06-22 13:42:01,389 - src.processor - INFO - Registros encontrados: 10000
2026-06-22 13:42:01,395 - src.processor - INFO - Archivo generado: C_REN_POS_OTTPVCB260625_WPP.txt (10000 registros)
2026-06-22 13:42:01,414 - src.database - INFO - Conexión cerrada.
2026-06-22 13:42:01,415 - src.processor - INFO - Proceso finalizado.
2026-06-22 13:42:01,416 - Main - INFO - --- Ejecución completada exitosamente ---
2026-06-22 13:42:16,745 - Main - INFO - --- Iniciando Sistema de Generación de Audiencias ---
2026-06-22 13:42:16,747 - src.processor - INFO - Iniciando procesamiento de audiencias...
2026-06-22 13:42:16,751 - src.database - INFO - Intentando conectar a Teradata host: tdtvntg.claro.com.co...
2026-06-22 13:42:18,373 - src.database - INFO - Conexión a Teradata exitosa.
2026-06-22 13:42:18,375 - src.processor - INFO - Procesando: C_REN_POS_OTTPVCA_WPP para fecha 2026-06-26 en carpeta 20260626
2026-06-22 13:42:19,823 - src.processor - INFO - Registros encontrados: 10000
2026-06-22 13:42:19,829 - src.processor - INFO - Archivo generado: C_REN_POS_OTTPVCA260626_WPP.txt (10000 registros)
2026-06-22 13:42:19,830 - src.processor - INFO - Procesando: C_REN_POS_OTTPVCB_WPP para fecha 2026-06-26 en carpeta 20260626
2026-06-22 13:42:21,274 - src.processor - INFO - Registros encontrados: 10000
2026-06-22 13:42:21,282 - src.processor - INFO - Archivo generado: C_REN_POS_OTTPVCB260626_WPP.txt (10000 registros)
2026-06-22 13:42:21,308 - src.database - INFO - Conexión cerrada.
2026-06-22 13:42:21,308 - src.processor - INFO - Proceso finalizado.
2026-06-22 13:42:21,309 - Main - INFO - --- Ejecución completada exitosamente ---
2026-06-22 13:42:31,756 - Main - INFO - --- Iniciando Sistema de Generación de Audiencias ---
2026-06-22 13:42:31,759 - src.processor - INFO - Iniciando procesamiento de audiencias...
2026-06-22 13:42:31,763 - src.database - INFO - Intentando conectar a Teradata host: tdtvntg.claro.com.co...
2026-06-22 13:42:33,542 - src.database - INFO - Conexión a Teradata exitosa.
2026-06-22 13:42:33,544 - src.processor - INFO - Procesando: C_REN_POS_OTTPVCA_WPP para fecha 2026-06-27 en carpeta 20260627
2026-06-22 13:42:35,222 - src.processor - INFO - Registros encontrados: 10000
2026-06-22 13:42:35,227 - src.processor - INFO - Archivo generado: C_REN_POS_OTTPVCA260627_WPP.txt (10000 registros)
2026-06-22 13:42:35,230 - src.processor - INFO - Procesando: C_REN_POS_OTTPVCB_WPP para fecha 2026-06-27 en carpeta 20260627
2026-06-22 13:42:36,601 - src.processor - INFO - Registros encontrados: 10000
2026-06-22 13:42:36,608 - src.processor - INFO - Archivo generado: C_REN_POS_OTTPVCB260627_WPP.txt (10000 registros)
2026-06-22 13:42:36,648 - src.database - INFO - Conexión cerrada.
2026-06-22 13:42:36,648 - src.processor - INFO - Proceso finalizado.
2026-06-22 13:42:36,649 - Main - INFO - --- Ejecución completada exitosamente ---
2026-06-22 14:55:32,860 - Main - INFO - --- Iniciando Sistema de Generación de Audiencias ---
2026-06-22 14:55:32,875 - src.processor - INFO - Iniciando procesamiento de audiencias...
2026-06-22 14:55:32,880 - src.database - INFO - Intentando conectar a Teradata host: tdtvntg.claro.com.co...
2026-06-22 14:55:34,581 - src.database - INFO - Conexión a Teradata exitosa.
2026-06-22 14:55:34,582 - src.processor - WARNING - Canal desconocido 'IVR' en fila 0. Saltando.
2026-06-22 14:55:34,582 - src.processor - WARNING - Canal desconocido 'IVR' en fila 1. Saltando.
2026-06-22 14:55:34,625 - src.database - INFO - Conexión cerrada.
2026-06-22 14:55:34,625 - src.processor - INFO - Proceso finalizado.
2026-06-22 14:55:34,625 - Main - INFO - --- Ejecución completada exitosamente ---
2026-06-23 09:45:10,820 - Main - INFO - --- Iniciando Sistema de Generación de Audiencias ---
2026-06-23 09:45:10,857 - src.processor - INFO - Iniciando procesamiento de audiencias...
2026-06-23 09:45:10,865 - src.database - INFO - Intentando conectar a Teradata host: tdtvntg.claro.com.co...
2026-06-23 09:45:14,818 - src.database - INFO - Conexión a Teradata exitosa.
2026-06-23 09:45:14,822 - src.processor - INFO - Procesando: C_VEN_PRE_MIGCTWA_RCS para fecha 2026-06-23 en carpeta 20260623
2026-06-23 09:45:25,907 - src.processor - INFO - Registros encontrados: 42856
2026-06-23 09:45:25,966 - src.processor - INFO - Archivo generado: C_VEN_PRE_MIGCTWA260623_RCS.txt (42856 registros)
2026-06-23 09:45:25,968 - src.processor - INFO - Procesando: C_VEN_PRE_MIGCTWA_SL para fecha 2026-06-23 en carpeta 20260623
2026-06-23 09:45:34,065 - src.processor - INFO - Registros encontrados: 18986
2026-06-23 09:45:34,093 - src.processor - INFO - Archivo generado: C_VEN_PRE_MIGCTWA260623_SL.txt (18986 registros)
2026-06-23 09:45:34,095 - src.processor - INFO - Procesando: C_VEN_PRE_MIGCTWB_RCS para fecha 2026-06-23 en carpeta 20260623
2026-06-23 09:45:48,573 - src.processor - INFO - Registros encontrados: 111082
2026-06-23 09:45:48,744 - src.processor - INFO - Archivo generado: C_VEN_PRE_MIGCTWB260623_RCS.txt (111082 registros)
2026-06-23 09:45:48,752 - src.processor - INFO - Procesando: C_VEN_PRE_MIGCTWB_SL para fecha 2026-06-23 en carpeta 20260623
2026-06-23 09:45:58,371 - src.processor - INFO - Registros encontrados: 38202
2026-06-23 09:45:58,422 - src.processor - INFO - Archivo generado: C_VEN_PRE_MIGCTWB260623_SL.txt (38202 registros)
2026-06-23 09:45:58,424 - src.processor - INFO - Procesando: C_VEN_PRE_MIGCTWC_RCS para fecha 2026-06-23 en carpeta 20260623
2026-06-23 09:46:06,869 - src.processor - INFO - Registros encontrados: 1076
2026-06-23 09:46:06,873 - src.processor - INFO - Archivo generado: C_VEN_PRE_MIGCTWC260623_RCS.txt (1076 registros)
2026-06-23 09:46:06,875 - src.processor - INFO - Procesando: C_VEN_PRE_MIGCTWC_SL para fecha 2026-06-23 en carpeta 20260623
2026-06-23 09:46:12,887 - src.processor - INFO - Registros encontrados: 476
2026-06-23 09:46:12,891 - src.processor - INFO - Archivo generado: C_VEN_PRE_MIGCTWC260623_SL.txt (476 registros)
2026-06-23 09:46:12,895 - src.processor - INFO - Procesando: C_VEN_PRE_MIGFUFA_WPP para fecha 2026-06-23 en carpeta 20260623
2026-06-23 09:46:19,465 - src.processor - INFO - Registros encontrados: 13704
2026-06-23 09:46:45,434 - src.processor - INFO - Archivo generado: C_VEN_PRE_MIGFUFA260623_WPP.txt (13704 registros)
2026-06-23 09:46:45,436 - src.processor - INFO - Procesando: C_VEN_PRE_MIGPMT1_RCS para fecha 2026-06-23 en carpeta 20260623
2026-06-23 09:46:47,176 - src.processor - INFO - Registros encontrados: 3013
2026-06-23 09:46:47,182 - src.processor - INFO - Archivo generado: C_VEN_PRE_MIGPMT1260623_RCS.txt (3013 registros)
2026-06-23 09:46:47,184 - src.processor - INFO - Procesando: C_VEN_PRE_MIGPMT1_SL para fecha 2026-06-23 en carpeta 20260623
2026-06-23 09:46:50,809 - src.processor - INFO - Registros encontrados: 3174
2026-06-23 09:46:50,815 - src.processor - INFO - Archivo generado: C_VEN_PRE_MIGPMT1260623_SL.txt (3174 registros)
2026-06-23 09:46:50,818 - src.processor - INFO - Procesando: C_VEN_PRE_MIGPMT1_WPP para fecha 2026-06-23 en carpeta 20260623
2026-06-23 09:46:54,338 - src.processor - INFO - Registros encontrados: 7850
2026-06-23 09:47:02,211 - src.processor - INFO - Archivo generado: C_VEN_PRE_MIGPMT1260623_WPP.txt (7850 registros)
2026-06-23 09:47:02,213 - src.processor - INFO - Procesando: C_VEN_PRE_MIGPMT2_RCS para fecha 2026-06-23 en carpeta 20260623
2026-06-23 09:47:08,020 - src.processor - INFO - Registros encontrados: 3013
2026-06-23 09:47:08,026 - src.processor - INFO - Archivo generado: C_VEN_PRE_MIGPMT2260623_RCS.txt (3013 registros)
2026-06-23 09:47:08,029 - src.processor - INFO - Procesando: C_VEN_PRE_MIGPMT2_WPP para fecha 2026-06-23 en carpeta 20260623
2026-06-23 09:47:13,262 - src.processor - INFO - Registros encontrados: 7816
2026-06-23 09:47:17,142 - src.processor - INFO - Archivo generado: C_VEN_PRE_MIGPMT2260623_WPP.txt (7816 registros)
2026-06-23 09:47:17,145 - src.processor - INFO - Procesando: C_VEN_PRE_MIGPMTA_RCS para fecha 2026-06-23 en carpeta 20260623
2026-06-23 09:47:36,916 - src.processor - INFO - Registros encontrados: 405337
2026-06-23 09:47:37,338 - src.processor - INFO - Archivo generado: C_VEN_PRE_MIGPMTA260623_RCS.txt (405337 registros)
2026-06-23 09:47:37,347 - src.processor - INFO - Procesando: C_VEN_PRE_MIGPMTA_SL para fecha 2026-06-23 en carpeta 20260623
2026-06-23 09:48:16,080 - src.processor - INFO - Registros encontrados: 896064
2026-06-23 09:48:17,039 - src.processor - INFO - Archivo generado: C_VEN_PRE_MIGPMTA260623_SL.txt (896064 registros)
2026-06-23 09:48:17,040 - src.processor - INFO - Procesando: C_VEN_PRE_MIGPMTB_RCS para fecha 2026-06-23 en carpeta 20260623
2026-06-23 09:48:36,196 - src.processor - INFO - Registros encontrados: 405337
2026-06-23 09:48:36,626 - src.processor - INFO - Archivo generado: C_VEN_PRE_MIGPMTB260623_RCS.txt (405337 registros)
2026-06-23 09:48:36,628 - src.processor - INFO - Procesando: C_VEN_PRE_MIGPMTB_SL para fecha 2026-06-23 en carpeta 20260623
2026-06-23 09:48:45,665 - src.processor - INFO - Registros encontrados: 178852
2026-06-23 09:48:45,863 - src.processor - INFO - Archivo generado: C_VEN_PRE_MIGPMTB260623_SL.txt (178852 registros)
2026-06-23 09:48:45,864 - src.processor - INFO - Procesando: C_VEN_PRE_MIGPMTC_SL para fecha 2026-06-23 en carpeta 20260623
2026-06-23 09:48:47,706 - src.processor - INFO - Registros encontrados: 3174
2026-06-23 09:48:47,712 - src.processor - INFO - Archivo generado: C_VEN_PRE_MIGPMTC260623_SL.txt (3174 registros)
2026-06-23 09:48:47,754 - src.database - INFO - Conexión cerrada.
2026-06-23 09:48:47,754 - src.processor - INFO - Proceso finalizado.
2026-06-23 09:48:47,757 - Main - INFO - --- Ejecución completada exitosamente ---
2026-06-24 07:42:49,288 - Main - INFO - --- Iniciando Sistema de Generación de Audiencias ---
2026-06-24 07:42:49,302 - src.processor - INFO - Iniciando procesamiento de audiencias...
2026-06-24 07:42:49,305 - src.database - INFO - Intentando conectar a Teradata host: tdtvntg.claro.com.co...
2026-06-24 07:42:51,089 - src.database - INFO - Conexión a Teradata exitosa.
2026-06-24 07:42:51,094 - src.processor - INFO - Procesando: C_VEN_PRE_MIGCTWA_RCS para fecha 2026-06-24 en carpeta 20260624
2026-06-24 07:42:54,580 - src.processor - INFO - Registros encontrados: 42846
2026-06-24 07:42:54,604 - src.processor - INFO - Archivo generado: C_VEN_PRE_MIGCTWA260624_RCS.txt (42846 registros)
2026-06-24 07:42:54,605 - src.processor - INFO - Procesando: C_VEN_PRE_MIGCTWA_SL para fecha 2026-06-24 en carpeta 20260624
2026-06-24 07:42:56,992 - src.processor - INFO - Registros encontrados: 18978
2026-06-24 07:42:57,003 - src.processor - INFO - Archivo generado: C_VEN_PRE_MIGCTWA260624_SL.txt (18978 registros)
2026-06-24 07:42:57,004 - src.processor - INFO - Procesando: C_VEN_PRE_MIGCTWB_RCS para fecha 2026-06-24 en carpeta 20260624
2026-06-24 07:43:01,140 - src.processor - INFO - Registros encontrados: 111058
2026-06-24 07:43:01,197 - src.processor - INFO - Archivo generado: C_VEN_PRE_MIGCTWB260624_RCS.txt (111058 registros)
2026-06-24 07:43:01,198 - src.processor - INFO - Procesando: C_VEN_PRE_MIGCTWB_SL para fecha 2026-06-24 en carpeta 20260624
2026-06-24 07:43:03,982 - src.processor - INFO - Registros encontrados: 38191
2026-06-24 07:43:04,000 - src.processor - INFO - Archivo generado: C_VEN_PRE_MIGCTWB260624_SL.txt (38191 registros)
2026-06-24 07:43:04,002 - src.processor - INFO - Procesando: C_VEN_PRE_MIGCTWC_RCS para fecha 2026-06-24 en carpeta 20260624
2026-06-24 07:43:05,982 - src.processor - INFO - Registros encontrados: 1076
2026-06-24 07:43:05,986 - src.processor - INFO - Archivo generado: C_VEN_PRE_MIGCTWC260624_RCS.txt (1076 registros)
2026-06-24 07:43:05,987 - src.processor - INFO - Procesando: C_VEN_PRE_MIGCTWC_SL para fecha 2026-06-24 en carpeta 20260624
2026-06-24 07:43:08,281 - src.processor - INFO - Registros encontrados: 475
2026-06-24 07:43:08,285 - src.processor - INFO - Archivo generado: C_VEN_PRE_MIGCTWC260624_SL.txt (475 registros)
2026-06-24 07:43:08,286 - src.processor - INFO - Procesando: C_VEN_PRE_MIGFUFA_WPP para fecha 2026-06-24 en carpeta 20260624
2026-06-24 07:43:10,873 - src.processor - INFO - Registros encontrados: 13698
2026-06-24 07:43:10,880 - src.processor - INFO - Archivo generado: C_VEN_PRE_MIGFUFA260624_WPP.txt (13698 registros)
2026-06-24 07:43:10,881 - src.processor - INFO - Procesando: C_VEN_PRE_MIGPMT1_RCS para fecha 2026-06-24 en carpeta 20260624
2026-06-24 07:43:12,969 - src.processor - INFO - Registros encontrados: 3012
2026-06-24 07:43:12,972 - src.processor - INFO - Archivo generado: C_VEN_PRE_MIGPMT1260624_RCS.txt (3012 registros)
2026-06-24 07:43:12,973 - src.processor - INFO - Procesando: C_VEN_PRE_MIGPMT1_SL para fecha 2026-06-24 en carpeta 20260624
2026-06-24 07:43:15,013 - src.processor - INFO - Registros encontrados: 3170
2026-06-24 07:43:15,016 - src.processor - INFO - Archivo generado: C_VEN_PRE_MIGPMT1260624_SL.txt (3170 registros)
2026-06-24 07:43:15,018 - src.processor - INFO - Procesando: C_VEN_PRE_MIGPMT1_WPP para fecha 2026-06-24 en carpeta 20260624
2026-06-24 07:43:17,613 - src.processor - INFO - Registros encontrados: 7843
2026-06-24 07:43:17,621 - src.processor - INFO - Archivo generado: C_VEN_PRE_MIGPMT1260624_WPP.txt (7843 registros)
2026-06-24 07:43:17,622 - src.processor - INFO - Procesando: C_VEN_PRE_MIGPMT2_RCS para fecha 2026-06-24 en carpeta 20260624
2026-06-24 07:43:19,835 - src.processor - INFO - Registros encontrados: 3012
2026-06-24 07:43:19,838 - src.processor - INFO - Archivo generado: C_VEN_PRE_MIGPMT2260624_RCS.txt (3012 registros)
2026-06-24 07:43:19,839 - src.processor - INFO - Procesando: C_VEN_PRE_MIGPMT2_WPP para fecha 2026-06-24 en carpeta 20260624
2026-06-24 07:43:22,022 - src.processor - INFO - Registros encontrados: 7808
2026-06-24 07:43:22,027 - src.processor - INFO - Archivo generado: C_VEN_PRE_MIGPMT2260624_WPP.txt (7808 registros)
2026-06-24 07:43:22,027 - src.processor - INFO - Procesando: C_VEN_PRE_MIGPMTA_RCS para fecha 2026-06-24 en carpeta 20260624
2026-06-24 07:43:32,649 - src.processor - INFO - Registros encontrados: 405214
2026-06-24 07:43:32,829 - src.processor - INFO - Archivo generado: C_VEN_PRE_MIGPMTA260624_RCS.txt (405214 registros)
2026-06-24 07:43:32,829 - src.processor - INFO - Procesando: C_VEN_PRE_MIGPMTA_SL para fecha 2026-06-24 en carpeta 20260624
2026-06-24 07:43:52,866 - src.processor - INFO - Registros encontrados: 895774
2026-06-24 07:43:53,282 - src.processor - INFO - Archivo generado: C_VEN_PRE_MIGPMTA260624_SL.txt (895774 registros)
2026-06-24 07:43:53,283 - src.processor - INFO - Procesando: C_VEN_PRE_MIGPMTB_RCS para fecha 2026-06-24 en carpeta 20260624
2026-06-24 07:44:03,964 - src.processor - INFO - Registros encontrados: 405214
2026-06-24 07:44:04,151 - src.processor - INFO - Archivo generado: C_VEN_PRE_MIGPMTB260624_RCS.txt (405214 registros)
2026-06-24 07:44:04,152 - src.processor - INFO - Procesando: C_VEN_PRE_MIGPMTB_SL para fecha 2026-06-24 en carpeta 20260624
2026-06-24 07:44:08,678 - src.processor - INFO - Registros encontrados: 178767
2026-06-24 07:44:08,766 - src.processor - INFO - Archivo generado: C_VEN_PRE_MIGPMTB260624_SL.txt (178767 registros)
2026-06-24 07:44:08,766 - src.processor - INFO - Procesando: C_VEN_PRE_MIGPMTC_SL para fecha 2026-06-24 en carpeta 20260624
2026-06-24 07:44:10,983 - src.processor - INFO - Registros encontrados: 3170
2026-06-24 07:44:10,988 - src.processor - INFO - Archivo generado: C_VEN_PRE_MIGPMTC260624_SL.txt (3170 registros)
2026-06-24 07:44:11,026 - src.database - INFO - Conexión cerrada.
2026-06-24 07:44:11,026 - src.processor - INFO - Proceso finalizado.
2026-06-24 07:44:11,027 - Main - INFO - --- Ejecución completada exitosamente ---
2026-06-24 09:46:28,455 - Main - INFO - --- Iniciando Sistema de Generación de Audiencias ---
2026-06-24 09:46:28,469 - src.processor - INFO - Iniciando procesamiento de audiencias...
2026-06-24 09:46:28,475 - src.database - INFO - Intentando conectar a Teradata host: tdtvntg.claro.com.co...
2026-06-24 09:46:30,744 - src.database - INFO - Conexión a Teradata exitosa.
2026-06-24 09:46:30,745 - src.processor - WARNING - Canal desconocido 'IVR' en fila 0. Saltando.
2026-06-24 09:46:30,746 - src.processor - WARNING - Canal desconocido 'IVR' en fila 1. Saltando.
2026-06-24 09:46:30,782 - src.database - INFO - Conexión cerrada.
2026-06-24 09:46:30,783 - src.processor - INFO - Proceso finalizado.
2026-06-24 09:46:30,783 - Main - INFO - --- Ejecución completada exitosamente ---
2026-06-25 08:34:07,626 - Main - INFO - --- Iniciando Sistema de Generación de Audiencias ---
2026-06-25 08:34:07,652 - src.processor - INFO - Iniciando procesamiento de audiencias...
2026-06-25 08:34:07,663 - src.database - INFO - Intentando conectar a Teradata host: tdtvntg.claro.com.co...
2026-06-25 08:34:11,137 - src.database - INFO - Conexión a Teradata exitosa.
2026-06-25 08:34:11,142 - src.processor - INFO - Procesando: C_VEN_PRE_MIGCTWA_RCS para fecha 2026-06-25 en carpeta 20260625
2026-06-25 08:34:18,605 - src.processor - INFO - Registros encontrados: 85544
2026-06-25 08:34:18,707 - src.processor - INFO - Archivo generado: C_VEN_PRE_MIGCTWA260625_RCS.txt (85544 registros)
2026-06-25 08:34:18,707 - src.processor - INFO - Procesando: C_VEN_PRE_MIGCTWA_SL para fecha 2026-06-25 en carpeta 20260625
2026-06-25 08:34:24,592 - src.processor - INFO - Registros encontrados: 38104
2026-06-25 08:34:24,642 - src.processor - INFO - Archivo generado: C_VEN_PRE_MIGCTWA260625_SL.txt (38104 registros)
2026-06-25 08:34:24,644 - src.processor - INFO - Procesando: C_VEN_PRE_MIGCTWB_RCS para fecha 2026-06-25 en carpeta 20260625
2026-06-25 08:34:36,225 - src.processor - INFO - Registros encontrados: 221987
2026-06-25 08:34:36,448 - src.processor - INFO - Archivo generado: C_VEN_PRE_MIGCTWB260625_RCS.txt (221987 registros)
2026-06-25 08:34:36,448 - src.processor - INFO - Procesando: C_VEN_PRE_MIGCTWB_SL para fecha 2026-06-25 en carpeta 20260625
2026-06-25 08:34:43,344 - src.processor - INFO - Registros encontrados: 76433
2026-06-25 08:34:43,429 - src.processor - INFO - Archivo generado: C_VEN_PRE_MIGCTWB260625_SL.txt (76433 registros)
2026-06-25 08:34:43,429 - src.processor - INFO - Procesando: C_VEN_PRE_MIGCTWC_RCS para fecha 2026-06-25 en carpeta 20260625
2026-06-25 08:34:46,013 - src.processor - INFO - Registros encontrados: 2154
2026-06-25 08:34:46,013 - src.processor - INFO - Archivo generado: C_VEN_PRE_MIGCTWC260625_RCS.txt (2154 registros)
2026-06-25 08:34:46,021 - src.processor - INFO - Procesando: C_VEN_PRE_MIGCTWC_SL para fecha 2026-06-25 en carpeta 20260625
2026-06-25 08:34:48,220 - src.processor - INFO - Registros encontrados: 961
2026-06-25 08:34:48,227 - src.processor - INFO - Archivo generado: C_VEN_PRE_MIGCTWC260625_SL.txt (961 registros)
2026-06-25 08:34:48,230 - src.processor - INFO - Procesando: C_VEN_PRE_MIGFUFA_WPP para fecha 2026-06-25 en carpeta 20260625
2026-06-25 08:34:51,463 - src.processor - INFO - Registros encontrados: 27377
2026-06-25 08:34:51,497 - src.processor - INFO - Archivo generado: C_VEN_PRE_MIGFUFA260625_WPP.txt (27377 registros)
2026-06-25 08:34:51,497 - src.processor - INFO - Procesando: C_VEN_PRE_MIGPMT1_RCS para fecha 2026-06-25 en carpeta 20260625
2026-06-25 08:34:53,315 - src.processor - INFO - Registros encontrados: 5996
2026-06-25 08:34:53,327 - src.processor - INFO - Archivo generado: C_VEN_PRE_MIGPMT1260625_RCS.txt (5996 registros)
2026-06-25 08:34:53,327 - src.processor - INFO - Procesando: C_VEN_PRE_MIGPMT1_SL para fecha 2026-06-25 en carpeta 20260625
2026-06-25 08:34:55,169 - src.processor - INFO - Registros encontrados: 6342
2026-06-25 08:34:55,177 - src.processor - INFO - Archivo generado: C_VEN_PRE_MIGPMT1260625_SL.txt (6342 registros)
2026-06-25 08:34:55,181 - src.processor - INFO - Procesando: C_VEN_PRE_MIGPMT1_WPP para fecha 2026-06-25 en carpeta 20260625
2026-06-25 08:34:57,206 - src.processor - INFO - Registros encontrados: 15713
2026-06-25 08:34:57,229 - src.processor - INFO - Archivo generado: C_VEN_PRE_MIGPMT1260625_WPP.txt (15713 registros)
2026-06-25 08:34:57,229 - src.processor - INFO - Procesando: C_VEN_PRE_MIGPMT2_RCS para fecha 2026-06-25 en carpeta 20260625
2026-06-25 08:34:58,750 - src.processor - INFO - Registros encontrados: 5996
2026-06-25 08:34:58,763 - src.processor - INFO - Archivo generado: C_VEN_PRE_MIGPMT2260625_RCS.txt (5996 registros)
2026-06-25 08:34:58,765 - src.processor - INFO - Procesando: C_VEN_PRE_MIGPMT2_WPP para fecha 2026-06-25 en carpeta 20260625
2026-06-25 08:35:01,287 - src.processor - INFO - Registros encontrados: 31372
2026-06-25 08:35:01,323 - src.processor - INFO - Archivo generado: C_VEN_PRE_MIGPMT2260625_WPP.txt (31372 registros)
2026-06-25 08:35:01,325 - src.processor - INFO - Procesando: C_VEN_PRE_MIGPMTA_RCS para fecha 2026-06-25 en carpeta 20260625
2026-06-25 08:35:35,576 - src.processor - INFO - Registros encontrados: 785184
2026-06-25 08:35:36,420 - src.processor - INFO - Archivo generado: C_VEN_PRE_MIGPMTA260625_RCS.txt (785184 registros)
2026-06-25 08:35:36,421 - src.processor - INFO - Procesando: C_VEN_PRE_MIGPMTA_SL para fecha 2026-06-25 en carpeta 20260625
2026-06-25 08:36:52,186 - src.processor - INFO - Registros encontrados: 1840399
2026-06-25 08:36:54,339 - src.processor - INFO - Archivo generado: C_VEN_PRE_MIGPMTA260625_SL.txt (1840399 registros)
2026-06-25 08:36:54,342 - src.processor - INFO - Procesando: C_VEN_PRE_MIGPMTB_RCS para fecha 2026-06-25 en carpeta 20260625
2026-06-25 08:37:28,167 - src.processor - INFO - Registros encontrados: 785182
2026-06-25 08:37:29,048 - src.processor - INFO - Archivo generado: C_VEN_PRE_MIGPMTB260625_RCS.txt (785182 registros)
2026-06-25 08:37:29,049 - src.processor - INFO - Procesando: C_VEN_PRE_MIGPMTB_SL para fecha 2026-06-25 en carpeta 20260625
2026-06-25 08:37:46,753 - src.processor - INFO - Registros encontrados: 359428
2026-06-25 08:37:47,138 - src.processor - INFO - Archivo generado: C_VEN_PRE_MIGPMTB260625_SL.txt (359428 registros)
2026-06-25 08:37:47,154 - src.processor - INFO - Procesando: C_VEN_PRE_MIGPMTC_SL para fecha 2026-06-25 en carpeta 20260625
2026-06-25 08:37:49,784 - src.processor - INFO - Registros encontrados: 6342
2026-06-25 08:37:49,795 - src.processor - INFO - Archivo generado: C_VEN_PRE_MIGPMTC260625_SL.txt (6342 registros)
2026-06-25 08:37:49,835 - src.database - INFO - Conexión cerrada.
2026-06-25 08:37:49,836 - src.processor - INFO - Proceso finalizado.
2026-06-25 08:37:49,839 - Main - INFO - --- Ejecución completada exitosamente ---
2026-06-30 08:10:34,349 - Main - INFO - --- Iniciando Sistema de Generación de Audiencias ---
2026-06-30 08:10:34,369 - src.processor - INFO - Iniciando procesamiento de audiencias...
2026-06-30 08:10:34,373 - src.database - INFO - Intentando conectar a Teradata host: tdtvntg.claro.com.co...
2026-06-30 08:10:37,427 - src.database - INFO - Conexión a Teradata exitosa.
2026-06-30 08:10:37,428 - src.processor - INFO - Procesando: C_AUT_HOG_MERIQMA_RCS para fecha 2026-06-30 en carpeta 20260630
2026-06-30 08:10:51,773 - src.processor - INFO - Registros encontrados: 12007
2026-06-30 08:10:51,780 - src.processor - INFO - Archivo generado: C_AUT_HOG_MERIQMA260630_RCS.txt (12007 registros)
2026-06-30 08:10:51,782 - src.processor - INFO - Procesando: C_AUT_HOG_USOAOGS_AP para fecha 2026-06-30 en carpeta 20260630
2026-06-30 08:11:03,581 - src.processor - INFO - Registros encontrados: 60638
2026-06-30 08:11:03,633 - src.processor - INFO - Archivo generado: C_AUT_HOG_USOAOGS260630_AP.txt (60638 registros)
2026-06-30 08:11:03,634 - src.processor - INFO - Procesando: C_AUT_POS_MERBANB_IP para fecha 2026-06-30 en carpeta 20260630
2026-06-30 08:11:15,407 - src.processor - INFO - Registros encontrados: 100000
2026-06-30 08:11:15,479 - src.processor - INFO - Archivo generado: C_AUT_POS_MERBANB260630_IP.txt (100000 registros)
2026-06-30 08:11:15,480 - src.processor - INFO - Procesando: C_AUT_POS_MERMEMG_IP para fecha 2026-06-30 en carpeta 20260630
2026-06-30 08:11:24,534 - src.processor - INFO - Registros encontrados: 0
2026-06-30 08:11:24,534 - src.processor - WARNING - Registros insuficientes (0) para C_AUT_POS_MERMEMG_IP. Mínimo requerido: 50. Archivo NO generado.
2026-06-30 08:11:24,535 - src.processor - INFO - Procesando: C_AUT_POS_MERPRMA_IP para fecha 2026-06-30 en carpeta 20260630
2026-06-30 08:11:35,291 - src.processor - INFO - Registros encontrados: 12281
2026-06-30 08:11:35,299 - src.processor - INFO - Archivo generado: C_AUT_POS_MERPRMA260630_IP.txt (12281 registros)
2026-06-30 08:11:35,301 - src.processor - INFO - Procesando: C_AUT_POS_USOAOJD_S0 para fecha 2026-06-30 en carpeta 20260630
2026-06-30 08:11:43,272 - src.processor - INFO - Registros encontrados: 9401
2026-06-30 08:11:43,277 - src.processor - INFO - Archivo generado: C_AUT_POS_USOAOJD260630_S0.txt (9401 registros)
2026-06-30 08:11:43,279 - src.processor - INFO - Procesando: C_AUT_POS_USOAOJU_S0 para fecha 2026-06-30 en carpeta 20260630
2026-06-30 08:11:49,865 - src.processor - INFO - Registros encontrados: 453
2026-06-30 08:11:49,867 - src.processor - INFO - Archivo generado: C_AUT_POS_USOAOJU260630_S0.txt (453 registros)
2026-06-30 08:11:49,868 - src.processor - INFO - Procesando: C_AUT_PRE_MERPRMA_WPP para fecha 2026-06-30 en carpeta 20260630
2026-06-30 08:11:54,241 - src.processor - INFO - Registros encontrados: 24607
2026-06-30 08:11:54,253 - src.processor - INFO - Archivo generado: C_AUT_PRE_MERPRMA260630_WPP.txt (24607 registros)
2026-06-30 08:11:54,255 - src.processor - INFO - Procesando: C_FID_CON_FIDRDKC_WPP para fecha 2026-06-30 en carpeta 20260630
2026-06-30 08:11:56,461 - src.processor - INFO - Registros encontrados: 0
2026-06-30 08:11:56,461 - src.processor - WARNING - Registros insuficientes (0) para C_FID_CON_FIDRDKC_WPP. Mínimo requerido: 50. Archivo NO generado.
2026-06-30 08:11:56,462 - src.processor - INFO - Procesando: C_FID_CON_FIDRPOA_WPP para fecha 2026-06-30 en carpeta 20260630
2026-06-30 08:11:58,378 - src.processor - INFO - Registros encontrados: 0
2026-06-30 08:11:58,379 - src.processor - WARNING - Registros insuficientes (0) para C_FID_CON_FIDRPOA_WPP. Mínimo requerido: 50. Archivo NO generado.
2026-06-30 08:11:58,379 - src.processor - INFO - Procesando: C_VEN_HOG_VMBHO3Z_RCS para fecha 2026-06-30 en carpeta 20260630
2026-06-30 08:12:00,188 - src.processor - INFO - Registros encontrados: 1678
2026-06-30 08:12:00,194 - src.processor - INFO - Archivo generado: C_VEN_HOG_VMBHO3Z260630_RCS.txt (1678 registros)
2026-06-30 08:12:00,195 - src.processor - INFO - Procesando: C_VEN_HOG_VMBHO3Z_S0 para fecha 2026-06-30 en carpeta 20260630
2026-06-30 08:12:01,823 - src.processor - INFO - Registros encontrados: 553
2026-06-30 08:12:01,826 - src.processor - INFO - Archivo generado: C_VEN_HOG_VMBHO3Z260630_S0.txt (553 registros)
2026-06-30 08:12:01,827 - src.processor - INFO - Procesando: C_VEN_HOG_VMBHO3Z_SL para fecha 2026-06-30 en carpeta 20260630
2026-06-30 08:12:03,160 - src.processor - INFO - Registros encontrados: 215
2026-06-30 08:12:03,161 - src.processor - INFO - Archivo generado: C_VEN_HOG_VMBHO3Z260630_SL.txt (215 registros)
2026-06-30 08:12:03,162 - src.processor - INFO - Procesando: C_VEN_HOG_VMBHO41_RCS para fecha 2026-06-30 en carpeta 20260630
2026-06-30 08:12:05,472 - src.processor - INFO - Registros encontrados: 11795
2026-06-30 08:12:05,479 - src.processor - INFO - Archivo generado: C_VEN_HOG_VMBHO41260630_RCS.txt (11795 registros)
2026-06-30 08:12:05,481 - src.processor - INFO - Procesando: C_VEN_HOG_VMBHO4Z_IP para fecha 2026-06-30 en carpeta 20260630
2026-06-30 08:12:09,178 - src.processor - INFO - Registros encontrados: 13325
2026-06-30 08:12:09,189 - src.processor - INFO - Archivo generado: C_VEN_HOG_VMBHO4Z260630_IP.txt (13325 registros)
2026-06-30 08:12:09,189 - src.processor - INFO - Procesando: C_VEN_HOG_VMBHO4Z_RCS para fecha 2026-06-30 en carpeta 20260630
2026-06-30 08:12:11,554 - src.processor - INFO - Registros encontrados: 9863
2026-06-30 08:12:11,559 - src.processor - INFO - Archivo generado: C_VEN_HOG_VMBHO4Z260630_RCS.txt (9863 registros)
2026-06-30 08:12:11,561 - src.processor - INFO - Procesando: C_VEN_HOG_VMBHO4Z_S0 para fecha 2026-06-30 en carpeta 20260630
2026-06-30 08:12:13,045 - src.processor - INFO - Registros encontrados: 3110
2026-06-30 08:12:13,048 - src.processor - INFO - Archivo generado: C_VEN_HOG_VMBHO4Z260630_S0.txt (3110 registros)
2026-06-30 08:12:13,050 - src.processor - INFO - Procesando: C_VEN_HOG_VMBHO4Z_SL para fecha 2026-06-30 en carpeta 20260630
2026-06-30 08:12:15,122 - src.processor - INFO - Registros encontrados: 29971
2026-06-30 08:12:15,137 - src.processor - INFO - Archivo generado: C_VEN_HOG_VMBHO4Z260630_SL.txt (29971 registros)
2026-06-30 08:12:15,138 - src.processor - INFO - Procesando: C_VEN_HOG_VMBHO4Z_WPP para fecha 2026-06-30 en carpeta 20260630
2026-06-30 08:12:16,832 - src.processor - INFO - Registros encontrados: 3202
2026-06-30 08:12:16,835 - src.processor - INFO - Archivo generado: C_VEN_HOG_VMBHO4Z260630_WPP.txt (3202 registros)
2026-06-30 08:12:16,836 - src.processor - INFO - Procesando: C_VEN_HOG_VMBHOZP_AP para fecha 2026-06-30 en carpeta 20260630
2026-06-30 08:12:18,683 - src.processor - INFO - Registros encontrados: 3735
2026-06-30 08:12:18,685 - src.processor - INFO - Archivo generado: C_VEN_HOG_VMBHOZP260630_AP.txt (3735 registros)
2026-06-30 08:12:18,685 - src.processor - INFO - Procesando: C_VEN_HOG_VMBHOZS_AP para fecha 2026-06-30 en carpeta 20260630
2026-06-30 08:12:21,180 - src.processor - INFO - Registros encontrados: 12047
2026-06-30 08:12:21,189 - src.processor - INFO - Archivo generado: C_VEN_HOG_VMBHOZS260630_AP.txt (12047 registros)
2026-06-30 08:12:21,190 - src.processor - INFO - Procesando: C_VEN_HOG_VMH33JP_AP para fecha 2026-06-30 en carpeta 20260630
2026-06-30 08:12:22,987 - src.processor - INFO - Registros encontrados: 378
2026-06-30 08:12:22,989 - src.processor - INFO - Archivo generado: C_VEN_HOG_VMH33JP260630_AP.txt (378 registros)
2026-06-30 08:12:22,990 - src.processor - INFO - Procesando: C_VEN_HOG_VMH33JS_AP para fecha 2026-06-30 en carpeta 20260630
2026-06-30 08:12:25,198 - src.processor - INFO - Registros encontrados: 640
2026-06-30 08:12:25,202 - src.processor - INFO - Archivo generado: C_VEN_HOG_VMH33JS260630_AP.txt (640 registros)
2026-06-30 08:12:25,203 - src.processor - INFO - Procesando: C_VEN_HOG_VMHO41J_S0 para fecha 2026-06-30 en carpeta 20260630
2026-06-30 08:12:26,921 - src.processor - INFO - Registros encontrados: 71
2026-06-30 08:12:26,922 - src.processor - INFO - Archivo generado: C_VEN_HOG_VMHO41J260630_S0.txt (71 registros)
2026-06-30 08:12:26,923 - src.processor - INFO - Procesando: C_VEN_HOG_VMHO41J_SL para fecha 2026-06-30 en carpeta 20260630
2026-06-30 08:12:31,372 - src.processor - INFO - Registros encontrados: 100000
2026-06-30 08:12:31,419 - src.processor - INFO - Archivo generado: C_VEN_HOG_VMHO41J260630_SL.txt (100000 registros)
2026-06-30 08:12:31,420 - src.processor - INFO - Procesando: C_VEN_HOG_VMHO41J_WPP para fecha 2026-06-30 en carpeta 20260630
2026-06-30 08:12:34,940 - src.processor - INFO - Registros encontrados: 19722
2026-06-30 08:12:34,944 - src.processor - INFO - Archivo generado: C_VEN_HOG_VMHO41J260630_WPP.txt (19722 registros)
2026-06-30 08:12:34,944 - src.processor - INFO - Procesando: C_VEN_HOG_VMHO41P_AP para fecha 2026-06-30 en carpeta 20260630
2026-06-30 08:12:38,233 - src.processor - INFO - Registros encontrados: 3958
2026-06-30 08:12:38,239 - src.processor - INFO - Archivo generado: C_VEN_HOG_VMHO41P260630_AP.txt (3958 registros)
2026-06-30 08:12:38,240 - src.processor - INFO - Procesando: C_VEN_HOG_VMHO41S_AP para fecha 2026-06-30 en carpeta 20260630
2026-06-30 08:12:43,926 - src.processor - INFO - Registros encontrados: 60164
2026-06-30 08:12:43,966 - src.processor - INFO - Archivo generado: C_VEN_HOG_VMHO41S260630_AP.txt (60164 registros)
2026-06-30 08:12:43,967 - src.processor - INFO - Procesando: C_VEN_POS_VHBM59P_AP para fecha 2026-06-30 en carpeta 20260630
2026-06-30 08:12:48,762 - src.processor - INFO - Registros encontrados: 62006
2026-06-30 08:12:48,792 - src.processor - INFO - Archivo generado: C_VEN_POS_VHBM59P260630_AP.txt (62006 registros)
2026-06-30 08:12:48,793 - src.processor - INFO - Procesando: C_VEN_POS_VHBM59S_AP para fecha 2026-06-30 en carpeta 20260630
2026-06-30 08:12:57,164 - src.processor - INFO - Registros encontrados: 48792
2026-06-30 08:12:57,195 - src.processor - INFO - Archivo generado: C_VEN_POS_VHBM59S260630_AP.txt (48792 registros)
2026-06-30 08:12:57,196 - src.processor - INFO - Procesando: C_VEN_POS_VHBM74J_S0 para fecha 2026-06-30 en carpeta 20260630
2026-06-30 08:13:04,971 - src.processor - INFO - Registros encontrados: 47626
2026-06-30 08:13:04,988 - src.processor - INFO - Archivo generado: C_VEN_POS_VHBM74J260630_S0.txt (47626 registros)
2026-06-30 08:13:04,988 - src.processor - INFO - Procesando: C_VEN_POS_VHBM74J_SL para fecha 2026-06-30 en carpeta 20260630
2026-06-30 08:13:13,978 - src.processor - INFO - Registros encontrados: 94002
2026-06-30 08:13:14,023 - src.processor - INFO - Archivo generado: C_VEN_POS_VHBM74J260630_SL.txt (94002 registros)
2026-06-30 08:13:14,024 - src.processor - INFO - Procesando: C_VEN_POS_VHBM74P_AP para fecha 2026-06-30 en carpeta 20260630
2026-06-30 08:13:22,300 - src.processor - INFO - Registros encontrados: 65168
2026-06-30 08:13:22,331 - src.processor - INFO - Archivo generado: C_VEN_POS_VHBM74P260630_AP.txt (65168 registros)
2026-06-30 08:13:22,332 - src.processor - INFO - Procesando: C_VEN_POS_VHBM74S_AP para fecha 2026-06-30 en carpeta 20260630
2026-06-30 08:13:32,670 - src.processor - INFO - Registros encontrados: 45002
2026-06-30 08:13:32,701 - src.processor - INFO - Archivo generado: C_VEN_POS_VHBM74S260630_AP.txt (45002 registros)
2026-06-30 08:13:32,702 - src.processor - INFO - Procesando: C_VEN_POS_VHBM79J_RCS para fecha 2026-06-30 en carpeta 20260630
2026-06-30 08:13:39,416 - src.processor - INFO - Registros encontrados: 11390
2026-06-30 08:13:39,422 - src.processor - INFO - Archivo generado: C_VEN_POS_VHBM79J260630_RCS.txt (11390 registros)
2026-06-30 08:13:39,424 - src.processor - INFO - Procesando: C_VEN_POS_VHBM79P_AP para fecha 2026-06-30 en carpeta 20260630
2026-06-30 08:13:46,223 - src.processor - INFO - Registros encontrados: 40
2026-06-30 08:13:46,223 - src.processor - WARNING - Registros insuficientes (40) para C_VEN_POS_VHBM79P_AP. Mínimo requerido: 50. Archivo NO generado.
2026-06-30 08:13:46,224 - src.processor - INFO - Procesando: C_VEN_POS_VHBM79S_AP para fecha 2026-06-30 en carpeta 20260630
2026-06-30 08:13:55,764 - src.processor - INFO - Registros encontrados: 26453
2026-06-30 08:13:55,782 - src.processor - INFO - Archivo generado: C_VEN_POS_VHBM79S260630_AP.txt (26453 registros)
2026-06-30 08:13:55,783 - src.processor - INFO - Procesando: C_VEN_POS_VHBMO5Z_RCS para fecha 2026-06-30 en carpeta 20260630
2026-06-30 08:14:03,468 - src.processor - INFO - Registros encontrados: 63195
2026-06-30 08:14:03,491 - src.processor - INFO - Archivo generado: C_VEN_POS_VHBMO5Z260630_RCS.txt (63195 registros)
2026-06-30 08:14:03,491 - src.processor - INFO - Procesando: C_VEN_POS_VHBMO5Z_S0 para fecha 2026-06-30 en carpeta 20260630
2026-06-30 08:14:11,128 - src.processor - INFO - Registros encontrados: 48562
2026-06-30 08:14:11,152 - src.processor - INFO - Archivo generado: C_VEN_POS_VHBMO5Z260630_S0.txt (48562 registros)
2026-06-30 08:14:11,153 - src.processor - INFO - Procesando: C_VEN_POS_VHBMO5Z_SL para fecha 2026-06-30 en carpeta 20260630
2026-06-30 08:14:18,067 - src.processor - INFO - Registros encontrados: 105848
2026-06-30 08:14:18,115 - src.processor - INFO - Archivo generado: C_VEN_POS_VHBMO5Z260630_SL.txt (105848 registros)
2026-06-30 08:14:18,116 - src.processor - INFO - Procesando: C_VEN_POS_VHBMO7Z_IP para fecha 2026-06-30 en carpeta 20260630
2026-06-30 08:14:21,659 - src.processor - INFO - Registros encontrados: 73943
2026-06-30 08:14:21,706 - src.processor - INFO - Archivo generado: C_VEN_POS_VHBMO7Z260630_IP.txt (73943 registros)
2026-06-30 08:14:21,707 - src.processor - INFO - Procesando: C_VEN_POS_VHBMO7Z_RCS para fecha 2026-06-30 en carpeta 20260630
2026-06-30 08:14:24,109 - src.processor - INFO - Registros encontrados: 61433
2026-06-30 08:14:24,138 - src.processor - INFO - Archivo generado: C_VEN_POS_VHBMO7Z260630_RCS.txt (61433 registros)
2026-06-30 08:14:24,139 - src.processor - INFO - Procesando: C_VEN_POS_VHBMO7Z_S0 para fecha 2026-06-30 en carpeta 20260630
2026-06-30 08:14:26,251 - src.processor - INFO - Registros encontrados: 8813
2026-06-30 08:14:26,256 - src.processor - INFO - Archivo generado: C_VEN_POS_VHBMO7Z260630_S0.txt (8813 registros)
2026-06-30 08:14:26,257 - src.processor - INFO - Procesando: C_VEN_POS_VHBMO7Z_SL para fecha 2026-06-30 en carpeta 20260630
2026-06-30 08:14:29,793 - src.processor - INFO - Registros encontrados: 57490
2026-06-30 08:14:29,823 - src.processor - INFO - Archivo generado: C_VEN_POS_VHBMO7Z260630_SL.txt (57490 registros)
2026-06-30 08:14:29,824 - src.processor - INFO - Procesando: C_VEN_POS_VHBMO7Z_WPP para fecha 2026-06-30 en carpeta 20260630
2026-06-30 08:14:33,031 - src.processor - INFO - Registros encontrados: 2812
2026-06-30 08:14:33,034 - src.processor - INFO - Archivo generado: C_VEN_POS_VHBMO7Z260630_WPP.txt (2812 registros)
2026-06-30 08:14:33,034 - src.processor - INFO - Procesando: C_VEN_PRE_MIGCTWA_RCS para fecha 2026-06-30 en carpeta 20260630
2026-06-30 08:14:38,198 - src.processor - INFO - Registros encontrados: 116530
2026-06-30 08:14:38,257 - src.processor - INFO - Archivo generado: C_VEN_PRE_MIGCTWA260630_RCS.txt (116530 registros)
2026-06-30 08:14:38,258 - src.processor - INFO - Procesando: C_VEN_PRE_MIGCTWA_SL para fecha 2026-06-30 en carpeta 20260630
2026-06-30 08:14:44,208 - src.processor - INFO - Registros encontrados: 7698
2026-06-30 08:14:44,213 - src.processor - INFO - Archivo generado: C_VEN_PRE_MIGCTWA260630_SL.txt (7698 registros)
2026-06-30 08:14:44,214 - src.processor - INFO - Procesando: C_VEN_PRE_MIGCTWB_RCS para fecha 2026-06-30 en carpeta 20260630
2026-06-30 08:14:59,292 - src.processor - INFO - Registros encontrados: 303211
2026-06-30 08:14:59,443 - src.processor - INFO - Archivo generado: C_VEN_PRE_MIGCTWB260630_RCS.txt (303211 registros)
2026-06-30 08:14:59,445 - src.processor - INFO - Procesando: C_VEN_PRE_MIGCTWB_SL para fecha 2026-06-30 en carpeta 20260630
2026-06-30 08:15:07,705 - src.processor - INFO - Registros encontrados: 22495
2026-06-30 08:15:07,717 - src.processor - INFO - Archivo generado: C_VEN_PRE_MIGCTWB260630_SL.txt (22495 registros)
2026-06-30 08:15:07,719 - src.processor - INFO - Procesando: C_VEN_PRE_MIGCTWC_RCS para fecha 2026-06-30 en carpeta 20260630
2026-06-30 08:15:14,853 - src.processor - INFO - Registros encontrados: 9556
2026-06-30 08:15:14,860 - src.processor - INFO - Archivo generado: C_VEN_PRE_MIGCTWC260630_RCS.txt (9556 registros)
2026-06-30 08:15:14,861 - src.processor - INFO - Procesando: C_VEN_PRE_MIGCTWC_SL para fecha 2026-06-30 en carpeta 20260630
2026-06-30 08:15:22,379 - src.processor - INFO - Registros encontrados: 1149
2026-06-30 08:15:22,381 - src.processor - INFO - Archivo generado: C_VEN_PRE_MIGCTWC260630_SL.txt (1149 registros)
2026-06-30 08:15:22,381 - src.processor - INFO - Procesando: C_VEN_PRE_MIGPMT1_RCS para fecha 2026-06-30 en carpeta 20260630
2026-06-30 08:15:29,973 - src.processor - INFO - Registros encontrados: 34689
2026-06-30 08:15:29,994 - src.processor - INFO - Archivo generado: C_VEN_PRE_MIGPMT1260630_RCS.txt (34689 registros)
2026-06-30 08:15:29,995 - src.processor - INFO - Procesando: C_VEN_PRE_MIGPMT1_SL para fecha 2026-06-30 en carpeta 20260630
2026-06-30 08:15:36,696 - src.processor - INFO - Registros encontrados: 0
2026-06-30 08:15:36,697 - src.processor - WARNING - Registros insuficientes (0) para C_VEN_PRE_MIGPMT1_SL. Mínimo requerido: 50. Archivo NO generado.
2026-06-30 08:15:36,698 - src.processor - INFO - Procesando: C_VEN_PRE_MIGPMT1_WPP para fecha 2026-06-30 en carpeta 20260630
2026-06-30 08:15:43,421 - src.processor - INFO - Registros encontrados: 5792
2026-06-30 08:15:43,426 - src.processor - INFO - Archivo generado: C_VEN_PRE_MIGPMT1260630_WPP.txt (5792 registros)
2026-06-30 08:15:43,426 - src.processor - INFO - Procesando: C_VEN_PRE_MIGPMT2_WPP para fecha 2026-06-30 en carpeta 20260630
2026-06-30 08:15:52,255 - src.processor - INFO - Registros encontrados: 100000
2026-06-30 08:15:52,292 - src.processor - INFO - Archivo generado: C_VEN_PRE_MIGPMT2260630_WPP.txt (100000 registros)
2026-06-30 08:15:52,292 - src.processor - INFO - Procesando: C_VEN_PRE_MIGPMTA_RCS para fecha 2026-06-30 en carpeta 20260630
2026-06-30 08:16:09,586 - src.processor - INFO - Registros encontrados: 455526
2026-06-30 08:16:09,785 - src.processor - INFO - Archivo generado: C_VEN_PRE_MIGPMTA260630_RCS.txt (455526 registros)
2026-06-30 08:16:09,801 - src.processor - INFO - Procesando: C_VEN_PRE_MIGPMTA_SL para fecha 2026-06-30 en carpeta 20260630
2026-06-30 08:17:11,848 - src.processor - INFO - Registros encontrados: 2891615
2026-06-30 08:17:13,232 - src.processor - INFO - Archivo generado: C_VEN_PRE_MIGPMTA260630_SL.txt (2891615 registros)
2026-06-30 08:17:13,232 - src.processor - INFO - Procesando: C_VEN_PRE_MIGPMTB_SL para fecha 2026-06-30 en carpeta 20260630
2026-06-30 08:17:30,292 - src.processor - INFO - Registros encontrados: 709983
2026-06-30 08:17:30,636 - src.processor - INFO - Archivo generado: C_VEN_PRE_MIGPMTB260630_SL.txt (709983 registros)
2026-06-30 08:17:30,636 - src.processor - INFO - Procesando: C_VEN_PRE_MIGPMTC_SL para fecha 2026-06-30 en carpeta 20260630
2026-06-30 08:17:36,118 - src.processor - INFO - Registros encontrados: 0
2026-06-30 08:17:36,119 - src.processor - WARNING - Registros insuficientes (0) para C_VEN_PRE_MIGPMTC_SL. Mínimo requerido: 50. Archivo NO generado.
2026-06-30 08:17:36,120 - src.processor - INFO - Procesando: C_VEN_PRE_PTBPMT1_SL para fecha 2026-06-30 en carpeta 20260630
2026-06-30 08:17:42,035 - src.processor - INFO - Registros encontrados: 0
2026-06-30 08:17:42,036 - src.processor - WARNING - Registros insuficientes (0) para C_VEN_PRE_PTBPMT1_SL. Mínimo requerido: 50. Archivo NO generado.
2026-06-30 08:17:42,036 - src.processor - INFO - Procesando: C_VEN_PRE_3X1INCD_AP para fecha 2026-06-30 en carpeta 20260630
2026-06-30 08:17:55,894 - src.processor - INFO - Registros encontrados: 500000
2026-06-30 08:17:56,130 - src.processor - INFO - Archivo generado: C_VEN_PRE_3X1INCD260630_AP.txt (500000 registros)
2026-06-30 08:17:56,130 - src.processor - INFO - Procesando: C_VEN_PRE_3X1INCD_RCS para fecha 2026-06-30 en carpeta 20260630
2026-06-30 08:18:07,869 - src.processor - INFO - Registros encontrados: 400000
2026-06-30 08:18:08,108 - src.processor - INFO - Archivo generado: C_VEN_PRE_3X1INCD260630_RCS.txt (400000 registros)
2026-06-30 08:18:08,109 - src.processor - INFO - Procesando: C_VEN_EQU_CFIAPHP_AP para fecha 2026-06-30 en carpeta 20260630
2026-06-30 08:18:13,129 - src.processor - INFO - Registros encontrados: 8196
2026-06-30 08:18:13,129 - src.processor - INFO - Archivo generado: C_VEN_EQU_CFIAPHP260630_AP.txt (8196 registros)
2026-06-30 08:18:13,144 - src.processor - INFO - Procesando: C_VEN_EQU_CFIHOHO_RCS para fecha 2026-06-30 en carpeta 20260630
2026-06-30 08:18:18,024 - src.processor - INFO - Registros encontrados: 15608
2026-06-30 08:18:18,033 - src.processor - INFO - Archivo generado: C_VEN_EQU_CFIHOHO260630_RCS.txt (15608 registros)
2026-06-30 08:18:18,034 - src.processor - INFO - Procesando: C_VEN_EQU_CFITCHS_AP para fecha 2026-06-30 en carpeta 20260630
2026-06-30 08:18:26,310 - src.processor - INFO - Registros encontrados: 80956
2026-06-30 08:18:26,364 - src.processor - INFO - Archivo generado: C_VEN_EQU_CFITCHS260630_AP.txt (80956 registros)
2026-06-30 08:18:26,365 - src.processor - INFO - Procesando: C_VEN_EQU_CFIXIPO_SL para fecha 2026-06-30 en carpeta 20260630
2026-06-30 08:18:32,533 - src.processor - INFO - Registros encontrados: 190
2026-06-30 08:18:32,534 - src.processor - INFO - Archivo generado: C_VEN_EQU_CFIXIPO260630_SL.txt (190 registros)
2026-06-30 08:18:32,536 - src.processor - INFO - Procesando: C_VEN_EQU_CLIEEHO_SL para fecha 2026-06-30 en carpeta 20260630
2026-06-30 08:18:36,241 - src.processor - INFO - Registros encontrados: 4505
2026-06-30 08:18:36,247 - src.processor - INFO - Archivo generado: C_VEN_EQU_CLIEEHO260630_SL.txt (4505 registros)
2026-06-30 08:18:36,248 - src.processor - INFO - Procesando: C_INN_POS_PAYTRAC_RCS para fecha 2026-06-30 en carpeta 20260630
2026-06-30 08:18:39,579 - src.processor - INFO - Registros encontrados: 4640
2026-06-30 08:18:39,582 - src.processor - INFO - Archivo generado: C_INN_POS_PAYTRAC260630_RCS.txt (4640 registros)
2026-06-30 08:18:39,583 - src.processor - INFO - Procesando: C_INN_POS_PAYTRAC_SL para fecha 2026-06-30 en carpeta 20260630
2026-06-30 08:18:42,217 - src.processor - INFO - Registros encontrados: 17100
2026-06-30 08:18:42,227 - src.processor - INFO - Archivo generado: C_INN_POS_PAYTRAC260630_SL.txt (17100 registros)
2026-06-30 08:18:42,228 - src.processor - INFO - Procesando: C_INN_PRE_PAYTRAC_SL para fecha 2026-06-30 en carpeta 20260630
2026-06-30 08:18:46,041 - src.processor - INFO - Registros encontrados: 67748
2026-06-30 08:18:46,075 - src.processor - INFO - Archivo generado: C_INN_PRE_PAYTRAC260630_SL.txt (67748 registros)
2026-06-30 08:18:46,076 - src.processor - INFO - Procesando: C_REN_HOG_CNPHOHJ_SL para fecha 2026-06-30 en carpeta 20260630
2026-06-30 08:18:48,197 - src.processor - INFO - Registros encontrados: 253
2026-06-30 08:18:48,199 - src.processor - INFO - Archivo generado: C_REN_HOG_CNPHOHJ260630_SL.txt (253 registros)
2026-06-30 08:18:48,200 - src.processor - INFO - Procesando: C_REN_HOG_OTHMLCD_RCS para fecha 2026-06-30 en carpeta 20260630
2026-06-30 08:18:50,725 - src.processor - INFO - Registros encontrados: 0
2026-06-30 08:18:50,725 - src.processor - WARNING - Registros insuficientes (0) para C_REN_HOG_OTHMLCD_RCS. Mínimo requerido: 50. Archivo NO generado.
2026-06-30 08:18:50,726 - src.processor - INFO - Procesando: C_REN_HOG_OTTDPAE_SL para fecha 2026-06-30 en carpeta 20260630
2026-06-30 08:18:54,487 - src.processor - INFO - Registros encontrados: 50803
2026-06-30 08:18:54,514 - src.processor - INFO - Archivo generado: C_REN_HOG_OTTDPAE260630_SL.txt (50803 registros)
2026-06-30 08:18:54,514 - src.processor - INFO - Procesando: C_REN_HOG_OTTNMEX_RCS para fecha 2026-06-30 en carpeta 20260630
2026-06-30 08:18:56,873 - src.processor - INFO - Registros encontrados: 31614
2026-06-30 08:18:56,889 - src.processor - INFO - Archivo generado: C_REN_HOG_OTTNMEX260630_RCS.txt (31614 registros)
2026-06-30 08:18:56,890 - src.processor - INFO - Procesando: C_REN_POS_GAMIGAA_SL para fecha 2026-06-30 en carpeta 20260630
2026-06-30 08:18:59,740 - src.processor - INFO - Registros encontrados: 0
2026-06-30 08:18:59,740 - src.processor - WARNING - Registros insuficientes (0) para C_REN_POS_GAMIGAA_SL. Mínimo requerido: 50. Archivo NO generado.
2026-06-30 08:18:59,741 - src.processor - INFO - Procesando: C_REN_POS_GAMIGAB_RCS para fecha 2026-06-30 en carpeta 20260630
2026-06-30 08:19:04,100 - src.processor - INFO - Registros encontrados: 0
2026-06-30 08:19:04,101 - src.processor - WARNING - Registros insuficientes (0) para C_REN_POS_GAMIGAB_RCS. Mínimo requerido: 50. Archivo NO generado.
2026-06-30 08:19:04,101 - src.processor - INFO - Procesando: C_REN_POS_OTTDIGN_S0 para fecha 2026-06-30 en carpeta 20260630
2026-06-30 08:19:09,729 - src.processor - INFO - Registros encontrados: 35814
2026-06-30 08:19:09,749 - src.processor - INFO - Archivo generado: C_REN_POS_OTTDIGN260630_S0.txt (35814 registros)
2026-06-30 08:19:09,750 - src.processor - INFO - Procesando: C_REN_POS_OTTDPAE_SL para fecha 2026-06-30 en carpeta 20260630
2026-06-30 08:19:13,098 - src.processor - INFO - Registros encontrados: 0
2026-06-30 08:19:13,099 - src.processor - WARNING - Registros insuficientes (0) para C_REN_POS_OTTDPAE_SL. Mínimo requerido: 50. Archivo NO generado.
2026-06-30 08:19:13,100 - src.processor - INFO - Procesando: C_REN_POS_OTTDPES_RCS para fecha 2026-06-30 en carpeta 20260630
2026-06-30 08:19:15,864 - src.processor - INFO - Registros encontrados: 0
2026-06-30 08:19:15,864 - src.processor - WARNING - Registros insuficientes (0) para C_REN_POS_OTTDPES_RCS. Mínimo requerido: 50. Archivo NO generado.
2026-06-30 08:19:15,865 - src.processor - INFO - Procesando: C_REN_POS_OTTNMEX_RCS para fecha 2026-06-30 en carpeta 20260630
2026-06-30 08:19:18,825 - src.processor - INFO - Registros encontrados: 0
2026-06-30 08:19:18,825 - src.processor - WARNING - Registros insuficientes (0) para C_REN_POS_OTTNMEX_RCS. Mínimo requerido: 50. Archivo NO generado.
2026-06-30 08:19:18,826 - src.processor - INFO - Procesando: C_REN_POS_OTTPVAA_RCS para fecha 2026-06-30 en carpeta 20260630
2026-06-30 08:19:21,767 - src.processor - INFO - Registros encontrados: 0
2026-06-30 08:19:21,767 - src.processor - WARNING - Registros insuficientes (0) para C_REN_POS_OTTPVAA_RCS. Mínimo requerido: 50. Archivo NO generado.
2026-06-30 08:19:21,769 - src.processor - INFO - Procesando: C_REN_POS_OTTPVCA_WPP para fecha 2026-06-30 en carpeta 20260630
2026-06-30 08:19:24,931 - src.processor - INFO - Registros encontrados: 15000
2026-06-30 08:19:24,942 - src.processor - INFO - Archivo generado: C_REN_POS_OTTPVCA260630_WPP.txt (15000 registros)
2026-06-30 08:19:24,943 - src.processor - INFO - Procesando: C_REN_POS_OTTPVCB_WPP para fecha 2026-06-30 en carpeta 20260630
2026-06-30 08:19:27,913 - src.processor - INFO - Registros encontrados: 15000
2026-06-30 08:19:27,921 - src.processor - INFO - Archivo generado: C_REN_POS_OTTPVCB260630_WPP.txt (15000 registros)
2026-06-30 08:19:27,923 - src.processor - INFO - Procesando: C_VAS_POS_VIDMIYM_RCS para fecha 2026-06-30 en carpeta 20260630
2026-06-30 08:19:30,467 - src.processor - INFO - Registros encontrados: 295
2026-06-30 08:19:30,469 - src.processor - INFO - Archivo generado: C_VAS_POS_VIDMIYM260630_RCS.txt (295 registros)
2026-06-30 08:19:30,470 - src.processor - INFO - Procesando: C_VAS_POS_VIDMIYM_SL para fecha 2026-06-30 en carpeta 20260630
2026-06-30 08:19:35,169 - src.processor - INFO - Registros encontrados: 2996
2026-06-30 08:19:35,172 - src.processor - INFO - Archivo generado: C_VAS_POS_VIDMIYM260630_SL.txt (2996 registros)
2026-06-30 08:19:35,172 - src.processor - INFO - Procesando: C_VAS_POS_VIDMIYM_WPP para fecha 2026-06-30 en carpeta 20260630
2026-06-30 08:19:41,746 - src.processor - INFO - Registros encontrados: 10000
2026-06-30 08:19:41,754 - src.processor - INFO - Archivo generado: C_VAS_POS_VIDMIYM260630_WPP.txt (10000 registros)
2026-06-30 08:19:41,754 - src.processor - INFO - Procesando: C_VAS_POS_VIDMYMP_AP para fecha 2026-06-30 en carpeta 20260630
2026-06-30 08:19:47,670 - src.processor - INFO - Registros encontrados: 30000
2026-06-30 08:19:47,688 - src.processor - INFO - Archivo generado: C_VAS_POS_VIDMYMP260630_AP.txt (30000 registros)
2026-06-30 08:19:47,689 - src.processor - INFO - Procesando: C_VAS_POS_VIDMYMS_AP para fecha 2026-06-30 en carpeta 20260630
2026-06-30 08:19:55,423 - src.processor - INFO - Registros encontrados: 15926
2026-06-30 08:19:55,433 - src.processor - INFO - Archivo generado: C_VAS_POS_VIDMYMS260630_AP.txt (15926 registros)
2026-06-30 08:19:55,437 - src.processor - INFO - Procesando: N_AUT_HOG_USOAOJM_S0 para fecha 2026-06-30 en carpeta 20260630
2026-06-30 08:20:03,237 - src.processor - INFO - Registros encontrados: 100000
2026-06-30 08:20:03,285 - src.processor - INFO - Archivo generado: N_AUT_HOG_USOAOJM260630_S0.txt (100000 registros)
2026-06-30 08:20:03,285 - src.processor - INFO - Procesando: N_AUT_POS_USOAOJB_SL para fecha 2026-06-30 en carpeta 20260630
2026-06-30 08:20:12,155 - src.processor - INFO - Registros encontrados: 100000
2026-06-30 08:20:12,200 - src.processor - INFO - Archivo generado: N_AUT_POS_USOAOJB260630_SL.txt (100000 registros)
2026-06-30 08:20:12,200 - src.processor - INFO - Procesando: N_AUT_POS_USOAOJD_S0 para fecha 2026-06-30 en carpeta 20260630
2026-06-30 08:20:20,196 - src.processor - INFO - Registros encontrados: 100000
2026-06-30 08:20:20,245 - src.processor - INFO - Archivo generado: N_AUT_POS_USOAOJD260630_S0.txt (100000 registros)
2026-06-30 08:20:20,246 - src.processor - INFO - Procesando: N_FID_CON_FIDRDBP_AP para fecha 2026-06-30 en carpeta 20260630
2026-06-30 08:20:26,143 - src.processor - INFO - Registros encontrados: 0
2026-06-30 08:20:26,143 - src.processor - WARNING - Registros insuficientes (0) para N_FID_CON_FIDRDBP_AP. Mínimo requerido: 50. Archivo NO generado.
2026-06-30 08:20:26,144 - src.processor - WARNING - Canal desconocido 'IVR' en fila 92. Saltando.
2026-06-30 08:20:26,144 - src.processor - INFO - Procesando: N_VAS_HOG_CDVALFD_S0 para fecha 2026-06-30 en carpeta 20260630
2026-06-30 08:20:33,629 - src.processor - INFO - Registros encontrados: 100000
2026-06-30 08:20:33,677 - src.processor - INFO - Archivo generado: N_VAS_HOG_CDVALFD260630_S0.txt (100000 registros)
2026-06-30 08:20:33,678 - src.processor - INFO - Procesando: N_VAS_POS_MUSEMPJ_WPP para fecha 2026-06-30 en carpeta 20260630
2026-06-30 08:20:39,162 - src.processor - INFO - Registros encontrados: 0
2026-06-30 08:20:39,162 - src.processor - WARNING - Registros insuficientes (0) para N_VAS_POS_MUSEMPJ_WPP. Mínimo requerido: 50. Archivo NO generado.
2026-06-30 08:20:39,163 - src.processor - INFO - Procesando: N_VAS_POS_MUSGRIJ_WPP para fecha 2026-06-30 en carpeta 20260630
2026-06-30 08:20:45,124 - src.processor - INFO - Registros encontrados: 0
2026-06-30 08:20:45,124 - src.processor - WARNING - Registros insuficientes (0) para N_VAS_POS_MUSGRIJ_WPP. Mínimo requerido: 50. Archivo NO generado.
2026-06-30 08:20:45,125 - src.processor - INFO - Procesando: N_VAS_POS_VIDTEAC_SL para fecha 2026-06-30 en carpeta 20260630
2026-06-30 08:20:51,062 - src.processor - INFO - Registros encontrados: 100000
2026-06-30 08:20:51,110 - src.processor - INFO - Archivo generado: N_VAS_POS_VIDTEAC260630_SL.txt (100000 registros)
2026-06-30 08:20:51,112 - src.processor - INFO - Procesando: N_VAS_POS_VIDTEAP_AP para fecha 2026-06-30 en carpeta 20260630
2026-06-30 08:20:56,309 - src.processor - INFO - Registros encontrados: 100000
2026-06-30 08:20:56,359 - src.processor - INFO - Archivo generado: N_VAS_POS_VIDTEAP260630_AP.txt (100000 registros)
2026-06-30 08:20:56,409 - src.database - INFO - Conexión cerrada.
2026-06-30 08:20:56,409 - src.processor - INFO - Proceso finalizado.
2026-06-30 08:20:56,414 - Main - INFO - --- Ejecución completada exitosamente ---
2026-07-01 09:06:03,027 - Main - INFO - --- Iniciando Sistema de Generación de Audiencias ---
2026-07-01 09:06:03,057 - src.processor - INFO - Iniciando procesamiento de audiencias...
2026-07-01 09:06:03,074 - src.database - INFO - Intentando conectar a Teradata host: tdtvntg.claro.com.co...
2026-07-01 09:06:05,636 - src.database - INFO - Conexión a Teradata exitosa.
2026-07-01 09:06:05,646 - src.processor - INFO - Procesando: C_VEN_PRE_MIGCTWA_RCS para fecha 2026-07-01 en carpeta 20260701
2026-07-01 09:06:10,749 - src.processor - INFO - Registros encontrados: 46340
2026-07-01 09:06:10,805 - src.processor - INFO - Archivo generado: C_VEN_PRE_MIGCTWA260701_RCS.txt (46340 registros)
2026-07-01 09:06:10,807 - src.processor - INFO - Procesando: C_VEN_PRE_MIGCTWA_SL para fecha 2026-07-01 en carpeta 20260701
2026-07-01 09:06:15,559 - src.processor - INFO - Registros encontrados: 14968
2026-07-01 09:06:15,597 - src.processor - INFO - Archivo generado: C_VEN_PRE_MIGCTWA260701_SL.txt (14968 registros)
2026-07-01 09:06:15,599 - src.processor - INFO - Procesando: C_VEN_PRE_MIGCTWB_RCS para fecha 2026-07-01 en carpeta 20260701
2026-07-01 09:06:23,943 - src.processor - INFO - Registros encontrados: 130215
2026-07-01 09:06:24,144 - src.processor - INFO - Archivo generado: C_VEN_PRE_MIGCTWB260701_RCS.txt (130215 registros)
2026-07-01 09:06:24,145 - src.processor - INFO - Procesando: C_VEN_PRE_MIGCTWB_SL para fecha 2026-07-01 en carpeta 20260701
2026-07-01 09:06:30,319 - src.processor - INFO - Registros encontrados: 31062
2026-07-01 09:06:30,369 - src.processor - INFO - Archivo generado: C_VEN_PRE_MIGCTWB260701_SL.txt (31062 registros)
2026-07-01 09:06:30,372 - src.processor - INFO - Procesando: C_VEN_PRE_MIGCTWC_RCS para fecha 2026-07-01 en carpeta 20260701
2026-07-01 09:06:33,940 - src.processor - INFO - Registros encontrados: 4088
2026-07-01 09:06:33,950 - src.processor - INFO - Archivo generado: C_VEN_PRE_MIGCTWC260701_RCS.txt (4088 registros)
2026-07-01 09:06:33,952 - src.processor - INFO - Procesando: C_VEN_PRE_MIGCTWC_SL para fecha 2026-07-01 en carpeta 20260701
2026-07-01 09:06:38,100 - src.processor - INFO - Registros encontrados: 1210
2026-07-01 09:06:38,107 - src.processor - INFO - Archivo generado: C_VEN_PRE_MIGCTWC260701_SL.txt (1210 registros)
2026-07-01 09:06:38,111 - src.processor - INFO - Procesando: C_VEN_PRE_MIGFFT2_RCS para fecha 2026-07-01 en carpeta 20260701
2026-07-01 09:06:42,403 - src.processor - INFO - Registros encontrados: 0
2026-07-01 09:06:42,404 - src.processor - WARNING - Registros insuficientes (0) para C_VEN_PRE_MIGFFT2_RCS. Mínimo requerido: 50. Archivo NO generado.
2026-07-01 09:06:42,407 - src.processor - INFO - Procesando: C_VEN_PRE_MIGFFT2_SL para fecha 2026-07-01 en carpeta 20260701
2026-07-01 09:07:14,470 - src.processor - INFO - Registros encontrados: 766418
2026-07-01 09:07:15,268 - src.processor - INFO - Archivo generado: C_VEN_PRE_MIGFFT2260701_SL.txt (766418 registros)
2026-07-01 09:07:15,268 - src.processor - INFO - Procesando: C_VEN_PRE_MIGPMT1_WPP para fecha 2026-07-01 en carpeta 20260701
2026-07-01 09:07:19,046 - src.processor - INFO - Registros encontrados: 2935
2026-07-01 09:07:19,050 - src.processor - INFO - Archivo generado: C_VEN_PRE_MIGPMT1260701_WPP.txt (2935 registros)
2026-07-01 09:07:19,052 - src.processor - INFO - Procesando: C_VEN_PRE_MIGPMT2_WPP para fecha 2026-07-01 en carpeta 20260701
2026-07-01 09:07:22,386 - src.processor - INFO - Registros encontrados: 5064
2026-07-01 09:07:22,392 - src.processor - INFO - Archivo generado: C_VEN_PRE_MIGPMT2260701_WPP.txt (5064 registros)
2026-07-01 09:07:22,392 - src.processor - INFO - Procesando: C_VEN_PRE_MIGPMTB_RCS para fecha 2026-07-01 en carpeta 20260701
2026-07-01 09:07:32,019 - src.processor - INFO - Registros encontrados: 164718
2026-07-01 09:07:32,289 - src.processor - INFO - Archivo generado: C_VEN_PRE_MIGPMTB260701_RCS.txt (164718 registros)
2026-07-01 09:07:32,290 - src.processor - INFO - Procesando: C_VEN_PRE_MIGPMTD_SL para fecha 2026-07-01 en carpeta 20260701
2026-07-01 09:07:49,003 - src.processor - INFO - Registros encontrados: 357113
2026-07-01 09:07:49,371 - src.processor - INFO - Archivo generado: C_VEN_PRE_MIGPMTD260701_SL.txt (357113 registros)
2026-07-01 09:07:49,379 - src.processor - INFO - Procesando: C_VEN_PRE_MIGPMTE_SL para fecha 2026-07-01 en carpeta 20260701
2026-07-01 09:08:21,092 - src.processor - INFO - Registros encontrados: 766418
2026-07-01 09:08:21,924 - src.processor - INFO - Archivo generado: C_VEN_PRE_MIGPMTE260701_SL.txt (766418 registros)
2026-07-01 09:08:21,924 - src.processor - INFO - Procesando: C_VEN_PRE_MIGPMTF_SL para fecha 2026-07-01 en carpeta 20260701
2026-07-01 09:08:25,838 - src.processor - INFO - Registros encontrados: 2536
2026-07-01 09:08:25,844 - src.processor - INFO - Archivo generado: C_VEN_PRE_MIGPMTF260701_SL.txt (2536 registros)
2026-07-01 09:08:25,846 - src.processor - INFO - Procesando: C_VEN_PRE_PTBPMT1_SL para fecha 2026-07-01 en carpeta 20260701
2026-07-01 09:08:29,247 - src.processor - INFO - Registros encontrados: 0
2026-07-01 09:08:29,248 - src.processor - WARNING - Registros insuficientes (0) para C_VEN_PRE_PTBPMT1_SL. Mínimo requerido: 50. Archivo NO generado.
2026-07-01 09:08:29,475 - src.database - INFO - Conexión cerrada.
2026-07-01 09:08:29,475 - src.processor - INFO - Proceso finalizado.
2026-07-01 09:08:29,489 - Main - INFO - --- Ejecución completada exitosamente ---
2026-07-03 08:45:06,515 - Main - INFO - --- Iniciando Sistema de Generación de Audiencias ---
2026-07-03 08:45:06,536 - src.processor - INFO - Iniciando procesamiento de audiencias...
2026-07-03 08:45:06,549 - src.database - INFO - Intentando conectar a Teradata host: tdtvntg.claro.com.co...
2026-07-03 08:45:10,742 - src.database - INFO - Conexión a Teradata exitosa.
2026-07-03 08:45:10,742 - src.processor - INFO - Procesando: C_REN_POS_OTTPVCA_WPP para fecha 2026-07-03 en carpeta 20260703
2026-07-03 08:45:18,794 - src.processor - INFO - Registros encontrados: 15744
2026-07-03 08:45:18,817 - src.processor - INFO - Archivo generado: C_REN_POS_OTTPVCA260703_WPP.txt (15744 registros)
2026-07-03 08:45:18,817 - src.processor - INFO - Procesando: C_REN_POS_OTTPVCB_WPP para fecha 2026-07-03 en carpeta 20260703
2026-07-03 08:45:24,939 - src.processor - INFO - Registros encontrados: 15951
2026-07-03 08:45:24,962 - src.processor - INFO - Archivo generado: C_REN_POS_OTTPVCB260703_WPP.txt (15951 registros)
2026-07-03 08:45:25,314 - src.database - INFO - Conexión cerrada.
2026-07-03 08:45:25,315 - src.processor - INFO - Proceso finalizado.
2026-07-03 08:45:25,316 - Main - INFO - --- Ejecución completada exitosamente ---
2026-07-03 10:28:22,026 - Main - INFO - --- Iniciando Sistema de Generación de Audiencias ---
2026-07-03 10:28:22,055 - src.processor - INFO - Iniciando procesamiento de audiencias...
2026-07-03 10:28:22,062 - src.database - INFO - Intentando conectar a Teradata host: tdtvntg.claro.com.co...
2026-07-03 10:28:23,620 - src.database - INFO - Conexión a Teradata exitosa.
2026-07-03 10:28:23,627 - src.processor - INFO - Procesando: C_VEN_PRE_MIGCTWA_RCS para fecha 2026-07-03 en carpeta 20260703
2026-07-03 10:28:31,195 - src.processor - INFO - Registros encontrados: 43190
2026-07-03 10:28:31,243 - src.processor - INFO - Archivo generado: C_VEN_PRE_MIGCTWA260703_RCS.txt (43190 registros)
2026-07-03 10:28:31,248 - src.processor - INFO - Procesando: C_VEN_PRE_MIGCTWA_SL para fecha 2026-07-03 en carpeta 20260703
2026-07-03 10:28:39,846 - src.processor - INFO - Registros encontrados: 14534
2026-07-03 10:28:39,865 - src.processor - INFO - Archivo generado: C_VEN_PRE_MIGCTWA260703_SL.txt (14534 registros)
2026-07-03 10:28:39,868 - src.processor - INFO - Procesando: C_VEN_PRE_MIGCTWB_RCS para fecha 2026-07-03 en carpeta 20260703
2026-07-03 10:28:47,113 - src.processor - INFO - Registros encontrados: 121233
2026-07-03 10:28:47,252 - src.processor - INFO - Archivo generado: C_VEN_PRE_MIGCTWB260703_RCS.txt (121233 registros)
2026-07-03 10:28:47,254 - src.processor - INFO - Procesando: C_VEN_PRE_MIGCTWB_SL para fecha 2026-07-03 en carpeta 20260703
2026-07-03 10:28:53,828 - src.processor - INFO - Registros encontrados: 30415
2026-07-03 10:28:53,871 - src.processor - INFO - Archivo generado: C_VEN_PRE_MIGCTWB260703_SL.txt (30415 registros)
2026-07-03 10:28:53,873 - src.processor - INFO - Procesando: C_VEN_PRE_MIGCTWC_RCS para fecha 2026-07-03 en carpeta 20260703
2026-07-03 10:28:56,823 - src.processor - INFO - Registros encontrados: 3829
2026-07-03 10:28:56,836 - src.processor - INFO - Archivo generado: C_VEN_PRE_MIGCTWC260703_RCS.txt (3829 registros)
2026-07-03 10:28:56,848 - src.processor - INFO - Procesando: C_VEN_PRE_MIGCTWC_SL para fecha 2026-07-03 en carpeta 20260703
2026-07-03 10:29:01,786 - src.processor - INFO - Registros encontrados: 1218
2026-07-03 10:29:01,791 - src.processor - INFO - Archivo generado: C_VEN_PRE_MIGCTWC260703_SL.txt (1218 registros)
2026-07-03 10:29:01,793 - src.processor - INFO - Procesando: C_VEN_PRE_MIGFFT2_RCS para fecha 2026-07-03 en carpeta 20260703
2026-07-03 10:29:06,597 - src.processor - INFO - Registros encontrados: 0
2026-07-03 10:29:06,599 - src.processor - WARNING - Registros insuficientes (0) para C_VEN_PRE_MIGFFT2_RCS. Mínimo requerido: 50. Archivo NO generado.
2026-07-03 10:29:06,600 - src.processor - INFO - Procesando: C_VEN_PRE_MIGFFT2_SL para fecha 2026-07-03 en carpeta 20260703
2026-07-03 10:29:38,952 - src.processor - INFO - Registros encontrados: 768257
2026-07-03 10:29:39,767 - src.processor - INFO - Archivo generado: C_VEN_PRE_MIGFFT2260703_SL.txt (768257 registros)
2026-07-03 10:29:39,768 - src.processor - INFO - Procesando: C_VEN_PRE_MIGPMT1_WPP para fecha 2026-07-03 en carpeta 20260703
2026-07-03 10:29:44,017 - src.processor - INFO - Registros encontrados: 3070
2026-07-03 10:29:44,026 - src.processor - INFO - Archivo generado: C_VEN_PRE_MIGPMT1260703_WPP.txt (3070 registros)
2026-07-03 10:29:44,028 - src.processor - INFO - Procesando: C_VEN_PRE_MIGPMT2_WPP para fecha 2026-07-03 en carpeta 20260703
2026-07-03 10:29:46,230 - src.processor - INFO - Registros encontrados: 11288
2026-07-03 10:29:46,246 - src.processor - INFO - Archivo generado: C_VEN_PRE_MIGPMT2260703_WPP.txt (11288 registros)
2026-07-03 10:29:46,253 - src.processor - INFO - Procesando: C_VEN_PRE_MIGPMTB_RCS para fecha 2026-07-03 en carpeta 20260703
2026-07-03 10:29:55,324 - src.processor - INFO - Registros encontrados: 153875
2026-07-03 10:29:55,483 - src.processor - INFO - Archivo generado: C_VEN_PRE_MIGPMTB260703_RCS.txt (153875 registros)
2026-07-03 10:29:55,483 - src.processor - INFO - Procesando: C_VEN_PRE_MIGPMTD_SL para fecha 2026-07-03 en carpeta 20260703
2026-07-03 10:30:18,454 - src.processor - INFO - Registros encontrados: 502526
2026-07-03 10:30:19,061 - src.processor - INFO - Archivo generado: C_VEN_PRE_MIGPMTD260703_SL.txt (502526 registros)
2026-07-03 10:30:19,061 - src.processor - INFO - Procesando: C_VEN_PRE_MIGPMTE_SL para fecha 2026-07-03 en carpeta 20260703
2026-07-03 10:30:52,424 - src.processor - INFO - Registros encontrados: 768257
2026-07-03 10:30:53,246 - src.processor - INFO - Archivo generado: C_VEN_PRE_MIGPMTE260703_SL.txt (768257 registros)
2026-07-03 10:30:53,250 - src.processor - INFO - Procesando: C_VEN_PRE_MIGPMTF_SL para fecha 2026-07-03 en carpeta 20260703
2026-07-03 10:30:58,087 - src.processor - INFO - Registros encontrados: 15682
2026-07-03 10:30:58,108 - src.processor - INFO - Archivo generado: C_VEN_PRE_MIGPMTF260703_SL.txt (15682 registros)
2026-07-03 10:30:58,111 - src.processor - INFO - Procesando: C_VEN_PRE_PTBPMT1_SL para fecha 2026-07-03 en carpeta 20260703
2026-07-03 10:31:02,241 - src.processor - INFO - Registros encontrados: 0
2026-07-03 10:31:02,242 - src.processor - WARNING - Registros insuficientes (0) para C_VEN_PRE_PTBPMT1_SL. Mínimo requerido: 50. Archivo NO generado.
2026-07-03 10:31:02,290 - src.database - INFO - Conexión cerrada.
2026-07-03 10:31:02,291 - src.processor - INFO - Proceso finalizado.
2026-07-03 10:31:02,292 - Main - INFO - --- Ejecución completada exitosamente ---
2026-07-03 15:27:22,509 - Main - INFO - --- Iniciando Sistema de Generación de Audiencias ---
2026-07-03 15:27:22,525 - src.processor - INFO - Iniciando procesamiento de audiencias...
2026-07-03 15:27:22,549 - src.database - INFO - Intentando conectar a Teradata host: tdtvntg.claro.com.co...
2026-07-03 15:27:23,949 - src.database - INFO - Conexión a Teradata exitosa.
2026-07-03 15:27:23,955 - src.processor - INFO - Procesando: C_VEN_PRE_MIGCTWA_RCS para fecha 2026-07-03 en carpeta 20260703
2026-07-03 15:27:26,169 - src.processor - INFO - Registros encontrados: 43190
2026-07-03 15:27:31,263 - src.processor - INFO - Archivo omitido por el usuario: C_VEN_PRE_MIGCTWA260703_RCS.txt
2026-07-03 15:27:31,264 - src.processor - INFO - Procesando: C_VEN_PRE_MIGCTWA_SL para fecha 2026-07-03 en carpeta 20260703
2026-07-03 15:27:32,958 - src.processor - INFO - Registros encontrados: 14534
2026-07-03 15:28:22,027 - src.processor - INFO - Archivo omitido por el usuario: C_VEN_PRE_MIGCTWA260703_SL.txt
2026-07-03 15:28:22,028 - src.processor - INFO - Procesando: C_VEN_PRE_MIGCTWB_RCS para fecha 2026-07-03 en carpeta 20260703
2026-07-03 15:28:25,497 - src.processor - INFO - Registros encontrados: 121233
2026-07-03 15:28:30,911 - src.processor - INFO - Archivo omitido por el usuario: C_VEN_PRE_MIGCTWB260703_RCS.txt
2026-07-03 15:28:30,912 - src.processor - INFO - Procesando: C_VEN_PRE_MIGCTWB_SL para fecha 2026-07-03 en carpeta 20260703
2026-07-03 15:28:32,921 - src.processor - INFO - Registros encontrados: 30415
2026-07-03 15:28:34,992 - src.processor - INFO - Archivo omitido por el usuario: C_VEN_PRE_MIGCTWB260703_SL.txt
2026-07-03 15:28:34,993 - src.processor - INFO - Procesando: C_VEN_PRE_MIGCTWC_RCS para fecha 2026-07-03 en carpeta 20260703
2026-07-03 15:28:36,484 - src.processor - INFO - Registros encontrados: 3829
2026-07-03 15:28:40,316 - src.processor - INFO - Archivo omitido por el usuario: C_VEN_PRE_MIGCTWC260703_RCS.txt
2026-07-03 15:28:40,317 - src.processor - INFO - Procesando: C_VEN_PRE_MIGCTWC_SL para fecha 2026-07-03 en carpeta 20260703
2026-07-03 15:28:41,769 - src.processor - INFO - Registros encontrados: 1218
2026-07-03 15:28:43,223 - src.processor - INFO - Archivo omitido por el usuario: C_VEN_PRE_MIGCTWC260703_SL.txt
2026-07-03 15:28:43,224 - src.processor - INFO - Procesando: C_VEN_PRE_MIGFFT2_RCS para fecha 2026-07-03 en carpeta 20260703
2026-07-03 15:28:44,658 - src.processor - INFO - Registros encontrados: 0
2026-07-03 15:28:44,659 - src.processor - WARNING - Registros insuficientes (0) para C_VEN_PRE_MIGFFT2_RCS. Mínimo requerido: 50. Archivo NO generado.
2026-07-03 15:28:44,659 - src.processor - INFO - Procesando: C_VEN_PRE_MIGFFT2_SL para fecha 2026-07-03 en carpeta 20260703
2026-07-03 15:28:59,112 - src.processor - INFO - Registros encontrados: 768257
2026-07-03 15:28:59,844 - src.processor - INFO - Archivo omitido por el usuario: C_VEN_PRE_MIGFFT2260703_SL.txt
2026-07-03 15:28:59,845 - src.processor - INFO - Procesando: C_VEN_PRE_MIGPMT1_WPP para fecha 2026-07-03 en carpeta 20260703
2026-07-03 15:29:01,358 - src.processor - INFO - Registros encontrados: 3070
2026-07-03 15:29:02,110 - src.processor - INFO - Archivo omitido por el usuario: C_VEN_PRE_MIGPMT1260703_WPP.txt
2026-07-03 15:29:02,111 - src.processor - INFO - Procesando: C_VEN_PRE_MIGPMT2_WPP para fecha 2026-07-03 en carpeta 20260703
2026-07-03 15:29:03,738 - src.processor - INFO - Registros encontrados: 11288
2026-07-03 15:29:04,700 - src.processor - INFO - Archivo omitido por el usuario: C_VEN_PRE_MIGPMT2260703_WPP.txt
2026-07-03 15:29:04,701 - src.processor - INFO - Procesando: C_VEN_PRE_MIGPMTB_RCS para fecha 2026-07-03 en carpeta 20260703
2026-07-03 15:29:08,700 - src.processor - INFO - Registros encontrados: 153875
2026-07-03 15:29:09,448 - src.processor - INFO - Archivo omitido por el usuario: C_VEN_PRE_MIGPMTB260703_RCS.txt
2026-07-03 15:29:09,448 - src.processor - INFO - Procesando: C_VEN_PRE_MIGPMTD_SL para fecha 2026-07-03 en carpeta 20260703
2026-07-03 15:29:19,481 - src.processor - INFO - Registros encontrados: 502526
2026-07-03 15:29:20,196 - src.processor - INFO - Archivo omitido por el usuario: C_VEN_PRE_MIGPMTD260703_SL.txt
2026-07-03 15:29:20,197 - src.processor - INFO - Procesando: C_VEN_PRE_MIGPMTE_SL para fecha 2026-07-03 en carpeta 20260703
2026-07-03 15:29:34,869 - src.processor - INFO - Registros encontrados: 768257
2026-07-03 15:29:35,572 - src.processor - INFO - Archivo omitido por el usuario: C_VEN_PRE_MIGPMTE260703_SL.txt
2026-07-03 15:29:35,573 - src.processor - INFO - Procesando: C_VEN_PRE_MIGPMTF_SL para fecha 2026-07-03 en carpeta 20260703
2026-07-03 15:29:37,317 - src.processor - INFO - Registros encontrados: 15682
2026-07-03 15:29:38,473 - src.processor - INFO - Archivo omitido por el usuario: C_VEN_PRE_MIGPMTF260703_SL.txt
2026-07-03 15:29:38,474 - src.processor - INFO - Procesando: C_VEN_PRE_PTBPMT1_SL para fecha 2026-07-03 en carpeta 20260703
2026-07-03 15:29:39,927 - src.processor - INFO - Registros encontrados: 0
2026-07-03 15:29:39,927 - src.processor - WARNING - Registros insuficientes (0) para C_VEN_PRE_PTBPMT1_SL. Mínimo requerido: 50. Archivo NO generado.
2026-07-03 15:29:39,958 - src.database - INFO - Conexión cerrada.
2026-07-03 15:29:39,958 - src.processor - INFO - Proceso finalizado.
2026-07-03 15:29:39,959 - Main - INFO - --- Ejecución completada exitosamente ---
2026-07-03 15:29:46,361 - Main - INFO - --- Iniciando Sistema de Generación de Audiencias ---
2026-07-03 15:29:46,363 - src.processor - INFO - Iniciando procesamiento de audiencias...
2026-07-03 15:29:46,366 - src.database - INFO - Intentando conectar a Teradata host: tdtvntg.claro.com.co...
2026-07-03 15:29:47,696 - src.database - INFO - Conexión a Teradata exitosa.
2026-07-03 15:29:47,698 - src.processor - INFO - Procesando: C_VEN_PRE_MIGCTWA_RCS para fecha 2026-07-04 en carpeta 20260704
2026-07-03 15:29:49,938 - src.processor - INFO - Registros encontrados: 43188
2026-07-03 15:29:49,959 - src.processor - INFO - Archivo generado: C_VEN_PRE_MIGCTWA260704_RCS.txt (43188 registros)
2026-07-03 15:29:49,961 - src.processor - INFO - Procesando: C_VEN_PRE_MIGCTWA_SL para fecha 2026-07-04 en carpeta 20260704
2026-07-03 15:29:51,669 - src.processor - INFO - Registros encontrados: 14534
2026-07-03 15:29:51,678 - src.processor - INFO - Archivo generado: C_VEN_PRE_MIGCTWA260704_SL.txt (14534 registros)
2026-07-03 15:29:51,679 - src.processor - INFO - Procesando: C_VEN_PRE_MIGCTWB_RCS para fecha 2026-07-04 en carpeta 20260704
2026-07-03 15:29:55,277 - src.processor - INFO - Registros encontrados: 121225
2026-07-03 15:29:55,355 - src.processor - INFO - Archivo generado: C_VEN_PRE_MIGCTWB260704_RCS.txt (121225 registros)
2026-07-03 15:29:55,356 - src.processor - INFO - Procesando: C_VEN_PRE_MIGCTWB_SL para fecha 2026-07-04 en carpeta 20260704
2026-07-03 15:29:57,334 - src.processor - INFO - Registros encontrados: 30413
2026-07-03 15:29:57,350 - src.processor - INFO - Archivo generado: C_VEN_PRE_MIGCTWB260704_SL.txt (30413 registros)
2026-07-03 15:29:57,351 - src.processor - INFO - Procesando: C_VEN_PRE_MIGCTWC_RCS para fecha 2026-07-04 en carpeta 20260704
2026-07-03 15:29:58,849 - src.processor - INFO - Registros encontrados: 3828
2026-07-03 15:29:58,854 - src.processor - INFO - Archivo generado: C_VEN_PRE_MIGCTWC260704_RCS.txt (3828 registros)
2026-07-03 15:29:58,855 - src.processor - INFO - Procesando: C_VEN_PRE_MIGCTWC_SL para fecha 2026-07-04 en carpeta 20260704
2026-07-03 15:30:00,381 - src.processor - INFO - Registros encontrados: 1218
2026-07-03 15:30:00,385 - src.processor - INFO - Archivo generado: C_VEN_PRE_MIGCTWC260704_SL.txt (1218 registros)
2026-07-03 15:30:00,385 - src.processor - INFO - Procesando: C_VEN_PRE_MIGFFT1_RCS para fecha 2026-07-04 en carpeta 20260704
2026-07-03 15:30:01,870 - src.processor - INFO - Registros encontrados: 0
2026-07-03 15:30:01,871 - src.processor - WARNING - Registros insuficientes (0) para C_VEN_PRE_MIGFFT1_RCS. Mínimo requerido: 50. Archivo NO generado.
2026-07-03 15:30:01,872 - src.processor - INFO - Procesando: C_VEN_PRE_MIGFFT1_SL para fecha 2026-07-04 en carpeta 20260704
2026-07-03 15:30:33,000 - src.processor - INFO - Registros encontrados: 1615538
2026-07-03 15:30:33,762 - src.processor - INFO - Archivo generado: C_VEN_PRE_MIGFFT1260704_SL.txt (1615538 registros)
2026-07-03 15:30:33,763 - src.processor - INFO - Procesando: C_VEN_PRE_MIGPMT1_WPP para fecha 2026-07-04 en carpeta 20260704
2026-07-03 15:30:35,408 - src.processor - INFO - Registros encontrados: 3069
2026-07-03 15:30:35,411 - src.processor - INFO - Archivo generado: C_VEN_PRE_MIGPMT1260704_WPP.txt (3069 registros)
2026-07-03 15:30:35,412 - src.processor - INFO - Procesando: C_VEN_PRE_MIGPMT2_WPP para fecha 2026-07-04 en carpeta 20260704
2026-07-03 15:30:37,187 - src.processor - INFO - Registros encontrados: 11286
2026-07-03 15:30:37,194 - src.processor - INFO - Archivo generado: C_VEN_PRE_MIGPMT2260704_WPP.txt (11286 registros)
2026-07-03 15:30:37,195 - src.processor - INFO - Procesando: C_VEN_PRE_MIGPMTA_RCS para fecha 2026-07-04 en carpeta 20260704
2026-07-03 15:30:41,581 - src.processor - INFO - Registros encontrados: 153868
2026-07-03 15:30:41,661 - src.processor - INFO - Archivo generado: C_VEN_PRE_MIGPMTA260704_RCS.txt (153868 registros)
2026-07-03 15:30:41,662 - src.processor - INFO - Procesando: C_VEN_PRE_MIGPMTA_SL para fecha 2026-07-04 en carpeta 20260704
2026-07-03 15:31:13,777 - src.processor - INFO - Registros encontrados: 1536122
2026-07-03 15:31:14,716 - src.processor - INFO - Archivo generado: C_VEN_PRE_MIGPMTA260704_SL.txt (1536122 registros)
2026-07-03 15:31:14,717 - src.processor - INFO - Procesando: C_VEN_PRE_MIGPMTB_SL para fecha 2026-07-04 en carpeta 20260704
2026-07-03 15:31:26,971 - src.processor - INFO - Registros encontrados: 502465
2026-07-03 15:31:27,244 - src.processor - INFO - Archivo generado: C_VEN_PRE_MIGPMTB260704_SL.txt (502465 registros)
2026-07-03 15:31:27,245 - src.processor - INFO - Procesando: C_VEN_PRE_MIGPMTC_SL para fecha 2026-07-04 en carpeta 20260704
2026-07-03 15:31:29,062 - src.processor - INFO - Registros encontrados: 15680
2026-07-03 15:31:29,072 - src.processor - INFO - Archivo generado: C_VEN_PRE_MIGPMTC260704_SL.txt (15680 registros)
2026-07-03 15:31:29,074 - src.processor - INFO - Procesando: C_VEN_PRE_PTBPMT1_SL para fecha 2026-07-04 en carpeta 20260704
2026-07-03 15:31:31,016 - src.processor - INFO - Registros encontrados: 0
2026-07-03 15:31:31,016 - src.processor - WARNING - Registros insuficientes (0) para C_VEN_PRE_PTBPMT1_SL. Mínimo requerido: 50. Archivo NO generado.
2026-07-03 15:31:31,048 - src.database - INFO - Conexión cerrada.
2026-07-03 15:31:31,048 - src.processor - INFO - Proceso finalizado.
2026-07-03 15:31:31,048 - Main - INFO - --- Ejecución completada exitosamente ---
2026-07-03 17:44:10,681 - Main - INFO - --- Iniciando Sistema de Generación de Audiencias ---
2026-07-03 17:44:10,696 - src.processor - INFO - Iniciando procesamiento de audiencias...
2026-07-03 17:44:10,701 - src.database - INFO - Intentando conectar a Teradata host: tdtvntg.claro.com.co...
2026-07-03 17:44:12,525 - src.database - INFO - Conexión a Teradata exitosa.
2026-07-03 17:44:12,529 - src.processor - INFO - Procesando: C_REN_HOG_CNPHOHP_RCS para fecha 2026-07-06 en carpeta 20260706
2026-07-03 17:44:14,046 - src.processor - INFO - Registros encontrados: 0
2026-07-03 17:44:14,046 - src.processor - WARNING - Registros insuficientes (0) para C_REN_HOG_CNPHOHP_RCS. Mínimo requerido: 50. Archivo NO generado.
2026-07-03 17:44:14,047 - src.processor - INFO - Procesando: C_REN_HOG_CNPOBJL_SL para fecha 2026-07-06 en carpeta 20260706
2026-07-03 17:44:18,310 - src.processor - INFO - Registros encontrados: 159743
2026-07-03 17:44:18,393 - src.processor - INFO - Archivo generado: C_REN_HOG_CNPOBJL260706_SL.txt (159743 registros)
2026-07-03 17:44:18,394 - src.processor - INFO - Procesando: C_REN_HOG_CNPSCJL_RCS para fecha 2026-07-06 en carpeta 20260706
2026-07-03 17:44:20,038 - src.processor - INFO - Registros encontrados: 9839
2026-07-03 17:44:20,049 - src.processor - INFO - Archivo generado: C_REN_HOG_CNPSCJL260706_RCS.txt (9839 registros)
2026-07-03 17:44:20,051 - src.processor - INFO - Procesando: C_REN_HOG_CNPWFJL_SL para fecha 2026-07-06 en carpeta 20260706
2026-07-03 17:44:24,586 - src.processor - INFO - Registros encontrados: 169537
2026-07-03 17:44:24,677 - src.processor - INFO - Archivo generado: C_REN_HOG_CNPWFJL260706_SL.txt (169537 registros)
2026-07-03 17:44:24,679 - src.processor - INFO - Procesando: C_REN_HOG_OTTHGHG_RCS para fecha 2026-07-06 en carpeta 20260706
2026-07-03 17:44:26,170 - src.processor - INFO - Registros encontrados: 1690
2026-07-03 17:44:26,172 - src.processor - INFO - Archivo generado: C_REN_HOG_OTTHGHG260706_RCS.txt (1690 registros)
2026-07-03 17:44:26,173 - src.processor - INFO - Procesando: C_REN_HOG_OTTHGOI_S0 para fecha 2026-07-06 en carpeta 20260706
2026-07-03 17:44:29,311 - src.processor - INFO - Registros encontrados: 89981
2026-07-03 17:44:29,364 - src.processor - INFO - Archivo generado: C_REN_HOG_OTTHGOI260706_S0.txt (89981 registros)
2026-07-03 17:44:29,366 - src.processor - INFO - Procesando: C_REN_HOG_OTTWPWP_RCS para fecha 2026-07-06 en carpeta 20260706
2026-07-03 17:44:32,411 - src.processor - INFO - Registros encontrados: 82994
2026-07-03 17:44:32,455 - src.processor - INFO - Archivo generado: C_REN_HOG_OTTWPWP260706_RCS.txt (82994 registros)
2026-07-03 17:44:32,456 - src.processor - INFO - Procesando: C_REN_HOG_OTTWPWP_SL para fecha 2026-07-06 en carpeta 20260706
2026-07-03 17:44:33,935 - src.processor - INFO - Registros encontrados: 0
2026-07-03 17:44:33,935 - src.processor - WARNING - Registros insuficientes (0) para C_REN_HOG_OTTWPWP_SL. Mínimo requerido: 50. Archivo NO generado.
2026-07-03 17:44:33,936 - src.processor - INFO - Procesando: C_REN_POS_OTTDC2S_AP para fecha 2026-07-06 en carpeta 20260706
2026-07-03 17:44:48,721 - src.processor - INFO - Registros encontrados: 590832
2026-07-03 17:44:49,105 - src.processor - INFO - Archivo generado: C_REN_POS_OTTDC2S260706_AP.txt (590832 registros)
2026-07-03 17:44:49,106 - src.processor - INFO - Procesando: C_REN_POS_OTTHGHG_SL para fecha 2026-07-06 en carpeta 20260706
2026-07-03 17:44:50,921 - src.processor - INFO - Registros encontrados: 1960
2026-07-03 17:44:50,925 - src.processor - INFO - Archivo generado: C_REN_POS_OTTHGHG260706_SL.txt (1960 registros)
2026-07-03 17:44:50,926 - src.processor - INFO - Procesando: C_REN_POS_OTTHGOI_S0 para fecha 2026-07-06 en carpeta 20260706
2026-07-03 17:44:59,407 - src.processor - INFO - Registros encontrados: 385667
2026-07-03 17:44:59,620 - src.processor - INFO - Archivo generado: C_REN_POS_OTTHGOI260706_S0.txt (385667 registros)
2026-07-03 17:44:59,621 - src.processor - INFO - Procesando: C_REN_POS_OTTHMCD_RCS para fecha 2026-07-06 en carpeta 20260706
2026-07-03 17:45:01,154 - src.processor - INFO - Registros encontrados: 1325
2026-07-03 17:45:01,157 - src.processor - INFO - Archivo generado: C_REN_POS_OTTHMCD260706_RCS.txt (1325 registros)
2026-07-03 17:45:01,158 - src.processor - INFO - Procesando: C_REN_POS_OTTHMCD_SL para fecha 2026-07-06 en carpeta 20260706
2026-07-03 17:45:03,958 - src.processor - INFO - Registros encontrados: 69378
2026-07-03 17:45:03,995 - src.processor - INFO - Archivo generado: C_REN_POS_OTTHMCD260706_SL.txt (69378 registros)
2026-07-03 17:45:03,996 - src.processor - INFO - Procesando: C_REN_POS_OTTHMCP_AP para fecha 2026-07-06 en carpeta 20260706
2026-07-03 17:45:15,457 - src.processor - INFO - Registros encontrados: 533463
2026-07-03 17:45:15,738 - src.processor - INFO - Archivo generado: C_REN_POS_OTTHMCP260706_AP.txt (533463 registros)
2026-07-03 17:45:15,739 - src.processor - INFO - Procesando: C_REN_POS_OTTHMHM_SL para fecha 2026-07-06 en carpeta 20260706
2026-07-03 17:45:17,616 - src.processor - INFO - Registros encontrados: 19497
2026-07-03 17:45:17,628 - src.processor - INFO - Archivo generado: C_REN_POS_OTTHMHM260706_SL.txt (19497 registros)
2026-07-03 17:45:17,629 - src.processor - INFO - Procesando: C_REN_POS_OTTNEHS_RCS para fecha 2026-07-06 en carpeta 20260706
2026-07-03 17:45:21,109 - src.processor - INFO - Registros encontrados: 107331
2026-07-03 17:45:21,175 - src.processor - INFO - Archivo generado: C_REN_POS_OTTNEHS260706_RCS.txt (107331 registros)
2026-07-03 17:45:21,176 - src.processor - INFO - Procesando: C_REN_POS_OTTNENH_IP para fecha 2026-07-06 en carpeta 20260706
2026-07-03 17:45:37,671 - src.processor - INFO - Registros encontrados: 694727
2026-07-03 17:45:38,166 - src.processor - INFO - Archivo generado: C_REN_POS_OTTNENH260706_IP.txt (694727 registros)
2026-07-03 17:45:38,167 - src.processor - INFO - Procesando: C_REN_POS_OTTNENH_RCS para fecha 2026-07-06 en carpeta 20260706
2026-07-03 17:45:45,708 - src.processor - INFO - Registros encontrados: 297221
2026-07-03 17:45:45,922 - src.processor - INFO - Archivo generado: C_REN_POS_OTTNENH260706_RCS.txt (297221 registros)
2026-07-03 17:45:45,924 - src.processor - INFO - Procesando: C_REN_POS_OTTNENH_SL para fecha 2026-07-06 en carpeta 20260706
2026-07-03 17:46:06,032 - src.processor - INFO - Registros encontrados: 977612
2026-07-03 17:46:06,563 - src.processor - INFO - Archivo generado: C_REN_POS_OTTNENH260706_SL.txt (977612 registros)
2026-07-03 17:46:06,565 - src.processor - INFO - Procesando: C_REN_POS_OTTPVCA_WPP para fecha 2026-07-06 en carpeta 20260706
2026-07-03 17:46:08,513 - src.processor - INFO - Registros encontrados: 14924
2026-07-03 17:46:08,531 - src.processor - INFO - Archivo generado: C_REN_POS_OTTPVCA260706_WPP.txt (14924 registros)
2026-07-03 17:46:08,533 - src.processor - INFO - Procesando: C_REN_POS_OTTPVCB_WPP para fecha 2026-07-06 en carpeta 20260706
2026-07-03 17:46:10,349 - src.processor - INFO - Registros encontrados: 14731
2026-07-03 17:46:10,358 - src.processor - INFO - Archivo generado: C_REN_POS_OTTPVCB260706_WPP.txt (14731 registros)
2026-07-03 17:46:10,402 - src.database - INFO - Conexión cerrada.
2026-07-03 17:46:10,403 - src.processor - INFO - Proceso finalizado.
2026-07-03 17:46:10,404 - Main - INFO - --- Ejecución completada exitosamente ---
2026-07-03 17:49:15,946 - Main - INFO - --- Iniciando Sistema de Generación de Audiencias ---
2026-07-03 17:49:15,948 - src.processor - INFO - Iniciando procesamiento de audiencias...
2026-07-03 17:49:15,952 - src.database - INFO - Intentando conectar a Teradata host: tdtvntg.claro.com.co...
2026-07-03 17:49:19,338 - src.database - INFO - Conexión a Teradata exitosa.
2026-07-03 17:49:19,341 - src.processor - INFO - Procesando: C_REN_POS_OTTPVCA_WPP para fecha 2026-07-06 en carpeta 20260706
2026-07-03 17:49:21,128 - src.processor - INFO - Registros encontrados: 15924
2026-07-03 17:49:23,197 - src.processor - INFO - Archivo generado: C_REN_POS_OTTPVCA260706_WPP.txt (15924 registros)
2026-07-03 17:49:23,198 - src.processor - INFO - Procesando: C_REN_POS_OTTPVCB_WPP para fecha 2026-07-06 en carpeta 20260706
2026-07-03 17:49:24,974 - src.processor - INFO - Registros encontrados: 15731
2026-07-03 17:49:26,549 - src.processor - INFO - Archivo generado: C_REN_POS_OTTPVCB260706_WPP.txt (15731 registros)
2026-07-03 17:49:26,571 - src.database - INFO - Conexión cerrada.
2026-07-03 17:49:26,572 - src.processor - INFO - Proceso finalizado.
2026-07-03 17:49:26,573 - Main - INFO - --- Ejecución completada exitosamente ---
2026-07-07 13:56:40,415 - Main - INFO - --- Iniciando Sistema de Generación de Audiencias ---
2026-07-07 13:56:40,427 - src.processor - INFO - Iniciando procesamiento de audiencias...
2026-07-07 13:56:40,432 - src.database - INFO - Intentando conectar a Teradata host: tdtvntg.claro.com.co...
2026-07-07 13:56:44,270 - src.database - INFO - Conexión a Teradata exitosa.
2026-07-07 13:56:44,272 - src.processor - INFO - Procesando: N_AUT_HOG_USOCBHS_AP para fecha 2026-07-07 en carpeta 20260707
2026-07-07 13:56:49,258 - src.processor - INFO - Registros encontrados: 148914
